arm,is_forgery,doc_type,file,n_revisions,modified_after_creation,n_fonts,flagged
genuine,False,invoice,genuine/invoices/invoice_001.pdf,1,False,2,False
genuine,False,invoice,genuine/invoices/invoice_002.pdf,1,False,3,False
genuine,False,invoice,genuine/invoices/invoice_003.pdf,1,False,2,False
genuine,False,invoice,genuine/invoices/invoice_004.pdf,1,False,2,False
genuine,False,invoice,genuine/invoices/invoice_005.pdf,1,False,3,False
genuine,False,invoice,genuine/invoices/invoice_006.pdf,1,False,2,False
genuine,False,invoice,genuine/invoices/invoice_007.pdf,1,False,3,False
genuine,False,invoice,genuine/invoices/invoice_008.pdf,1,False,2,False
genuine,False,invoice,genuine/invoices/invoice_009.pdf,1,False,3,False
genuine,False,invoice,genuine/invoices/invoice_010.pdf,1,False,3,False
genuine,False,invoice,genuine/invoices/invoice_011.pdf,1,False,2,False
genuine,False,invoice,genuine/invoices/invoice_012.pdf,1,False,2,False
genuine,False,invoice,genuine/invoices/invoice_013.pdf,1,False,2,False
genuine,False,invoice,genuine/invoices/invoice_014.pdf,1,False,2,False
genuine,False,invoice,genuine/invoices/invoice_015.pdf,1,False,3,False
genuine,False,invoice,genuine/invoices/invoice_016.pdf,1,False,3,False
genuine,False,invoice,genuine/invoices/invoice_017.pdf,1,False,2,False
genuine,False,invoice,genuine/invoices/invoice_018.pdf,1,False,3,False
genuine,False,invoice,genuine/invoices/invoice_019.pdf,1,False,3,False
genuine,False,invoice,genuine/invoices/invoice_020.pdf,1,False,3,False
genuine,False,invoice,genuine/invoices/invoice_021.pdf,1,False,3,False
genuine,False,invoice,genuine/invoices/invoice_022.pdf,1,False,3,False
genuine,False,invoice,genuine/invoices/invoice_023.pdf,1,False,3,False
genuine,False,invoice,genuine/invoices/invoice_024.pdf,1,False,2,False
genuine,False,invoice,genuine/invoices/invoice_025.pdf,1,False,2,False
genuine,False,invoice,genuine/invoices/invoice_026.pdf,1,False,3,False
genuine,False,invoice,genuine/invoices/invoice_027.pdf,1,False,3,False
genuine,False,invoice,genuine/invoices/invoice_028.pdf,1,False,3,False
genuine,False,invoice,genuine/invoices/invoice_029.pdf,1,False,3,False
genuine,False,invoice,genuine/invoices/invoice_030.pdf,1,False,2,False
genuine,False,invoice,genuine/invoices/invoice_031.pdf,1,False,3,False
genuine,False,invoice,genuine/invoices/invoice_032.pdf,1,False,3,False
genuine,False,invoice,genuine/invoices/invoice_033.pdf,1,False,3,False
genuine,False,invoice,genuine/invoices/invoice_034.pdf,1,False,2,False
genuine,False,invoice,genuine/invoices/invoice_035.pdf,1,False,3,False
genuine,False,invoice,genuine/invoices/invoice_036.pdf,1,False,3,False
genuine,False,invoice,genuine/invoices/invoice_037.pdf,1,False,2,False
genuine,False,invoice,genuine/invoices/invoice_038.pdf,1,False,3,False
genuine,False,invoice,genuine/invoices/invoice_039.pdf,1,False,3,False
genuine,False,invoice,genuine/invoices/invoice_040.pdf,1,False,3,False
genuine,False,invoice,genuine/invoices/invoice_041.pdf,1,False,3,False
genuine,False,invoice,genuine/invoices/invoice_042.pdf,1,False,3,False
genuine,False,invoice,genuine/invoices/invoice_043.pdf,1,False,3,False
genuine,False,invoice,genuine/invoices/invoice_044.pdf,1,False,3,False
genuine,False,invoice,genuine/invoices/invoice_045.pdf,1,False,2,False
genuine,False,invoice,genuine/invoices/invoice_046.pdf,1,False,3,False
genuine,False,invoice,genuine/invoices/invoice_047.pdf,1,False,3,False
genuine,False,invoice,genuine/invoices/invoice_048.pdf,1,False,3,False
genuine,False,invoice,genuine/invoices/invoice_049.pdf,1,False,3,False
genuine,False,invoice,genuine/invoices/invoice_050.pdf,1,False,3,False
genuine,False,invoice,genuine/invoices/invoice_051.pdf,1,False,3,False
genuine,False,invoice,genuine/invoices/invoice_052.pdf,1,False,3,False
genuine,False,invoice,genuine/invoices/invoice_053.pdf,1,False,2,False
genuine,False,invoice,genuine/invoices/invoice_054.pdf,1,False,2,False
genuine,False,invoice,genuine/invoices/invoice_055.pdf,1,False,3,False
genuine,False,invoice,genuine/invoices/invoice_056.pdf,1,False,3,False
genuine,False,invoice,genuine/invoices/invoice_057.pdf,1,False,3,False
genuine,False,invoice,genuine/invoices/invoice_058.pdf,1,False,3,False
genuine,False,invoice,genuine/invoices/invoice_059.pdf,1,False,3,False
genuine,False,invoice,genuine/invoices/invoice_060.pdf,1,False,3,False
genuine,False,invoice,genuine/invoices/invoice_061.pdf,1,False,2,False
genuine,False,invoice,genuine/invoices/invoice_062.pdf,1,False,2,False
genuine,False,invoice,genuine/invoices/invoice_063.pdf,1,False,3,False
genuine,False,invoice,genuine/invoices/invoice_064.pdf,1,False,3,False
genuine,False,invoice,genuine/invoices/invoice_065.pdf,1,False,3,False
genuine,False,invoice,genuine/invoices/invoice_066.pdf,1,False,3,False
genuine,False,invoice,genuine/invoices/invoice_067.pdf,1,False,3,False
genuine,False,invoice,genuine/invoices/invoice_068.pdf,1,False,3,False
genuine,False,invoice,genuine/invoices/invoice_069.pdf,1,False,3,False
genuine,False,invoice,genuine/invoices/invoice_070.pdf,1,False,2,False
genuine,False,invoice,genuine/invoices/invoice_071.pdf,1,False,3,False
genuine,False,invoice,genuine/invoices/invoice_072.pdf,1,False,3,False
genuine,False,invoice,genuine/invoices/invoice_073.pdf,1,False,2,False
genuine,False,invoice,genuine/invoices/invoice_074.pdf,1,False,3,False
genuine,False,invoice,genuine/invoices/invoice_075.pdf,1,False,3,False
genuine,False,invoice,genuine/invoices/invoice_076.pdf,1,False,2,False
genuine,False,invoice,genuine/invoices/invoice_077.pdf,1,False,3,False
genuine,False,invoice,genuine/invoices/invoice_078.pdf,1,False,3,False
genuine,False,invoice,genuine/invoices/invoice_079.pdf,1,False,3,False
genuine,False,invoice,genuine/invoices/invoice_080.pdf,1,False,3,False
genuine,False,invoice,genuine/invoices/invoice_081.pdf,1,False,3,False
genuine,False,invoice,genuine/invoices/invoice_082.pdf,1,False,3,False
genuine,False,invoice,genuine/invoices/invoice_083.pdf,1,False,2,False
genuine,False,invoice,genuine/invoices/invoice_084.pdf,1,False,3,False
genuine,False,invoice,genuine/invoices/invoice_085.pdf,1,False,3,False
genuine,False,invoice,genuine/invoices/invoice_086.pdf,1,False,3,False
genuine,False,invoice,genuine/invoices/invoice_087.pdf,1,False,3,False
genuine,False,invoice,genuine/invoices/invoice_088.pdf,1,False,2,False
genuine,False,invoice,genuine/invoices/invoice_089.pdf,1,False,3,False
genuine,False,invoice,genuine/invoices/invoice_090.pdf,1,False,3,False
genuine,False,invoice,genuine/invoices/invoice_091.pdf,1,False,3,False
genuine,False,invoice,genuine/invoices/invoice_092.pdf,1,False,3,False
genuine,False,invoice,genuine/invoices/invoice_093.pdf,1,False,3,False
genuine,False,invoice,genuine/invoices/invoice_094.pdf,1,False,3,False
genuine,False,invoice,genuine/invoices/invoice_095.pdf,1,False,2,False
genuine,False,invoice,genuine/invoices/invoice_096.pdf,1,False,2,False
genuine,False,invoice,genuine/invoices/invoice_097.pdf,1,False,2,False
genuine,False,invoice,genuine/invoices/invoice_098.pdf,1,False,3,False
genuine,False,invoice,genuine/invoices/invoice_099.pdf,1,False,2,False
genuine,False,invoice,genuine/invoices/invoice_100.pdf,1,False,3,False
genuine,False,invoice,genuine/invoices/invoice_1000.pdf,1,False,3,False
genuine,False,invoice,genuine/invoices/invoice_101.pdf,1,False,3,False
genuine,False,invoice,genuine/invoices/invoice_102.pdf,1,False,2,False
genuine,False,invoice,genuine/invoices/invoice_103.pdf,1,False,3,False
genuine,False,invoice,genuine/invoices/invoice_104.pdf,1,False,3,False
genuine,False,invoice,genuine/invoices/invoice_105.pdf,1,False,3,False
genuine,False,invoice,genuine/invoices/invoice_106.pdf,1,False,3,False
genuine,False,invoice,genuine/invoices/invoice_107.pdf,1,False,3,False
genuine,False,invoice,genuine/invoices/invoice_108.pdf,1,False,3,False
genuine,False,invoice,genuine/invoices/invoice_109.pdf,1,False,3,False
genuine,False,invoice,genuine/invoices/invoice_110.pdf,1,False,2,False
genuine,False,invoice,genuine/invoices/invoice_111.pdf,1,False,3,False
genuine,False,invoice,genuine/invoices/invoice_112.pdf,1,False,3,False
genuine,False,invoice,genuine/invoices/invoice_113.pdf,1,False,3,False
genuine,False,invoice,genuine/invoices/invoice_114.pdf,1,False,3,False
genuine,False,invoice,genuine/invoices/invoice_115.pdf,1,False,3,False
genuine,False,invoice,genuine/invoices/invoice_116.pdf,1,False,3,False
genuine,False,invoice,genuine/invoices/invoice_117.pdf,1,False,3,False
genuine,False,invoice,genuine/invoices/invoice_118.pdf,1,False,3,False
genuine,False,invoice,genuine/invoices/invoice_119.pdf,1,False,3,False
genuine,False,invoice,genuine/invoices/invoice_120.pdf,1,False,2,False
genuine,False,invoice,genuine/invoices/invoice_121.pdf,1,False,2,False
genuine,False,invoice,genuine/invoices/invoice_122.pdf,1,False,3,False
genuine,False,invoice,genuine/invoices/invoice_123.pdf,1,False,3,False
genuine,False,invoice,genuine/invoices/invoice_124.pdf,1,False,2,False
genuine,False,invoice,genuine/invoices/invoice_125.pdf,1,False,2,False
genuine,False,invoice,genuine/invoices/invoice_126.pdf,1,False,3,False
genuine,False,invoice,genuine/invoices/invoice_127.pdf,1,False,2,False
genuine,False,invoice,genuine/invoices/invoice_128.pdf,1,False,3,False
genuine,False,invoice,genuine/invoices/invoice_129.pdf,1,False,3,False
genuine,False,invoice,genuine/invoices/invoice_130.pdf,1,False,3,False
genuine,False,invoice,genuine/invoices/invoice_131.pdf,1,False,3,False
genuine,False,invoice,genuine/invoices/invoice_132.pdf,1,False,2,False
genuine,False,invoice,genuine/invoices/invoice_133.pdf,1,False,3,False
genuine,False,invoice,genuine/invoices/invoice_134.pdf,1,False,3,False
genuine,False,invoice,genuine/invoices/invoice_135.pdf,1,False,2,False
genuine,False,invoice,genuine/invoices/invoice_136.pdf,1,False,3,False
genuine,False,invoice,genuine/invoices/invoice_137.pdf,1,False,2,False
genuine,False,invoice,genuine/invoices/invoice_138.pdf,1,False,3,False
genuine,False,invoice,genuine/invoices/invoice_139.pdf,1,False,3,False
genuine,False,invoice,genuine/invoices/invoice_140.pdf,1,False,3,False
genuine,False,invoice,genuine/invoices/invoice_141.pdf,1,False,3,False
genuine,False,invoice,genuine/invoices/invoice_142.pdf,1,False,3,False
genuine,False,invoice,genuine/invoices/invoice_143.pdf,1,False,3,False
genuine,False,invoice,genuine/invoices/invoice_144.pdf,1,False,2,False
genuine,False,invoice,genuine/invoices/invoice_145.pdf,1,False,3,False
genuine,False,invoice,genuine/invoices/invoice_146.pdf,1,False,2,False
genuine,False,invoice,genuine/invoices/invoice_147.pdf,1,False,3,False
genuine,False,invoice,genuine/invoices/invoice_148.pdf,1,False,2,False
genuine,False,invoice,genuine/invoices/invoice_149.pdf,1,False,3,False
genuine,False,invoice,genuine/invoices/invoice_150.pdf,1,False,3,False
genuine,False,invoice,genuine/invoices/invoice_151.pdf,1,False,3,False
genuine,False,invoice,genuine/invoices/invoice_152.pdf,1,False,3,False
genuine,False,invoice,genuine/invoices/invoice_153.pdf,1,False,3,False
genuine,False,invoice,genuine/invoices/invoice_154.pdf,1,False,3,False
genuine,False,invoice,genuine/invoices/invoice_155.pdf,1,False,3,False
genuine,False,invoice,genuine/invoices/invoice_156.pdf,1,False,3,False
genuine,False,invoice,genuine/invoices/invoice_157.pdf,1,False,3,False
genuine,False,invoice,genuine/invoices/invoice_158.pdf,1,False,3,False
genuine,False,invoice,genuine/invoices/invoice_159.pdf,1,False,3,False
genuine,False,invoice,genuine/invoices/invoice_160.pdf,1,False,2,False
genuine,False,invoice,genuine/invoices/invoice_161.pdf,1,False,3,False
genuine,False,invoice,genuine/invoices/invoice_162.pdf,1,False,2,False
genuine,False,invoice,genuine/invoices/invoice_163.pdf,1,False,3,False
genuine,False,invoice,genuine/invoices/invoice_164.pdf,1,False,2,False
genuine,False,invoice,genuine/invoices/invoice_165.pdf,1,False,3,False
genuine,False,invoice,genuine/invoices/invoice_166.pdf,1,False,3,False
genuine,False,invoice,genuine/invoices/invoice_167.pdf,1,False,3,False
genuine,False,invoice,genuine/invoices/invoice_168.pdf,1,False,3,False
genuine,False,invoice,genuine/invoices/invoice_169.pdf,1,False,3,False
genuine,False,invoice,genuine/invoices/invoice_170.pdf,1,False,2,False
genuine,False,invoice,genuine/invoices/invoice_171.pdf,1,False,3,False
genuine,False,invoice,genuine/invoices/invoice_172.pdf,1,False,3,False
genuine,False,invoice,genuine/invoices/invoice_173.pdf,1,False,3,False
genuine,False,invoice,genuine/invoices/invoice_174.pdf,1,False,2,False
genuine,False,invoice,genuine/invoices/invoice_175.pdf,1,False,3,False
genuine,False,invoice,genuine/invoices/invoice_176.pdf,1,False,3,False
genuine,False,invoice,genuine/invoices/invoice_177.pdf,1,False,3,False
genuine,False,invoice,genuine/invoices/invoice_178.pdf,1,False,3,False
genuine,False,invoice,genuine/invoices/invoice_179.pdf,1,False,3,False
genuine,False,invoice,genuine/invoices/invoice_180.pdf,1,False,3,False
genuine,False,invoice,genuine/invoices/invoice_181.pdf,1,False,3,False
genuine,False,invoice,genuine/invoices/invoice_182.pdf,1,False,3,False
genuine,False,invoice,genuine/invoices/invoice_183.pdf,1,False,3,False
genuine,False,invoice,genuine/invoices/invoice_184.pdf,1,False,3,False
genuine,False,invoice,genuine/invoices/invoice_185.pdf,1,False,2,False
genuine,False,invoice,genuine/invoices/invoice_186.pdf,1,False,3,False
genuine,False,invoice,genuine/invoices/invoice_187.pdf,1,False,3,False
genuine,False,invoice,genuine/invoices/invoice_188.pdf,1,False,3,False
genuine,False,invoice,genuine/invoices/invoice_189.pdf,1,False,3,False
genuine,False,invoice,genuine/invoices/invoice_190.pdf,1,False,3,False
genuine,False,invoice,genuine/invoices/invoice_191.pdf,1,False,3,False
genuine,False,invoice,genuine/invoices/invoice_192.pdf,1,False,3,False
genuine,False,invoice,genuine/invoices/invoice_193.pdf,1,False,2,False
genuine,False,invoice,genuine/invoices/invoice_194.pdf,1,False,3,False
genuine,False,invoice,genuine/invoices/invoice_195.pdf,1,False,3,False
genuine,False,invoice,genuine/invoices/invoice_196.pdf,1,False,3,False
genuine,False,invoice,genuine/invoices/invoice_197.pdf,1,False,3,False
genuine,False,invoice,genuine/invoices/invoice_198.pdf,1,False,3,False
genuine,False,invoice,genuine/invoices/invoice_199.pdf,1,False,3,False
genuine,False,invoice,genuine/invoices/invoice_200.pdf,1,False,3,False
genuine,False,invoice,genuine/invoices/invoice_201.pdf,1,False,3,False
genuine,False,invoice,genuine/invoices/invoice_202.pdf,1,False,3,False
genuine,False,invoice,genuine/invoices/invoice_203.pdf,1,False,3,False
genuine,False,invoice,genuine/invoices/invoice_204.pdf,1,False,3,False
genuine,False,invoice,genuine/invoices/invoice_205.pdf,1,False,3,False
genuine,False,invoice,genuine/invoices/invoice_206.pdf,1,False,3,False
genuine,False,invoice,genuine/invoices/invoice_207.pdf,1,False,2,False
genuine,False,invoice,genuine/invoices/invoice_208.pdf,1,False,3,False
genuine,False,invoice,genuine/invoices/invoice_209.pdf,1,False,3,False
genuine,False,invoice,genuine/invoices/invoice_210.pdf,1,False,3,False
genuine,False,invoice,genuine/invoices/invoice_211.pdf,1,False,2,False
genuine,False,invoice,genuine/invoices/invoice_212.pdf,1,False,3,False
genuine,False,invoice,genuine/invoices/invoice_213.pdf,1,False,3,False
genuine,False,invoice,genuine/invoices/invoice_214.pdf,1,False,2,False
genuine,False,invoice,genuine/invoices/invoice_215.pdf,1,False,3,False
genuine,False,invoice,genuine/invoices/invoice_216.pdf,1,False,2,False
genuine,False,invoice,genuine/invoices/invoice_217.pdf,1,False,3,False
genuine,False,invoice,genuine/invoices/invoice_218.pdf,1,False,2,False
genuine,False,invoice,genuine/invoices/invoice_219.pdf,1,False,3,False
genuine,False,invoice,genuine/invoices/invoice_220.pdf,1,False,3,False
genuine,False,invoice,genuine/invoices/invoice_221.pdf,1,False,3,False
genuine,False,invoice,genuine/invoices/invoice_222.pdf,1,False,3,False
genuine,False,invoice,genuine/invoices/invoice_223.pdf,1,False,3,False
genuine,False,invoice,genuine/invoices/invoice_224.pdf,1,False,3,False
genuine,False,invoice,genuine/invoices/invoice_225.pdf,1,False,2,False
genuine,False,invoice,genuine/invoices/invoice_226.pdf,1,False,3,False
genuine,False,invoice,genuine/invoices/invoice_227.pdf,1,False,3,False
genuine,False,invoice,genuine/invoices/invoice_228.pdf,1,False,3,False
genuine,False,invoice,genuine/invoices/invoice_229.pdf,1,False,3,False
genuine,False,invoice,genuine/invoices/invoice_230.pdf,1,False,3,False
genuine,False,invoice,genuine/invoices/invoice_231.pdf,1,False,3,False
genuine,False,invoice,genuine/invoices/invoice_232.pdf,1,False,3,False
genuine,False,invoice,genuine/invoices/invoice_233.pdf,1,False,3,False
genuine,False,invoice,genuine/invoices/invoice_234.pdf,1,False,3,False
genuine,False,invoice,genuine/invoices/invoice_235.pdf,1,False,3,False
genuine,False,invoice,genuine/invoices/invoice_236.pdf,1,False,3,False
genuine,False,invoice,genuine/invoices/invoice_237.pdf,1,False,2,False
genuine,False,invoice,genuine/invoices/invoice_238.pdf,1,False,3,False
genuine,False,invoice,genuine/invoices/invoice_239.pdf,1,False,2,False
genuine,False,invoice,genuine/invoices/invoice_240.pdf,1,False,3,False
genuine,False,invoice,genuine/invoices/invoice_241.pdf,1,False,3,False
genuine,False,invoice,genuine/invoices/invoice_242.pdf,1,False,3,False
genuine,False,invoice,genuine/invoices/invoice_243.pdf,1,False,2,False
genuine,False,invoice,genuine/invoices/invoice_244.pdf,1,False,2,False
genuine,False,invoice,genuine/invoices/invoice_245.pdf,1,False,3,False
genuine,False,invoice,genuine/invoices/invoice_246.pdf,1,False,3,False
genuine,False,invoice,genuine/invoices/invoice_247.pdf,1,False,2,False
genuine,False,invoice,genuine/invoices/invoice_248.pdf,1,False,2,False
genuine,False,invoice,genuine/invoices/invoice_249.pdf,1,False,2,False
genuine,False,invoice,genuine/invoices/invoice_250.pdf,1,False,3,False
genuine,False,invoice,genuine/invoices/invoice_251.pdf,1,False,3,False
genuine,False,invoice,genuine/invoices/invoice_252.pdf,1,False,3,False
genuine,False,invoice,genuine/invoices/invoice_253.pdf,1,False,3,False
genuine,False,invoice,genuine/invoices/invoice_254.pdf,1,False,2,False
genuine,False,invoice,genuine/invoices/invoice_255.pdf,1,False,3,False
genuine,False,invoice,genuine/invoices/invoice_256.pdf,1,False,3,False
genuine,False,invoice,genuine/invoices/invoice_257.pdf,1,False,3,False
genuine,False,invoice,genuine/invoices/invoice_258.pdf,1,False,3,False
genuine,False,invoice,genuine/invoices/invoice_259.pdf,1,False,3,False
genuine,False,invoice,genuine/invoices/invoice_260.pdf,1,False,2,False
genuine,False,invoice,genuine/invoices/invoice_261.pdf,1,False,3,False
genuine,False,invoice,genuine/invoices/invoice_262.pdf,1,False,3,False
genuine,False,invoice,genuine/invoices/invoice_263.pdf,1,False,3,False
genuine,False,invoice,genuine/invoices/invoice_264.pdf,1,False,3,False
genuine,False,invoice,genuine/invoices/invoice_265.pdf,1,False,3,False
genuine,False,invoice,genuine/invoices/invoice_266.pdf,1,False,2,False
genuine,False,invoice,genuine/invoices/invoice_267.pdf,1,False,3,False
genuine,False,invoice,genuine/invoices/invoice_268.pdf,1,False,3,False
genuine,False,invoice,genuine/invoices/invoice_269.pdf,1,False,2,False
genuine,False,invoice,genuine/invoices/invoice_270.pdf,1,False,3,False
genuine,False,invoice,genuine/invoices/invoice_271.pdf,1,False,3,False
genuine,False,invoice,genuine/invoices/invoice_272.pdf,1,False,3,False
genuine,False,invoice,genuine/invoices/invoice_273.pdf,1,False,3,False
genuine,False,invoice,genuine/invoices/invoice_274.pdf,1,False,3,False
genuine,False,invoice,genuine/invoices/invoice_275.pdf,1,False,2,False
genuine,False,invoice,genuine/invoices/invoice_276.pdf,1,False,3,False
genuine,False,invoice,genuine/invoices/invoice_277.pdf,1,False,3,False
genuine,False,invoice,genuine/invoices/invoice_278.pdf,1,False,3,False
genuine,False,invoice,genuine/invoices/invoice_279.pdf,1,False,3,False
genuine,False,invoice,genuine/invoices/invoice_280.pdf,1,False,3,False
genuine,False,invoice,genuine/invoices/invoice_281.pdf,1,False,3,False
genuine,False,invoice,genuine/invoices/invoice_282.pdf,1,False,2,False
genuine,False,invoice,genuine/invoices/invoice_283.pdf,1,False,3,False
genuine,False,invoice,genuine/invoices/invoice_284.pdf,1,False,2,False
genuine,False,invoice,genuine/invoices/invoice_285.pdf,1,False,3,False
genuine,False,invoice,genuine/invoices/invoice_286.pdf,1,False,3,False
genuine,False,invoice,genuine/invoices/invoice_287.pdf,1,False,3,False
genuine,False,invoice,genuine/invoices/invoice_288.pdf,1,False,3,False
genuine,False,invoice,genuine/invoices/invoice_289.pdf,1,False,3,False
genuine,False,invoice,genuine/invoices/invoice_290.pdf,1,False,3,False
genuine,False,invoice,genuine/invoices/invoice_291.pdf,1,False,2,False
genuine,False,invoice,genuine/invoices/invoice_292.pdf,1,False,3,False
genuine,False,invoice,genuine/invoices/invoice_293.pdf,1,False,3,False
genuine,False,invoice,genuine/invoices/invoice_294.pdf,1,False,3,False
genuine,False,invoice,genuine/invoices/invoice_295.pdf,1,False,2,False
genuine,False,invoice,genuine/invoices/invoice_296.pdf,1,False,3,False
genuine,False,invoice,genuine/invoices/invoice_297.pdf,1,False,3,False
genuine,False,invoice,genuine/invoices/invoice_298.pdf,1,False,2,False
genuine,False,invoice,genuine/invoices/invoice_299.pdf,1,False,3,False
genuine,False,invoice,genuine/invoices/invoice_300.pdf,1,False,3,False
genuine,False,invoice,genuine/invoices/invoice_301.pdf,1,False,3,False
genuine,False,invoice,genuine/invoices/invoice_302.pdf,1,False,3,False
genuine,False,invoice,genuine/invoices/invoice_303.pdf,1,False,3,False
genuine,False,invoice,genuine/invoices/invoice_304.pdf,1,False,3,False
genuine,False,invoice,genuine/invoices/invoice_305.pdf,1,False,3,False
genuine,False,invoice,genuine/invoices/invoice_306.pdf,1,False,3,False
genuine,False,invoice,genuine/invoices/invoice_307.pdf,1,False,3,False
genuine,False,invoice,genuine/invoices/invoice_308.pdf,1,False,3,False
genuine,False,invoice,genuine/invoices/invoice_309.pdf,1,False,3,False
genuine,False,invoice,genuine/invoices/invoice_310.pdf,1,False,3,False
genuine,False,invoice,genuine/invoices/invoice_311.pdf,1,False,3,False
genuine,False,invoice,genuine/invoices/invoice_312.pdf,1,False,3,False
genuine,False,invoice,genuine/invoices/invoice_313.pdf,1,False,2,False
genuine,False,invoice,genuine/invoices/invoice_314.pdf,1,False,3,False
genuine,False,invoice,genuine/invoices/invoice_315.pdf,1,False,3,False
genuine,False,invoice,genuine/invoices/invoice_316.pdf,1,False,3,False
genuine,False,invoice,genuine/invoices/invoice_317.pdf,1,False,2,False
genuine,False,invoice,genuine/invoices/invoice_318.pdf,1,False,2,False
genuine,False,invoice,genuine/invoices/invoice_319.pdf,1,False,3,False
genuine,False,invoice,genuine/invoices/invoice_320.pdf,1,False,3,False
genuine,False,invoice,genuine/invoices/invoice_321.pdf,1,False,3,False
genuine,False,invoice,genuine/invoices/invoice_322.pdf,1,False,3,False
genuine,False,invoice,genuine/invoices/invoice_323.pdf,1,False,2,False
genuine,False,invoice,genuine/invoices/invoice_324.pdf,1,False,3,False
genuine,False,invoice,genuine/invoices/invoice_325.pdf,1,False,3,False
genuine,False,invoice,genuine/invoices/invoice_326.pdf,1,False,3,False
genuine,False,invoice,genuine/invoices/invoice_327.pdf,1,False,3,False
genuine,False,invoice,genuine/invoices/invoice_328.pdf,1,False,3,False
genuine,False,invoice,genuine/invoices/invoice_329.pdf,1,False,3,False
genuine,False,invoice,genuine/invoices/invoice_330.pdf,1,False,2,False
genuine,False,invoice,genuine/invoices/invoice_331.pdf,1,False,2,False
genuine,False,invoice,genuine/invoices/invoice_332.pdf,1,False,2,False
genuine,False,invoice,genuine/invoices/invoice_333.pdf,1,False,2,False
genuine,False,invoice,genuine/invoices/invoice_334.pdf,1,False,3,False
genuine,False,invoice,genuine/invoices/invoice_335.pdf,1,False,2,False
genuine,False,invoice,genuine/invoices/invoice_336.pdf,1,False,3,False
genuine,False,invoice,genuine/invoices/invoice_337.pdf,1,False,3,False
genuine,False,invoice,genuine/invoices/invoice_338.pdf,1,False,3,False
genuine,False,invoice,genuine/invoices/invoice_339.pdf,1,False,3,False
genuine,False,invoice,genuine/invoices/invoice_340.pdf,1,False,3,False
genuine,False,invoice,genuine/invoices/invoice_341.pdf,1,False,3,False
genuine,False,invoice,genuine/invoices/invoice_342.pdf,1,False,3,False
genuine,False,invoice,genuine/invoices/invoice_343.pdf,1,False,2,False
genuine,False,invoice,genuine/invoices/invoice_344.pdf,1,False,3,False
genuine,False,invoice,genuine/invoices/invoice_345.pdf,1,False,3,False
genuine,False,invoice,genuine/invoices/invoice_346.pdf,1,False,3,False
genuine,False,invoice,genuine/invoices/invoice_347.pdf,1,False,2,False
genuine,False,invoice,genuine/invoices/invoice_348.pdf,1,False,3,False
genuine,False,invoice,genuine/invoices/invoice_349.pdf,1,False,2,False
genuine,False,invoice,genuine/invoices/invoice_350.pdf,1,False,3,False
genuine,False,invoice,genuine/invoices/invoice_351.pdf,1,False,2,False
genuine,False,invoice,genuine/invoices/invoice_352.pdf,1,False,3,False
genuine,False,invoice,genuine/invoices/invoice_353.pdf,1,False,3,False
genuine,False,invoice,genuine/invoices/invoice_354.pdf,1,False,3,False
genuine,False,invoice,genuine/invoices/invoice_355.pdf,1,False,3,False
genuine,False,invoice,genuine/invoices/invoice_356.pdf,1,False,3,False
genuine,False,invoice,genuine/invoices/invoice_357.pdf,1,False,3,False
genuine,False,invoice,genuine/invoices/invoice_358.pdf,1,False,3,False
genuine,False,invoice,genuine/invoices/invoice_359.pdf,1,False,3,False
genuine,False,invoice,genuine/invoices/invoice_360.pdf,1,False,3,False
genuine,False,invoice,genuine/invoices/invoice_361.pdf,1,False,3,False
genuine,False,invoice,genuine/invoices/invoice_362.pdf,1,False,3,False
genuine,False,invoice,genuine/invoices/invoice_363.pdf,1,False,3,False
genuine,False,invoice,genuine/invoices/invoice_364.pdf,1,False,3,False
genuine,False,invoice,genuine/invoices/invoice_365.pdf,1,False,3,False
genuine,False,invoice,genuine/invoices/invoice_366.pdf,1,False,3,False
genuine,False,invoice,genuine/invoices/invoice_367.pdf,1,False,3,False
genuine,False,invoice,genuine/invoices/invoice_368.pdf,1,False,3,False
genuine,False,invoice,genuine/invoices/invoice_369.pdf,1,False,2,False
genuine,False,invoice,genuine/invoices/invoice_370.pdf,1,False,3,False
genuine,False,invoice,genuine/invoices/invoice_371.pdf,1,False,3,False
genuine,False,invoice,genuine/invoices/invoice_372.pdf,1,False,3,False
genuine,False,invoice,genuine/invoices/invoice_373.pdf,1,False,3,False
genuine,False,invoice,genuine/invoices/invoice_374.pdf,1,False,3,False
genuine,False,invoice,genuine/invoices/invoice_375.pdf,1,False,3,False
genuine,False,invoice,genuine/invoices/invoice_376.pdf,1,False,3,False
genuine,False,invoice,genuine/invoices/invoice_377.pdf,1,False,3,False
genuine,False,invoice,genuine/invoices/invoice_378.pdf,1,False,3,False
genuine,False,invoice,genuine/invoices/invoice_379.pdf,1,False,3,False
genuine,False,invoice,genuine/invoices/invoice_380.pdf,1,False,2,False
genuine,False,invoice,genuine/invoices/invoice_381.pdf,1,False,3,False
genuine,False,invoice,genuine/invoices/invoice_382.pdf,1,False,3,False
genuine,False,invoice,genuine/invoices/invoice_383.pdf,1,False,3,False
genuine,False,invoice,genuine/invoices/invoice_384.pdf,1,False,3,False
genuine,False,invoice,genuine/invoices/invoice_385.pdf,1,False,2,False
genuine,False,invoice,genuine/invoices/invoice_386.pdf,1,False,3,False
genuine,False,invoice,genuine/invoices/invoice_387.pdf,1,False,3,False
genuine,False,invoice,genuine/invoices/invoice_388.pdf,1,False,3,False
genuine,False,invoice,genuine/invoices/invoice_389.pdf,1,False,3,False
genuine,False,invoice,genuine/invoices/invoice_390.pdf,1,False,2,False
genuine,False,invoice,genuine/invoices/invoice_391.pdf,1,False,2,False
genuine,False,invoice,genuine/invoices/invoice_392.pdf,1,False,3,False
genuine,False,invoice,genuine/invoices/invoice_393.pdf,1,False,2,False
genuine,False,invoice,genuine/invoices/invoice_394.pdf,1,False,2,False
genuine,False,invoice,genuine/invoices/invoice_395.pdf,1,False,3,False
genuine,False,invoice,genuine/invoices/invoice_396.pdf,1,False,3,False
genuine,False,invoice,genuine/invoices/invoice_397.pdf,1,False,2,False
genuine,False,invoice,genuine/invoices/invoice_398.pdf,1,False,3,False
genuine,False,invoice,genuine/invoices/invoice_399.pdf,1,False,3,False
genuine,False,invoice,genuine/invoices/invoice_400.pdf,1,False,3,False
genuine,False,invoice,genuine/invoices/invoice_401.pdf,1,False,2,False
genuine,False,invoice,genuine/invoices/invoice_402.pdf,1,False,3,False
genuine,False,invoice,genuine/invoices/invoice_403.pdf,1,False,3,False
genuine,False,invoice,genuine/invoices/invoice_404.pdf,1,False,3,False
genuine,False,invoice,genuine/invoices/invoice_405.pdf,1,False,3,False
genuine,False,invoice,genuine/invoices/invoice_406.pdf,1,False,3,False
genuine,False,invoice,genuine/invoices/invoice_407.pdf,1,False,3,False
genuine,False,invoice,genuine/invoices/invoice_408.pdf,1,False,3,False
genuine,False,invoice,genuine/invoices/invoice_409.pdf,1,False,3,False
genuine,False,invoice,genuine/invoices/invoice_410.pdf,1,False,3,False
genuine,False,invoice,genuine/invoices/invoice_411.pdf,1,False,3,False
genuine,False,invoice,genuine/invoices/invoice_412.pdf,1,False,3,False
genuine,False,invoice,genuine/invoices/invoice_413.pdf,1,False,3,False
genuine,False,invoice,genuine/invoices/invoice_414.pdf,1,False,2,False
genuine,False,invoice,genuine/invoices/invoice_415.pdf,1,False,3,False
genuine,False,invoice,genuine/invoices/invoice_416.pdf,1,False,3,False
genuine,False,invoice,genuine/invoices/invoice_417.pdf,1,False,3,False
genuine,False,invoice,genuine/invoices/invoice_418.pdf,1,False,2,False
genuine,False,invoice,genuine/invoices/invoice_419.pdf,1,False,3,False
genuine,False,invoice,genuine/invoices/invoice_420.pdf,1,False,3,False
genuine,False,invoice,genuine/invoices/invoice_421.pdf,1,False,3,False
genuine,False,invoice,genuine/invoices/invoice_422.pdf,1,False,2,False
genuine,False,invoice,genuine/invoices/invoice_423.pdf,1,False,2,False
genuine,False,invoice,genuine/invoices/invoice_424.pdf,1,False,3,False
genuine,False,invoice,genuine/invoices/invoice_425.pdf,1,False,3,False
genuine,False,invoice,genuine/invoices/invoice_426.pdf,1,False,2,False
genuine,False,invoice,genuine/invoices/invoice_427.pdf,1,False,3,False
genuine,False,invoice,genuine/invoices/invoice_428.pdf,1,False,3,False
genuine,False,invoice,genuine/invoices/invoice_429.pdf,1,False,3,False
genuine,False,invoice,genuine/invoices/invoice_430.pdf,1,False,2,False
genuine,False,invoice,genuine/invoices/invoice_431.pdf,1,False,3,False
genuine,False,invoice,genuine/invoices/invoice_432.pdf,1,False,3,False
genuine,False,invoice,genuine/invoices/invoice_433.pdf,1,False,3,False
genuine,False,invoice,genuine/invoices/invoice_434.pdf,1,False,2,False
genuine,False,invoice,genuine/invoices/invoice_435.pdf,1,False,3,False
genuine,False,invoice,genuine/invoices/invoice_436.pdf,1,False,2,False
genuine,False,invoice,genuine/invoices/invoice_437.pdf,1,False,3,False
genuine,False,invoice,genuine/invoices/invoice_438.pdf,1,False,2,False
genuine,False,invoice,genuine/invoices/invoice_439.pdf,1,False,3,False
genuine,False,invoice,genuine/invoices/invoice_440.pdf,1,False,3,False
genuine,False,invoice,genuine/invoices/invoice_441.pdf,1,False,3,False
genuine,False,invoice,genuine/invoices/invoice_442.pdf,1,False,3,False
genuine,False,invoice,genuine/invoices/invoice_443.pdf,1,False,3,False
genuine,False,invoice,genuine/invoices/invoice_444.pdf,1,False,3,False
genuine,False,invoice,genuine/invoices/invoice_445.pdf,1,False,3,False
genuine,False,invoice,genuine/invoices/invoice_446.pdf,1,False,3,False
genuine,False,invoice,genuine/invoices/invoice_447.pdf,1,False,2,False
genuine,False,invoice,genuine/invoices/invoice_448.pdf,1,False,2,False
genuine,False,invoice,genuine/invoices/invoice_449.pdf,1,False,3,False
genuine,False,invoice,genuine/invoices/invoice_450.pdf,1,False,3,False
genuine,False,invoice,genuine/invoices/invoice_451.pdf,1,False,3,False
genuine,False,invoice,genuine/invoices/invoice_452.pdf,1,False,2,False
genuine,False,invoice,genuine/invoices/invoice_453.pdf,1,False,2,False
genuine,False,invoice,genuine/invoices/invoice_454.pdf,1,False,3,False
genuine,False,invoice,genuine/invoices/invoice_455.pdf,1,False,3,False
genuine,False,invoice,genuine/invoices/invoice_456.pdf,1,False,3,False
genuine,False,invoice,genuine/invoices/invoice_457.pdf,1,False,2,False
genuine,False,invoice,genuine/invoices/invoice_458.pdf,1,False,3,False
genuine,False,invoice,genuine/invoices/invoice_459.pdf,1,False,3,False
genuine,False,invoice,genuine/invoices/invoice_460.pdf,1,False,3,False
genuine,False,invoice,genuine/invoices/invoice_461.pdf,1,False,2,False
genuine,False,invoice,genuine/invoices/invoice_462.pdf,1,False,3,False
genuine,False,invoice,genuine/invoices/invoice_463.pdf,1,False,3,False
genuine,False,invoice,genuine/invoices/invoice_464.pdf,1,False,3,False
genuine,False,invoice,genuine/invoices/invoice_465.pdf,1,False,3,False
genuine,False,invoice,genuine/invoices/invoice_466.pdf,1,False,3,False
genuine,False,invoice,genuine/invoices/invoice_467.pdf,1,False,3,False
genuine,False,invoice,genuine/invoices/invoice_468.pdf,1,False,3,False
genuine,False,invoice,genuine/invoices/invoice_469.pdf,1,False,3,False
genuine,False,invoice,genuine/invoices/invoice_470.pdf,1,False,3,False
genuine,False,invoice,genuine/invoices/invoice_471.pdf,1,False,3,False
genuine,False,invoice,genuine/invoices/invoice_472.pdf,1,False,3,False
genuine,False,invoice,genuine/invoices/invoice_473.pdf,1,False,3,False
genuine,False,invoice,genuine/invoices/invoice_474.pdf,1,False,3,False
genuine,False,invoice,genuine/invoices/invoice_475.pdf,1,False,3,False
genuine,False,invoice,genuine/invoices/invoice_476.pdf,1,False,3,False
genuine,False,invoice,genuine/invoices/invoice_477.pdf,1,False,3,False
genuine,False,invoice,genuine/invoices/invoice_478.pdf,1,False,3,False
genuine,False,invoice,genuine/invoices/invoice_479.pdf,1,False,3,False
genuine,False,invoice,genuine/invoices/invoice_480.pdf,1,False,2,False
genuine,False,invoice,genuine/invoices/invoice_481.pdf,1,False,3,False
genuine,False,invoice,genuine/invoices/invoice_482.pdf,1,False,3,False
genuine,False,invoice,genuine/invoices/invoice_483.pdf,1,False,3,False
genuine,False,invoice,genuine/invoices/invoice_484.pdf,1,False,2,False
genuine,False,invoice,genuine/invoices/invoice_485.pdf,1,False,2,False
genuine,False,invoice,genuine/invoices/invoice_486.pdf,1,False,3,False
genuine,False,invoice,genuine/invoices/invoice_487.pdf,1,False,3,False
genuine,False,invoice,genuine/invoices/invoice_488.pdf,1,False,3,False
genuine,False,invoice,genuine/invoices/invoice_489.pdf,1,False,3,False
genuine,False,invoice,genuine/invoices/invoice_490.pdf,1,False,2,False
genuine,False,invoice,genuine/invoices/invoice_491.pdf,1,False,3,False
genuine,False,invoice,genuine/invoices/invoice_492.pdf,1,False,3,False
genuine,False,invoice,genuine/invoices/invoice_493.pdf,1,False,3,False
genuine,False,invoice,genuine/invoices/invoice_494.pdf,1,False,3,False
genuine,False,invoice,genuine/invoices/invoice_495.pdf,1,False,3,False
genuine,False,invoice,genuine/invoices/invoice_496.pdf,1,False,3,False
genuine,False,invoice,genuine/invoices/invoice_497.pdf,1,False,3,False
genuine,False,invoice,genuine/invoices/invoice_498.pdf,1,False,3,False
genuine,False,invoice,genuine/invoices/invoice_499.pdf,1,False,2,False
genuine,False,invoice,genuine/invoices/invoice_500.pdf,1,False,3,False
genuine,False,invoice,genuine/invoices/invoice_501.pdf,1,False,2,False
genuine,False,invoice,genuine/invoices/invoice_502.pdf,1,False,2,False
genuine,False,invoice,genuine/invoices/invoice_503.pdf,1,False,2,False
genuine,False,invoice,genuine/invoices/invoice_504.pdf,1,False,3,False
genuine,False,invoice,genuine/invoices/invoice_505.pdf,1,False,3,False
genuine,False,invoice,genuine/invoices/invoice_506.pdf,1,False,3,False
genuine,False,invoice,genuine/invoices/invoice_507.pdf,1,False,2,False
genuine,False,invoice,genuine/invoices/invoice_508.pdf,1,False,3,False
genuine,False,invoice,genuine/invoices/invoice_509.pdf,1,False,2,False
genuine,False,invoice,genuine/invoices/invoice_510.pdf,1,False,3,False
genuine,False,invoice,genuine/invoices/invoice_511.pdf,1,False,3,False
genuine,False,invoice,genuine/invoices/invoice_512.pdf,1,False,3,False
genuine,False,invoice,genuine/invoices/invoice_513.pdf,1,False,2,False
genuine,False,invoice,genuine/invoices/invoice_514.pdf,1,False,3,False
genuine,False,invoice,genuine/invoices/invoice_515.pdf,1,False,2,False
genuine,False,invoice,genuine/invoices/invoice_516.pdf,1,False,2,False
genuine,False,invoice,genuine/invoices/invoice_517.pdf,1,False,3,False
genuine,False,invoice,genuine/invoices/invoice_518.pdf,1,False,3,False
genuine,False,invoice,genuine/invoices/invoice_519.pdf,1,False,3,False
genuine,False,invoice,genuine/invoices/invoice_520.pdf,1,False,2,False
genuine,False,invoice,genuine/invoices/invoice_521.pdf,1,False,3,False
genuine,False,invoice,genuine/invoices/invoice_522.pdf,1,False,3,False
genuine,False,invoice,genuine/invoices/invoice_523.pdf,1,False,3,False
genuine,False,invoice,genuine/invoices/invoice_524.pdf,1,False,3,False
genuine,False,invoice,genuine/invoices/invoice_525.pdf,1,False,3,False
genuine,False,invoice,genuine/invoices/invoice_526.pdf,1,False,3,False
genuine,False,invoice,genuine/invoices/invoice_527.pdf,1,False,3,False
genuine,False,invoice,genuine/invoices/invoice_528.pdf,1,False,3,False
genuine,False,invoice,genuine/invoices/invoice_529.pdf,1,False,3,False
genuine,False,invoice,genuine/invoices/invoice_530.pdf,1,False,3,False
genuine,False,invoice,genuine/invoices/invoice_531.pdf,1,False,3,False
genuine,False,invoice,genuine/invoices/invoice_532.pdf,1,False,3,False
genuine,False,invoice,genuine/invoices/invoice_533.pdf,1,False,2,False
genuine,False,invoice,genuine/invoices/invoice_534.pdf,1,False,3,False
genuine,False,invoice,genuine/invoices/invoice_535.pdf,1,False,3,False
genuine,False,invoice,genuine/invoices/invoice_536.pdf,1,False,3,False
genuine,False,invoice,genuine/invoices/invoice_537.pdf,1,False,2,False
genuine,False,invoice,genuine/invoices/invoice_538.pdf,1,False,3,False
genuine,False,invoice,genuine/invoices/invoice_539.pdf,1,False,2,False
genuine,False,invoice,genuine/invoices/invoice_540.pdf,1,False,3,False
genuine,False,invoice,genuine/invoices/invoice_541.pdf,1,False,2,False
genuine,False,invoice,genuine/invoices/invoice_542.pdf,1,False,3,False
genuine,False,invoice,genuine/invoices/invoice_543.pdf,1,False,3,False
genuine,False,invoice,genuine/invoices/invoice_544.pdf,1,False,3,False
genuine,False,invoice,genuine/invoices/invoice_545.pdf,1,False,3,False
genuine,False,invoice,genuine/invoices/invoice_546.pdf,1,False,3,False
genuine,False,invoice,genuine/invoices/invoice_547.pdf,1,False,3,False
genuine,False,invoice,genuine/invoices/invoice_548.pdf,1,False,3,False
genuine,False,invoice,genuine/invoices/invoice_549.pdf,1,False,3,False
genuine,False,invoice,genuine/invoices/invoice_550.pdf,1,False,3,False
genuine,False,invoice,genuine/invoices/invoice_551.pdf,1,False,3,False
genuine,False,invoice,genuine/invoices/invoice_552.pdf,1,False,3,False
genuine,False,invoice,genuine/invoices/invoice_553.pdf,1,False,3,False
genuine,False,invoice,genuine/invoices/invoice_554.pdf,1,False,3,False
genuine,False,invoice,genuine/invoices/invoice_555.pdf,1,False,2,False
genuine,False,invoice,genuine/invoices/invoice_556.pdf,1,False,2,False
genuine,False,invoice,genuine/invoices/invoice_557.pdf,1,False,3,False
genuine,False,invoice,genuine/invoices/invoice_558.pdf,1,False,3,False
genuine,False,invoice,genuine/invoices/invoice_559.pdf,1,False,3,False
genuine,False,invoice,genuine/invoices/invoice_560.pdf,1,False,2,False
genuine,False,invoice,genuine/invoices/invoice_561.pdf,1,False,2,False
genuine,False,invoice,genuine/invoices/invoice_562.pdf,1,False,3,False
genuine,False,invoice,genuine/invoices/invoice_563.pdf,1,False,3,False
genuine,False,invoice,genuine/invoices/invoice_564.pdf,1,False,3,False
genuine,False,invoice,genuine/invoices/invoice_565.pdf,1,False,3,False
genuine,False,invoice,genuine/invoices/invoice_566.pdf,1,False,3,False
genuine,False,invoice,genuine/invoices/invoice_567.pdf,1,False,3,False
genuine,False,invoice,genuine/invoices/invoice_568.pdf,1,False,3,False
genuine,False,invoice,genuine/invoices/invoice_569.pdf,1,False,2,False
genuine,False,invoice,genuine/invoices/invoice_570.pdf,1,False,3,False
genuine,False,invoice,genuine/invoices/invoice_571.pdf,1,False,3,False
genuine,False,invoice,genuine/invoices/invoice_572.pdf,1,False,2,False
genuine,False,invoice,genuine/invoices/invoice_573.pdf,1,False,2,False
genuine,False,invoice,genuine/invoices/invoice_574.pdf,1,False,2,False
genuine,False,invoice,genuine/invoices/invoice_575.pdf,1,False,2,False
genuine,False,invoice,genuine/invoices/invoice_576.pdf,1,False,3,False
genuine,False,invoice,genuine/invoices/invoice_577.pdf,1,False,3,False
genuine,False,invoice,genuine/invoices/invoice_578.pdf,1,False,3,False
genuine,False,invoice,genuine/invoices/invoice_579.pdf,1,False,3,False
genuine,False,invoice,genuine/invoices/invoice_580.pdf,1,False,2,False
genuine,False,invoice,genuine/invoices/invoice_581.pdf,1,False,2,False
genuine,False,invoice,genuine/invoices/invoice_582.pdf,1,False,3,False
genuine,False,invoice,genuine/invoices/invoice_583.pdf,1,False,3,False
genuine,False,invoice,genuine/invoices/invoice_584.pdf,1,False,3,False
genuine,False,invoice,genuine/invoices/invoice_585.pdf,1,False,3,False
genuine,False,invoice,genuine/invoices/invoice_586.pdf,1,False,3,False
genuine,False,invoice,genuine/invoices/invoice_587.pdf,1,False,3,False
genuine,False,invoice,genuine/invoices/invoice_588.pdf,1,False,3,False
genuine,False,invoice,genuine/invoices/invoice_589.pdf,1,False,2,False
genuine,False,invoice,genuine/invoices/invoice_590.pdf,1,False,3,False
genuine,False,invoice,genuine/invoices/invoice_591.pdf,1,False,2,False
genuine,False,invoice,genuine/invoices/invoice_592.pdf,1,False,2,False
genuine,False,invoice,genuine/invoices/invoice_593.pdf,1,False,3,False
genuine,False,invoice,genuine/invoices/invoice_594.pdf,1,False,3,False
genuine,False,invoice,genuine/invoices/invoice_595.pdf,1,False,3,False
genuine,False,invoice,genuine/invoices/invoice_596.pdf,1,False,3,False
genuine,False,invoice,genuine/invoices/invoice_597.pdf,1,False,3,False
genuine,False,invoice,genuine/invoices/invoice_598.pdf,1,False,2,False
genuine,False,invoice,genuine/invoices/invoice_599.pdf,1,False,3,False
genuine,False,invoice,genuine/invoices/invoice_600.pdf,1,False,3,False
genuine,False,invoice,genuine/invoices/invoice_601.pdf,1,False,3,False
genuine,False,invoice,genuine/invoices/invoice_602.pdf,1,False,3,False
genuine,False,invoice,genuine/invoices/invoice_603.pdf,1,False,3,False
genuine,False,invoice,genuine/invoices/invoice_604.pdf,1,False,3,False
genuine,False,invoice,genuine/invoices/invoice_605.pdf,1,False,3,False
genuine,False,invoice,genuine/invoices/invoice_606.pdf,1,False,3,False
genuine,False,invoice,genuine/invoices/invoice_607.pdf,1,False,3,False
genuine,False,invoice,genuine/invoices/invoice_608.pdf,1,False,3,False
genuine,False,invoice,genuine/invoices/invoice_609.pdf,1,False,3,False
genuine,False,invoice,genuine/invoices/invoice_610.pdf,1,False,2,False
genuine,False,invoice,genuine/invoices/invoice_611.pdf,1,False,3,False
genuine,False,invoice,genuine/invoices/invoice_612.pdf,1,False,2,False
genuine,False,invoice,genuine/invoices/invoice_613.pdf,1,False,3,False
genuine,False,invoice,genuine/invoices/invoice_614.pdf,1,False,3,False
genuine,False,invoice,genuine/invoices/invoice_615.pdf,1,False,3,False
genuine,False,invoice,genuine/invoices/invoice_616.pdf,1,False,2,False
genuine,False,invoice,genuine/invoices/invoice_617.pdf,1,False,3,False
genuine,False,invoice,genuine/invoices/invoice_618.pdf,1,False,2,False
genuine,False,invoice,genuine/invoices/invoice_619.pdf,1,False,3,False
genuine,False,invoice,genuine/invoices/invoice_620.pdf,1,False,2,False
genuine,False,invoice,genuine/invoices/invoice_621.pdf,1,False,3,False
genuine,False,invoice,genuine/invoices/invoice_622.pdf,1,False,3,False
genuine,False,invoice,genuine/invoices/invoice_623.pdf,1,False,2,False
genuine,False,invoice,genuine/invoices/invoice_624.pdf,1,False,3,False
genuine,False,invoice,genuine/invoices/invoice_625.pdf,1,False,2,False
genuine,False,invoice,genuine/invoices/invoice_626.pdf,1,False,3,False
genuine,False,invoice,genuine/invoices/invoice_627.pdf,1,False,3,False
genuine,False,invoice,genuine/invoices/invoice_628.pdf,1,False,3,False
genuine,False,invoice,genuine/invoices/invoice_629.pdf,1,False,3,False
genuine,False,invoice,genuine/invoices/invoice_630.pdf,1,False,3,False
genuine,False,invoice,genuine/invoices/invoice_631.pdf,1,False,3,False
genuine,False,invoice,genuine/invoices/invoice_632.pdf,1,False,3,False
genuine,False,invoice,genuine/invoices/invoice_633.pdf,1,False,3,False
genuine,False,invoice,genuine/invoices/invoice_634.pdf,1,False,3,False
genuine,False,invoice,genuine/invoices/invoice_635.pdf,1,False,3,False
genuine,False,invoice,genuine/invoices/invoice_636.pdf,1,False,3,False
genuine,False,invoice,genuine/invoices/invoice_637.pdf,1,False,3,False
genuine,False,invoice,genuine/invoices/invoice_638.pdf,1,False,3,False
genuine,False,invoice,genuine/invoices/invoice_639.pdf,1,False,2,False
genuine,False,invoice,genuine/invoices/invoice_640.pdf,1,False,3,False
genuine,False,invoice,genuine/invoices/invoice_641.pdf,1,False,3,False
genuine,False,invoice,genuine/invoices/invoice_642.pdf,1,False,3,False
genuine,False,invoice,genuine/invoices/invoice_643.pdf,1,False,3,False
genuine,False,invoice,genuine/invoices/invoice_644.pdf,1,False,3,False
genuine,False,invoice,genuine/invoices/invoice_645.pdf,1,False,2,False
genuine,False,invoice,genuine/invoices/invoice_646.pdf,1,False,2,False
genuine,False,invoice,genuine/invoices/invoice_647.pdf,1,False,3,False
genuine,False,invoice,genuine/invoices/invoice_648.pdf,1,False,3,False
genuine,False,invoice,genuine/invoices/invoice_649.pdf,1,False,3,False
genuine,False,invoice,genuine/invoices/invoice_650.pdf,1,False,3,False
genuine,False,invoice,genuine/invoices/invoice_651.pdf,1,False,3,False
genuine,False,invoice,genuine/invoices/invoice_652.pdf,1,False,3,False
genuine,False,invoice,genuine/invoices/invoice_653.pdf,1,False,2,False
genuine,False,invoice,genuine/invoices/invoice_654.pdf,1,False,3,False
genuine,False,invoice,genuine/invoices/invoice_655.pdf,1,False,3,False
genuine,False,invoice,genuine/invoices/invoice_656.pdf,1,False,3,False
genuine,False,invoice,genuine/invoices/invoice_657.pdf,1,False,3,False
genuine,False,invoice,genuine/invoices/invoice_658.pdf,1,False,3,False
genuine,False,invoice,genuine/invoices/invoice_659.pdf,1,False,3,False
genuine,False,invoice,genuine/invoices/invoice_660.pdf,1,False,2,False
genuine,False,invoice,genuine/invoices/invoice_661.pdf,1,False,3,False
genuine,False,invoice,genuine/invoices/invoice_662.pdf,1,False,3,False
genuine,False,invoice,genuine/invoices/invoice_663.pdf,1,False,2,False
genuine,False,invoice,genuine/invoices/invoice_664.pdf,1,False,3,False
genuine,False,invoice,genuine/invoices/invoice_665.pdf,1,False,3,False
genuine,False,invoice,genuine/invoices/invoice_666.pdf,1,False,3,False
genuine,False,invoice,genuine/invoices/invoice_667.pdf,1,False,2,False
genuine,False,invoice,genuine/invoices/invoice_668.pdf,1,False,3,False
genuine,False,invoice,genuine/invoices/invoice_669.pdf,1,False,2,False
genuine,False,invoice,genuine/invoices/invoice_670.pdf,1,False,3,False
genuine,False,invoice,genuine/invoices/invoice_671.pdf,1,False,3,False
genuine,False,invoice,genuine/invoices/invoice_672.pdf,1,False,3,False
genuine,False,invoice,genuine/invoices/invoice_673.pdf,1,False,3,False
genuine,False,invoice,genuine/invoices/invoice_674.pdf,1,False,3,False
genuine,False,invoice,genuine/invoices/invoice_675.pdf,1,False,3,False
genuine,False,invoice,genuine/invoices/invoice_676.pdf,1,False,2,False
genuine,False,invoice,genuine/invoices/invoice_677.pdf,1,False,3,False
genuine,False,invoice,genuine/invoices/invoice_678.pdf,1,False,3,False
genuine,False,invoice,genuine/invoices/invoice_679.pdf,1,False,3,False
genuine,False,invoice,genuine/invoices/invoice_680.pdf,1,False,2,False
genuine,False,invoice,genuine/invoices/invoice_681.pdf,1,False,2,False
genuine,False,invoice,genuine/invoices/invoice_682.pdf,1,False,2,False
genuine,False,invoice,genuine/invoices/invoice_683.pdf,1,False,3,False
genuine,False,invoice,genuine/invoices/invoice_684.pdf,1,False,3,False
genuine,False,invoice,genuine/invoices/invoice_685.pdf,1,False,3,False
genuine,False,invoice,genuine/invoices/invoice_686.pdf,1,False,2,False
genuine,False,invoice,genuine/invoices/invoice_687.pdf,1,False,2,False
genuine,False,invoice,genuine/invoices/invoice_688.pdf,1,False,3,False
genuine,False,invoice,genuine/invoices/invoice_689.pdf,1,False,2,False
genuine,False,invoice,genuine/invoices/invoice_690.pdf,1,False,2,False
genuine,False,invoice,genuine/invoices/invoice_691.pdf,1,False,3,False
genuine,False,invoice,genuine/invoices/invoice_692.pdf,1,False,2,False
genuine,False,invoice,genuine/invoices/invoice_693.pdf,1,False,3,False
genuine,False,invoice,genuine/invoices/invoice_694.pdf,1,False,2,False
genuine,False,invoice,genuine/invoices/invoice_695.pdf,1,False,3,False
genuine,False,invoice,genuine/invoices/invoice_696.pdf,1,False,3,False
genuine,False,invoice,genuine/invoices/invoice_697.pdf,1,False,3,False
genuine,False,invoice,genuine/invoices/invoice_698.pdf,1,False,3,False
genuine,False,invoice,genuine/invoices/invoice_699.pdf,1,False,2,False
genuine,False,invoice,genuine/invoices/invoice_700.pdf,1,False,2,False
genuine,False,invoice,genuine/invoices/invoice_701.pdf,1,False,3,False
genuine,False,invoice,genuine/invoices/invoice_702.pdf,1,False,3,False
genuine,False,invoice,genuine/invoices/invoice_703.pdf,1,False,3,False
genuine,False,invoice,genuine/invoices/invoice_704.pdf,1,False,3,False
genuine,False,invoice,genuine/invoices/invoice_705.pdf,1,False,2,False
genuine,False,invoice,genuine/invoices/invoice_706.pdf,1,False,3,False
genuine,False,invoice,genuine/invoices/invoice_707.pdf,1,False,2,False
genuine,False,invoice,genuine/invoices/invoice_708.pdf,1,False,3,False
genuine,False,invoice,genuine/invoices/invoice_709.pdf,1,False,3,False
genuine,False,invoice,genuine/invoices/invoice_710.pdf,1,False,3,False
genuine,False,invoice,genuine/invoices/invoice_711.pdf,1,False,2,False
genuine,False,invoice,genuine/invoices/invoice_712.pdf,1,False,3,False
genuine,False,invoice,genuine/invoices/invoice_713.pdf,1,False,2,False
genuine,False,invoice,genuine/invoices/invoice_714.pdf,1,False,2,False
genuine,False,invoice,genuine/invoices/invoice_715.pdf,1,False,3,False
genuine,False,invoice,genuine/invoices/invoice_716.pdf,1,False,2,False
genuine,False,invoice,genuine/invoices/invoice_717.pdf,1,False,2,False
genuine,False,invoice,genuine/invoices/invoice_718.pdf,1,False,3,False
genuine,False,invoice,genuine/invoices/invoice_719.pdf,1,False,3,False
genuine,False,invoice,genuine/invoices/invoice_720.pdf,1,False,3,False
genuine,False,invoice,genuine/invoices/invoice_721.pdf,1,False,2,False
genuine,False,invoice,genuine/invoices/invoice_722.pdf,1,False,3,False
genuine,False,invoice,genuine/invoices/invoice_723.pdf,1,False,2,False
genuine,False,invoice,genuine/invoices/invoice_724.pdf,1,False,3,False
genuine,False,invoice,genuine/invoices/invoice_725.pdf,1,False,2,False
genuine,False,invoice,genuine/invoices/invoice_726.pdf,1,False,3,False
genuine,False,invoice,genuine/invoices/invoice_727.pdf,1,False,3,False
genuine,False,invoice,genuine/invoices/invoice_728.pdf,1,False,2,False
genuine,False,invoice,genuine/invoices/invoice_729.pdf,1,False,3,False
genuine,False,invoice,genuine/invoices/invoice_730.pdf,1,False,3,False
genuine,False,invoice,genuine/invoices/invoice_731.pdf,1,False,3,False
genuine,False,invoice,genuine/invoices/invoice_732.pdf,1,False,2,False
genuine,False,invoice,genuine/invoices/invoice_733.pdf,1,False,3,False
genuine,False,invoice,genuine/invoices/invoice_734.pdf,1,False,2,False
genuine,False,invoice,genuine/invoices/invoice_735.pdf,1,False,3,False
genuine,False,invoice,genuine/invoices/invoice_736.pdf,1,False,3,False
genuine,False,invoice,genuine/invoices/invoice_737.pdf,1,False,3,False
genuine,False,invoice,genuine/invoices/invoice_738.pdf,1,False,3,False
genuine,False,invoice,genuine/invoices/invoice_739.pdf,1,False,3,False
genuine,False,invoice,genuine/invoices/invoice_740.pdf,1,False,3,False
genuine,False,invoice,genuine/invoices/invoice_741.pdf,1,False,3,False
genuine,False,invoice,genuine/invoices/invoice_742.pdf,1,False,2,False
genuine,False,invoice,genuine/invoices/invoice_743.pdf,1,False,3,False
genuine,False,invoice,genuine/invoices/invoice_744.pdf,1,False,3,False
genuine,False,invoice,genuine/invoices/invoice_745.pdf,1,False,3,False
genuine,False,invoice,genuine/invoices/invoice_746.pdf,1,False,3,False
genuine,False,invoice,genuine/invoices/invoice_747.pdf,1,False,3,False
genuine,False,invoice,genuine/invoices/invoice_748.pdf,1,False,3,False
genuine,False,invoice,genuine/invoices/invoice_749.pdf,1,False,3,False
genuine,False,invoice,genuine/invoices/invoice_750.pdf,1,False,3,False
genuine,False,invoice,genuine/invoices/invoice_751.pdf,1,False,3,False
genuine,False,invoice,genuine/invoices/invoice_752.pdf,1,False,3,False
genuine,False,invoice,genuine/invoices/invoice_753.pdf,1,False,3,False
genuine,False,invoice,genuine/invoices/invoice_754.pdf,1,False,3,False
genuine,False,invoice,genuine/invoices/invoice_755.pdf,1,False,3,False
genuine,False,invoice,genuine/invoices/invoice_756.pdf,1,False,3,False
genuine,False,invoice,genuine/invoices/invoice_757.pdf,1,False,3,False
genuine,False,invoice,genuine/invoices/invoice_758.pdf,1,False,2,False
genuine,False,invoice,genuine/invoices/invoice_759.pdf,1,False,3,False
genuine,False,invoice,genuine/invoices/invoice_760.pdf,1,False,3,False
genuine,False,invoice,genuine/invoices/invoice_761.pdf,1,False,3,False
genuine,False,invoice,genuine/invoices/invoice_762.pdf,1,False,3,False
genuine,False,invoice,genuine/invoices/invoice_763.pdf,1,False,2,False
genuine,False,invoice,genuine/invoices/invoice_764.pdf,1,False,3,False
genuine,False,invoice,genuine/invoices/invoice_765.pdf,1,False,3,False
genuine,False,invoice,genuine/invoices/invoice_766.pdf,1,False,3,False
genuine,False,invoice,genuine/invoices/invoice_767.pdf,1,False,3,False
genuine,False,invoice,genuine/invoices/invoice_768.pdf,1,False,3,False
genuine,False,invoice,genuine/invoices/invoice_769.pdf,1,False,3,False
genuine,False,invoice,genuine/invoices/invoice_770.pdf,1,False,2,False
genuine,False,invoice,genuine/invoices/invoice_771.pdf,1,False,2,False
genuine,False,invoice,genuine/invoices/invoice_772.pdf,1,False,3,False
genuine,False,invoice,genuine/invoices/invoice_773.pdf,1,False,3,False
genuine,False,invoice,genuine/invoices/invoice_774.pdf,1,False,3,False
genuine,False,invoice,genuine/invoices/invoice_775.pdf,1,False,2,False
genuine,False,invoice,genuine/invoices/invoice_776.pdf,1,False,3,False
genuine,False,invoice,genuine/invoices/invoice_777.pdf,1,False,3,False
genuine,False,invoice,genuine/invoices/invoice_778.pdf,1,False,3,False
genuine,False,invoice,genuine/invoices/invoice_779.pdf,1,False,3,False
genuine,False,invoice,genuine/invoices/invoice_780.pdf,1,False,3,False
genuine,False,invoice,genuine/invoices/invoice_781.pdf,1,False,3,False
genuine,False,invoice,genuine/invoices/invoice_782.pdf,1,False,3,False
genuine,False,invoice,genuine/invoices/invoice_783.pdf,1,False,3,False
genuine,False,invoice,genuine/invoices/invoice_784.pdf,1,False,3,False
genuine,False,invoice,genuine/invoices/invoice_785.pdf,1,False,3,False
genuine,False,invoice,genuine/invoices/invoice_786.pdf,1,False,2,False
genuine,False,invoice,genuine/invoices/invoice_787.pdf,1,False,2,False
genuine,False,invoice,genuine/invoices/invoice_788.pdf,1,False,2,False
genuine,False,invoice,genuine/invoices/invoice_789.pdf,1,False,2,False
genuine,False,invoice,genuine/invoices/invoice_790.pdf,1,False,3,False
genuine,False,invoice,genuine/invoices/invoice_791.pdf,1,False,3,False
genuine,False,invoice,genuine/invoices/invoice_792.pdf,1,False,2,False
genuine,False,invoice,genuine/invoices/invoice_793.pdf,1,False,3,False
genuine,False,invoice,genuine/invoices/invoice_794.pdf,1,False,3,False
genuine,False,invoice,genuine/invoices/invoice_795.pdf,1,False,3,False
genuine,False,invoice,genuine/invoices/invoice_796.pdf,1,False,2,False
genuine,False,invoice,genuine/invoices/invoice_797.pdf,1,False,3,False
genuine,False,invoice,genuine/invoices/invoice_798.pdf,1,False,3,False
genuine,False,invoice,genuine/invoices/invoice_799.pdf,1,False,3,False
genuine,False,invoice,genuine/invoices/invoice_800.pdf,1,False,3,False
genuine,False,invoice,genuine/invoices/invoice_801.pdf,1,False,3,False
genuine,False,invoice,genuine/invoices/invoice_802.pdf,1,False,3,False
genuine,False,invoice,genuine/invoices/invoice_803.pdf,1,False,3,False
genuine,False,invoice,genuine/invoices/invoice_804.pdf,1,False,3,False
genuine,False,invoice,genuine/invoices/invoice_805.pdf,1,False,2,False
genuine,False,invoice,genuine/invoices/invoice_806.pdf,1,False,3,False
genuine,False,invoice,genuine/invoices/invoice_807.pdf,1,False,3,False
genuine,False,invoice,genuine/invoices/invoice_808.pdf,1,False,3,False
genuine,False,invoice,genuine/invoices/invoice_809.pdf,1,False,3,False
genuine,False,invoice,genuine/invoices/invoice_810.pdf,1,False,3,False
genuine,False,invoice,genuine/invoices/invoice_811.pdf,1,False,2,False
genuine,False,invoice,genuine/invoices/invoice_812.pdf,1,False,3,False
genuine,False,invoice,genuine/invoices/invoice_813.pdf,1,False,2,False
genuine,False,invoice,genuine/invoices/invoice_814.pdf,1,False,3,False
genuine,False,invoice,genuine/invoices/invoice_815.pdf,1,False,3,False
genuine,False,invoice,genuine/invoices/invoice_816.pdf,1,False,3,False
genuine,False,invoice,genuine/invoices/invoice_817.pdf,1,False,2,False
genuine,False,invoice,genuine/invoices/invoice_818.pdf,1,False,3,False
genuine,False,invoice,genuine/invoices/invoice_819.pdf,1,False,3,False
genuine,False,invoice,genuine/invoices/invoice_820.pdf,1,False,2,False
genuine,False,invoice,genuine/invoices/invoice_821.pdf,1,False,3,False
genuine,False,invoice,genuine/invoices/invoice_822.pdf,1,False,2,False
genuine,False,invoice,genuine/invoices/invoice_823.pdf,1,False,3,False
genuine,False,invoice,genuine/invoices/invoice_824.pdf,1,False,2,False
genuine,False,invoice,genuine/invoices/invoice_825.pdf,1,False,3,False
genuine,False,invoice,genuine/invoices/invoice_826.pdf,1,False,3,False
genuine,False,invoice,genuine/invoices/invoice_827.pdf,1,False,2,False
genuine,False,invoice,genuine/invoices/invoice_828.pdf,1,False,3,False
genuine,False,invoice,genuine/invoices/invoice_829.pdf,1,False,3,False
genuine,False,invoice,genuine/invoices/invoice_830.pdf,1,False,3,False
genuine,False,invoice,genuine/invoices/invoice_831.pdf,1,False,3,False
genuine,False,invoice,genuine/invoices/invoice_832.pdf,1,False,3,False
genuine,False,invoice,genuine/invoices/invoice_833.pdf,1,False,2,False
genuine,False,invoice,genuine/invoices/invoice_834.pdf,1,False,3,False
genuine,False,invoice,genuine/invoices/invoice_835.pdf,1,False,3,False
genuine,False,invoice,genuine/invoices/invoice_836.pdf,1,False,2,False
genuine,False,invoice,genuine/invoices/invoice_837.pdf,1,False,3,False
genuine,False,invoice,genuine/invoices/invoice_838.pdf,1,False,2,False
genuine,False,invoice,genuine/invoices/invoice_839.pdf,1,False,3,False
genuine,False,invoice,genuine/invoices/invoice_840.pdf,1,False,3,False
genuine,False,invoice,genuine/invoices/invoice_841.pdf,1,False,3,False
genuine,False,invoice,genuine/invoices/invoice_842.pdf,1,False,3,False
genuine,False,invoice,genuine/invoices/invoice_843.pdf,1,False,3,False
genuine,False,invoice,genuine/invoices/invoice_844.pdf,1,False,3,False
genuine,False,invoice,genuine/invoices/invoice_845.pdf,1,False,3,False
genuine,False,invoice,genuine/invoices/invoice_846.pdf,1,False,3,False
genuine,False,invoice,genuine/invoices/invoice_847.pdf,1,False,2,False
genuine,False,invoice,genuine/invoices/invoice_848.pdf,1,False,3,False
genuine,False,invoice,genuine/invoices/invoice_849.pdf,1,False,3,False
genuine,False,invoice,genuine/invoices/invoice_850.pdf,1,False,3,False
genuine,False,invoice,genuine/invoices/invoice_851.pdf,1,False,3,False
genuine,False,invoice,genuine/invoices/invoice_852.pdf,1,False,2,False
genuine,False,invoice,genuine/invoices/invoice_853.pdf,1,False,3,False
genuine,False,invoice,genuine/invoices/invoice_854.pdf,1,False,3,False
genuine,False,invoice,genuine/invoices/invoice_855.pdf,1,False,3,False
genuine,False,invoice,genuine/invoices/invoice_856.pdf,1,False,2,False
genuine,False,invoice,genuine/invoices/invoice_857.pdf,1,False,3,False
genuine,False,invoice,genuine/invoices/invoice_858.pdf,1,False,3,False
genuine,False,invoice,genuine/invoices/invoice_859.pdf,1,False,3,False
genuine,False,invoice,genuine/invoices/invoice_860.pdf,1,False,3,False
genuine,False,invoice,genuine/invoices/invoice_861.pdf,1,False,3,False
genuine,False,invoice,genuine/invoices/invoice_862.pdf,1,False,3,False
genuine,False,invoice,genuine/invoices/invoice_863.pdf,1,False,3,False
genuine,False,invoice,genuine/invoices/invoice_864.pdf,1,False,3,False
genuine,False,invoice,genuine/invoices/invoice_865.pdf,1,False,3,False
genuine,False,invoice,genuine/invoices/invoice_866.pdf,1,False,3,False
genuine,False,invoice,genuine/invoices/invoice_867.pdf,1,False,3,False
genuine,False,invoice,genuine/invoices/invoice_868.pdf,1,False,3,False
genuine,False,invoice,genuine/invoices/invoice_869.pdf,1,False,3,False
genuine,False,invoice,genuine/invoices/invoice_870.pdf,1,False,3,False
genuine,False,invoice,genuine/invoices/invoice_871.pdf,1,False,3,False
genuine,False,invoice,genuine/invoices/invoice_872.pdf,1,False,2,False
genuine,False,invoice,genuine/invoices/invoice_873.pdf,1,False,3,False
genuine,False,invoice,genuine/invoices/invoice_874.pdf,1,False,3,False
genuine,False,invoice,genuine/invoices/invoice_875.pdf,1,False,3,False
genuine,False,invoice,genuine/invoices/invoice_876.pdf,1,False,3,False
genuine,False,invoice,genuine/invoices/invoice_877.pdf,1,False,3,False
genuine,False,invoice,genuine/invoices/invoice_878.pdf,1,False,2,False
genuine,False,invoice,genuine/invoices/invoice_879.pdf,1,False,2,False
genuine,False,invoice,genuine/invoices/invoice_880.pdf,1,False,3,False
genuine,False,invoice,genuine/invoices/invoice_881.pdf,1,False,3,False
genuine,False,invoice,genuine/invoices/invoice_882.pdf,1,False,3,False
genuine,False,invoice,genuine/invoices/invoice_883.pdf,1,False,3,False
genuine,False,invoice,genuine/invoices/invoice_884.pdf,1,False,3,False
genuine,False,invoice,genuine/invoices/invoice_885.pdf,1,False,2,False
genuine,False,invoice,genuine/invoices/invoice_886.pdf,1,False,2,False
genuine,False,invoice,genuine/invoices/invoice_887.pdf,1,False,3,False
genuine,False,invoice,genuine/invoices/invoice_888.pdf,1,False,3,False
genuine,False,invoice,genuine/invoices/invoice_889.pdf,1,False,3,False
genuine,False,invoice,genuine/invoices/invoice_890.pdf,1,False,3,False
genuine,False,invoice,genuine/invoices/invoice_891.pdf,1,False,2,False
genuine,False,invoice,genuine/invoices/invoice_892.pdf,1,False,2,False
genuine,False,invoice,genuine/invoices/invoice_893.pdf,1,False,3,False
genuine,False,invoice,genuine/invoices/invoice_894.pdf,1,False,3,False
genuine,False,invoice,genuine/invoices/invoice_895.pdf,1,False,3,False
genuine,False,invoice,genuine/invoices/invoice_896.pdf,1,False,3,False
genuine,False,invoice,genuine/invoices/invoice_897.pdf,1,False,3,False
genuine,False,invoice,genuine/invoices/invoice_898.pdf,1,False,3,False
genuine,False,invoice,genuine/invoices/invoice_899.pdf,1,False,3,False
genuine,False,invoice,genuine/invoices/invoice_900.pdf,1,False,2,False
genuine,False,invoice,genuine/invoices/invoice_901.pdf,1,False,3,False
genuine,False,invoice,genuine/invoices/invoice_902.pdf,1,False,3,False
genuine,False,invoice,genuine/invoices/invoice_903.pdf,1,False,3,False
genuine,False,invoice,genuine/invoices/invoice_904.pdf,1,False,3,False
genuine,False,invoice,genuine/invoices/invoice_905.pdf,1,False,3,False
genuine,False,invoice,genuine/invoices/invoice_906.pdf,1,False,3,False
genuine,False,invoice,genuine/invoices/invoice_907.pdf,1,False,3,False
genuine,False,invoice,genuine/invoices/invoice_908.pdf,1,False,3,False
genuine,False,invoice,genuine/invoices/invoice_909.pdf,1,False,2,False
genuine,False,invoice,genuine/invoices/invoice_910.pdf,1,False,3,False
genuine,False,invoice,genuine/invoices/invoice_911.pdf,1,False,3,False
genuine,False,invoice,genuine/invoices/invoice_912.pdf,1,False,3,False
genuine,False,invoice,genuine/invoices/invoice_913.pdf,1,False,3,False
genuine,False,invoice,genuine/invoices/invoice_914.pdf,1,False,3,False
genuine,False,invoice,genuine/invoices/invoice_915.pdf,1,False,2,False
genuine,False,invoice,genuine/invoices/invoice_916.pdf,1,False,3,False
genuine,False,invoice,genuine/invoices/invoice_917.pdf,1,False,3,False
genuine,False,invoice,genuine/invoices/invoice_918.pdf,1,False,3,False
genuine,False,invoice,genuine/invoices/invoice_919.pdf,1,False,3,False
genuine,False,invoice,genuine/invoices/invoice_920.pdf,1,False,3,False
genuine,False,invoice,genuine/invoices/invoice_921.pdf,1,False,3,False
genuine,False,invoice,genuine/invoices/invoice_922.pdf,1,False,3,False
genuine,False,invoice,genuine/invoices/invoice_923.pdf,1,False,3,False
genuine,False,invoice,genuine/invoices/invoice_924.pdf,1,False,3,False
genuine,False,invoice,genuine/invoices/invoice_925.pdf,1,False,2,False
genuine,False,invoice,genuine/invoices/invoice_926.pdf,1,False,3,False
genuine,False,invoice,genuine/invoices/invoice_927.pdf,1,False,2,False
genuine,False,invoice,genuine/invoices/invoice_928.pdf,1,False,3,False
genuine,False,invoice,genuine/invoices/invoice_929.pdf,1,False,3,False
genuine,False,invoice,genuine/invoices/invoice_930.pdf,1,False,3,False
genuine,False,invoice,genuine/invoices/invoice_931.pdf,1,False,2,False
genuine,False,invoice,genuine/invoices/invoice_932.pdf,1,False,3,False
genuine,False,invoice,genuine/invoices/invoice_933.pdf,1,False,3,False
genuine,False,invoice,genuine/invoices/invoice_934.pdf,1,False,3,False
genuine,False,invoice,genuine/invoices/invoice_935.pdf,1,False,2,False
genuine,False,invoice,genuine/invoices/invoice_936.pdf,1,False,3,False
genuine,False,invoice,genuine/invoices/invoice_937.pdf,1,False,3,False
genuine,False,invoice,genuine/invoices/invoice_938.pdf,1,False,3,False
genuine,False,invoice,genuine/invoices/invoice_939.pdf,1,False,3,False
genuine,False,invoice,genuine/invoices/invoice_940.pdf,1,False,2,False
genuine,False,invoice,genuine/invoices/invoice_941.pdf,1,False,2,False
genuine,False,invoice,genuine/invoices/invoice_942.pdf,1,False,3,False
genuine,False,invoice,genuine/invoices/invoice_943.pdf,1,False,3,False
genuine,False,invoice,genuine/invoices/invoice_944.pdf,1,False,3,False
genuine,False,invoice,genuine/invoices/invoice_945.pdf,1,False,3,False
genuine,False,invoice,genuine/invoices/invoice_946.pdf,1,False,3,False
genuine,False,invoice,genuine/invoices/invoice_947.pdf,1,False,2,False
genuine,False,invoice,genuine/invoices/invoice_948.pdf,1,False,3,False
genuine,False,invoice,genuine/invoices/invoice_949.pdf,1,False,3,False
genuine,False,invoice,genuine/invoices/invoice_950.pdf,1,False,3,False
genuine,False,invoice,genuine/invoices/invoice_951.pdf,1,False,3,False
genuine,False,invoice,genuine/invoices/invoice_952.pdf,1,False,3,False
genuine,False,invoice,genuine/invoices/invoice_953.pdf,1,False,2,False
genuine,False,invoice,genuine/invoices/invoice_954.pdf,1,False,3,False
genuine,False,invoice,genuine/invoices/invoice_955.pdf,1,False,3,False
genuine,False,invoice,genuine/invoices/invoice_956.pdf,1,False,2,False
genuine,False,invoice,genuine/invoices/invoice_957.pdf,1,False,3,False
genuine,False,invoice,genuine/invoices/invoice_958.pdf,1,False,3,False
genuine,False,invoice,genuine/invoices/invoice_959.pdf,1,False,2,False
genuine,False,invoice,genuine/invoices/invoice_960.pdf,1,False,2,False
genuine,False,invoice,genuine/invoices/invoice_961.pdf,1,False,3,False
genuine,False,invoice,genuine/invoices/invoice_962.pdf,1,False,3,False
genuine,False,invoice,genuine/invoices/invoice_963.pdf,1,False,2,False
genuine,False,invoice,genuine/invoices/invoice_964.pdf,1,False,3,False
genuine,False,invoice,genuine/invoices/invoice_965.pdf,1,False,3,False
genuine,False,invoice,genuine/invoices/invoice_966.pdf,1,False,3,False
genuine,False,invoice,genuine/invoices/invoice_967.pdf,1,False,3,False
genuine,False,invoice,genuine/invoices/invoice_968.pdf,1,False,2,False
genuine,False,invoice,genuine/invoices/invoice_969.pdf,1,False,3,False
genuine,False,invoice,genuine/invoices/invoice_970.pdf,1,False,3,False
genuine,False,invoice,genuine/invoices/invoice_971.pdf,1,False,3,False
genuine,False,invoice,genuine/invoices/invoice_972.pdf,1,False,3,False
genuine,False,invoice,genuine/invoices/invoice_973.pdf,1,False,3,False
genuine,False,invoice,genuine/invoices/invoice_974.pdf,1,False,3,False
genuine,False,invoice,genuine/invoices/invoice_975.pdf,1,False,3,False
genuine,False,invoice,genuine/invoices/invoice_976.pdf,1,False,3,False
genuine,False,invoice,genuine/invoices/invoice_977.pdf,1,False,3,False
genuine,False,invoice,genuine/invoices/invoice_978.pdf,1,False,2,False
genuine,False,invoice,genuine/invoices/invoice_979.pdf,1,False,3,False
genuine,False,invoice,genuine/invoices/invoice_980.pdf,1,False,3,False
genuine,False,invoice,genuine/invoices/invoice_981.pdf,1,False,2,False
genuine,False,invoice,genuine/invoices/invoice_982.pdf,1,False,2,False
genuine,False,invoice,genuine/invoices/invoice_983.pdf,1,False,3,False
genuine,False,invoice,genuine/invoices/invoice_984.pdf,1,False,2,False
genuine,False,invoice,genuine/invoices/invoice_985.pdf,1,False,2,False
genuine,False,invoice,genuine/invoices/invoice_986.pdf,1,False,3,False
genuine,False,invoice,genuine/invoices/invoice_987.pdf,1,False,3,False
genuine,False,invoice,genuine/invoices/invoice_988.pdf,1,False,2,False
genuine,False,invoice,genuine/invoices/invoice_989.pdf,1,False,3,False
genuine,False,invoice,genuine/invoices/invoice_990.pdf,1,False,3,False
genuine,False,invoice,genuine/invoices/invoice_991.pdf,1,False,3,False
genuine,False,invoice,genuine/invoices/invoice_992.pdf,1,False,3,False
genuine,False,invoice,genuine/invoices/invoice_993.pdf,1,False,2,False
genuine,False,invoice,genuine/invoices/invoice_994.pdf,1,False,3,False
genuine,False,invoice,genuine/invoices/invoice_995.pdf,1,False,2,False
genuine,False,invoice,genuine/invoices/invoice_996.pdf,1,False,3,False
genuine,False,invoice,genuine/invoices/invoice_997.pdf,1,False,3,False
genuine,False,invoice,genuine/invoices/invoice_998.pdf,1,False,3,False
genuine,False,invoice,genuine/invoices/invoice_999.pdf,1,False,2,False
genuine,False,letter,genuine/letters/letter_001.pdf,1,False,2,False
genuine,False,letter,genuine/letters/letter_002.pdf,1,False,3,False
genuine,False,letter,genuine/letters/letter_003.pdf,1,False,3,False
genuine,False,letter,genuine/letters/letter_004.pdf,1,False,2,False
genuine,False,letter,genuine/letters/letter_005.pdf,1,False,2,False
genuine,False,letter,genuine/letters/letter_006.pdf,1,False,2,False
genuine,False,letter,genuine/letters/letter_007.pdf,1,False,2,False
genuine,False,letter,genuine/letters/letter_008.pdf,1,False,2,False
genuine,False,letter,genuine/letters/letter_009.pdf,1,False,3,False
genuine,False,letter,genuine/letters/letter_010.pdf,1,False,3,False
genuine,False,letter,genuine/letters/letter_011.pdf,1,False,3,False
genuine,False,letter,genuine/letters/letter_012.pdf,1,False,3,False
genuine,False,letter,genuine/letters/letter_013.pdf,1,False,3,False
genuine,False,letter,genuine/letters/letter_014.pdf,1,False,2,False
genuine,False,letter,genuine/letters/letter_015.pdf,1,False,3,False
genuine,False,letter,genuine/letters/letter_016.pdf,1,False,3,False
genuine,False,letter,genuine/letters/letter_017.pdf,1,False,3,False
genuine,False,letter,genuine/letters/letter_018.pdf,1,False,2,False
genuine,False,letter,genuine/letters/letter_019.pdf,1,False,2,False
genuine,False,letter,genuine/letters/letter_020.pdf,1,False,2,False
genuine,False,letter,genuine/letters/letter_021.pdf,1,False,3,False
genuine,False,letter,genuine/letters/letter_022.pdf,1,False,2,False
genuine,False,letter,genuine/letters/letter_023.pdf,1,False,2,False
genuine,False,letter,genuine/letters/letter_024.pdf,1,False,2,False
genuine,False,letter,genuine/letters/letter_025.pdf,1,False,2,False
genuine,False,letter,genuine/letters/letter_026.pdf,1,False,3,False
genuine,False,letter,genuine/letters/letter_027.pdf,1,False,3,False
genuine,False,letter,genuine/letters/letter_028.pdf,1,False,3,False
genuine,False,letter,genuine/letters/letter_029.pdf,1,False,3,False
genuine,False,letter,genuine/letters/letter_030.pdf,1,False,3,False
genuine,False,letter,genuine/letters/letter_031.pdf,1,False,2,False
genuine,False,letter,genuine/letters/letter_032.pdf,1,False,2,False
genuine,False,letter,genuine/letters/letter_033.pdf,1,False,2,False
genuine,False,letter,genuine/letters/letter_034.pdf,1,False,3,False
genuine,False,letter,genuine/letters/letter_035.pdf,1,False,2,False
genuine,False,letter,genuine/letters/letter_036.pdf,1,False,2,False
genuine,False,letter,genuine/letters/letter_037.pdf,1,False,2,False
genuine,False,letter,genuine/letters/letter_038.pdf,1,False,2,False
genuine,False,letter,genuine/letters/letter_039.pdf,1,False,3,False
genuine,False,letter,genuine/letters/letter_040.pdf,1,False,3,False
genuine,False,letter,genuine/letters/letter_041.pdf,1,False,3,False
genuine,False,letter,genuine/letters/letter_042.pdf,1,False,3,False
genuine,False,letter,genuine/letters/letter_043.pdf,1,False,3,False
genuine,False,letter,genuine/letters/letter_044.pdf,1,False,3,False
genuine,False,letter,genuine/letters/letter_045.pdf,1,False,2,False
genuine,False,letter,genuine/letters/letter_046.pdf,1,False,2,False
genuine,False,letter,genuine/letters/letter_047.pdf,1,False,2,False
genuine,False,letter,genuine/letters/letter_048.pdf,1,False,2,False
genuine,False,letter,genuine/letters/letter_049.pdf,1,False,3,False
genuine,False,letter,genuine/letters/letter_050.pdf,1,False,2,False
genuine,False,letter,genuine/letters/letter_051.pdf,1,False,2,False
genuine,False,letter,genuine/letters/letter_052.pdf,1,False,3,False
genuine,False,letter,genuine/letters/letter_053.pdf,1,False,3,False
genuine,False,letter,genuine/letters/letter_054.pdf,1,False,2,False
genuine,False,letter,genuine/letters/letter_055.pdf,1,False,2,False
genuine,False,letter,genuine/letters/letter_056.pdf,1,False,3,False
genuine,False,letter,genuine/letters/letter_057.pdf,1,False,2,False
genuine,False,letter,genuine/letters/letter_058.pdf,1,False,3,False
genuine,False,letter,genuine/letters/letter_059.pdf,1,False,2,False
genuine,False,letter,genuine/letters/letter_060.pdf,1,False,2,False
genuine,False,letter,genuine/letters/letter_061.pdf,1,False,3,False
genuine,False,letter,genuine/letters/letter_062.pdf,1,False,3,False
genuine,False,letter,genuine/letters/letter_063.pdf,1,False,3,False
genuine,False,letter,genuine/letters/letter_064.pdf,1,False,3,False
genuine,False,letter,genuine/letters/letter_065.pdf,1,False,2,False
genuine,False,letter,genuine/letters/letter_066.pdf,1,False,2,False
genuine,False,letter,genuine/letters/letter_067.pdf,1,False,2,False
genuine,False,letter,genuine/letters/letter_068.pdf,1,False,2,False
genuine,False,letter,genuine/letters/letter_069.pdf,1,False,2,False
genuine,False,letter,genuine/letters/letter_070.pdf,1,False,3,False
genuine,False,letter,genuine/letters/letter_071.pdf,1,False,3,False
genuine,False,letter,genuine/letters/letter_072.pdf,1,False,2,False
genuine,False,letter,genuine/letters/letter_073.pdf,1,False,2,False
genuine,False,letter,genuine/letters/letter_074.pdf,1,False,2,False
genuine,False,letter,genuine/letters/letter_075.pdf,1,False,2,False
genuine,False,letter,genuine/letters/letter_076.pdf,1,False,3,False
genuine,False,letter,genuine/letters/letter_077.pdf,1,False,3,False
genuine,False,letter,genuine/letters/letter_078.pdf,1,False,2,False
genuine,False,letter,genuine/letters/letter_079.pdf,1,False,3,False
genuine,False,letter,genuine/letters/letter_080.pdf,1,False,3,False
genuine,False,letter,genuine/letters/letter_081.pdf,1,False,2,False
genuine,False,letter,genuine/letters/letter_082.pdf,1,False,2,False
genuine,False,letter,genuine/letters/letter_083.pdf,1,False,2,False
genuine,False,letter,genuine/letters/letter_084.pdf,1,False,2,False
genuine,False,letter,genuine/letters/letter_085.pdf,1,False,2,False
genuine,False,letter,genuine/letters/letter_086.pdf,1,False,3,False
genuine,False,letter,genuine/letters/letter_087.pdf,1,False,3,False
genuine,False,letter,genuine/letters/letter_088.pdf,1,False,3,False
genuine,False,letter,genuine/letters/letter_089.pdf,1,False,2,False
genuine,False,letter,genuine/letters/letter_090.pdf,1,False,2,False
genuine,False,letter,genuine/letters/letter_091.pdf,1,False,3,False
genuine,False,letter,genuine/letters/letter_092.pdf,1,False,2,False
genuine,False,letter,genuine/letters/letter_093.pdf,1,False,2,False
genuine,False,letter,genuine/letters/letter_094.pdf,1,False,3,False
genuine,False,letter,genuine/letters/letter_095.pdf,1,False,3,False
genuine,False,letter,genuine/letters/letter_096.pdf,1,False,3,False
genuine,False,letter,genuine/letters/letter_097.pdf,1,False,3,False
genuine,False,letter,genuine/letters/letter_098.pdf,1,False,2,False
genuine,False,letter,genuine/letters/letter_099.pdf,1,False,2,False
genuine,False,letter,genuine/letters/letter_100.pdf,1,False,3,False
genuine,False,letter,genuine/letters/letter_1000.pdf,1,False,2,False
genuine,False,letter,genuine/letters/letter_101.pdf,1,False,2,False
genuine,False,letter,genuine/letters/letter_102.pdf,1,False,2,False
genuine,False,letter,genuine/letters/letter_103.pdf,1,False,3,False
genuine,False,letter,genuine/letters/letter_104.pdf,1,False,2,False
genuine,False,letter,genuine/letters/letter_105.pdf,1,False,3,False
genuine,False,letter,genuine/letters/letter_106.pdf,1,False,2,False
genuine,False,letter,genuine/letters/letter_107.pdf,1,False,3,False
genuine,False,letter,genuine/letters/letter_108.pdf,1,False,2,False
genuine,False,letter,genuine/letters/letter_109.pdf,1,False,2,False
genuine,False,letter,genuine/letters/letter_110.pdf,1,False,3,False
genuine,False,letter,genuine/letters/letter_111.pdf,1,False,2,False
genuine,False,letter,genuine/letters/letter_112.pdf,1,False,3,False
genuine,False,letter,genuine/letters/letter_113.pdf,1,False,2,False
genuine,False,letter,genuine/letters/letter_114.pdf,1,False,3,False
genuine,False,letter,genuine/letters/letter_115.pdf,1,False,3,False
genuine,False,letter,genuine/letters/letter_116.pdf,1,False,3,False
genuine,False,letter,genuine/letters/letter_117.pdf,1,False,2,False
genuine,False,letter,genuine/letters/letter_118.pdf,1,False,2,False
genuine,False,letter,genuine/letters/letter_119.pdf,1,False,2,False
genuine,False,letter,genuine/letters/letter_120.pdf,1,False,3,False
genuine,False,letter,genuine/letters/letter_121.pdf,1,False,3,False
genuine,False,letter,genuine/letters/letter_122.pdf,1,False,3,False
genuine,False,letter,genuine/letters/letter_123.pdf,1,False,2,False
genuine,False,letter,genuine/letters/letter_124.pdf,1,False,3,False
genuine,False,letter,genuine/letters/letter_125.pdf,1,False,2,False
genuine,False,letter,genuine/letters/letter_126.pdf,1,False,2,False
genuine,False,letter,genuine/letters/letter_127.pdf,1,False,2,False
genuine,False,letter,genuine/letters/letter_128.pdf,1,False,3,False
genuine,False,letter,genuine/letters/letter_129.pdf,1,False,2,False
genuine,False,letter,genuine/letters/letter_130.pdf,1,False,2,False
genuine,False,letter,genuine/letters/letter_131.pdf,1,False,2,False
genuine,False,letter,genuine/letters/letter_132.pdf,1,False,2,False
genuine,False,letter,genuine/letters/letter_133.pdf,1,False,3,False
genuine,False,letter,genuine/letters/letter_134.pdf,1,False,3,False
genuine,False,letter,genuine/letters/letter_135.pdf,1,False,2,False
genuine,False,letter,genuine/letters/letter_136.pdf,1,False,3,False
genuine,False,letter,genuine/letters/letter_137.pdf,1,False,2,False
genuine,False,letter,genuine/letters/letter_138.pdf,1,False,2,False
genuine,False,letter,genuine/letters/letter_139.pdf,1,False,2,False
genuine,False,letter,genuine/letters/letter_140.pdf,1,False,2,False
genuine,False,letter,genuine/letters/letter_141.pdf,1,False,3,False
genuine,False,letter,genuine/letters/letter_142.pdf,1,False,2,False
genuine,False,letter,genuine/letters/letter_143.pdf,1,False,2,False
genuine,False,letter,genuine/letters/letter_144.pdf,1,False,2,False
genuine,False,letter,genuine/letters/letter_145.pdf,1,False,3,False
genuine,False,letter,genuine/letters/letter_146.pdf,1,False,3,False
genuine,False,letter,genuine/letters/letter_147.pdf,1,False,2,False
genuine,False,letter,genuine/letters/letter_148.pdf,1,False,2,False
genuine,False,letter,genuine/letters/letter_149.pdf,1,False,3,False
genuine,False,letter,genuine/letters/letter_150.pdf,1,False,2,False
genuine,False,letter,genuine/letters/letter_151.pdf,1,False,3,False
genuine,False,letter,genuine/letters/letter_152.pdf,1,False,3,False
genuine,False,letter,genuine/letters/letter_153.pdf,1,False,3,False
genuine,False,letter,genuine/letters/letter_154.pdf,1,False,3,False
genuine,False,letter,genuine/letters/letter_155.pdf,1,False,2,False
genuine,False,letter,genuine/letters/letter_156.pdf,1,False,2,False
genuine,False,letter,genuine/letters/letter_157.pdf,1,False,2,False
genuine,False,letter,genuine/letters/letter_158.pdf,1,False,3,False
genuine,False,letter,genuine/letters/letter_159.pdf,1,False,2,False
genuine,False,letter,genuine/letters/letter_160.pdf,1,False,2,False
genuine,False,letter,genuine/letters/letter_161.pdf,1,False,2,False
genuine,False,letter,genuine/letters/letter_162.pdf,1,False,3,False
genuine,False,letter,genuine/letters/letter_163.pdf,1,False,2,False
genuine,False,letter,genuine/letters/letter_164.pdf,1,False,2,False
genuine,False,letter,genuine/letters/letter_165.pdf,1,False,2,False
genuine,False,letter,genuine/letters/letter_166.pdf,1,False,3,False
genuine,False,letter,genuine/letters/letter_167.pdf,1,False,2,False
genuine,False,letter,genuine/letters/letter_168.pdf,1,False,3,False
genuine,False,letter,genuine/letters/letter_169.pdf,1,False,2,False
genuine,False,letter,genuine/letters/letter_170.pdf,1,False,2,False
genuine,False,letter,genuine/letters/letter_171.pdf,1,False,2,False
genuine,False,letter,genuine/letters/letter_172.pdf,1,False,3,False
genuine,False,letter,genuine/letters/letter_173.pdf,1,False,3,False
genuine,False,letter,genuine/letters/letter_174.pdf,1,False,2,False
genuine,False,letter,genuine/letters/letter_175.pdf,1,False,2,False
genuine,False,letter,genuine/letters/letter_176.pdf,1,False,3,False
genuine,False,letter,genuine/letters/letter_177.pdf,1,False,2,False
genuine,False,letter,genuine/letters/letter_178.pdf,1,False,3,False
genuine,False,letter,genuine/letters/letter_179.pdf,1,False,2,False
genuine,False,letter,genuine/letters/letter_180.pdf,1,False,3,False
genuine,False,letter,genuine/letters/letter_181.pdf,1,False,2,False
genuine,False,letter,genuine/letters/letter_182.pdf,1,False,3,False
genuine,False,letter,genuine/letters/letter_183.pdf,1,False,2,False
genuine,False,letter,genuine/letters/letter_184.pdf,1,False,3,False
genuine,False,letter,genuine/letters/letter_185.pdf,1,False,2,False
genuine,False,letter,genuine/letters/letter_186.pdf,1,False,2,False
genuine,False,letter,genuine/letters/letter_187.pdf,1,False,2,False
genuine,False,letter,genuine/letters/letter_188.pdf,1,False,3,False
genuine,False,letter,genuine/letters/letter_189.pdf,1,False,2,False
genuine,False,letter,genuine/letters/letter_190.pdf,1,False,3,False
genuine,False,letter,genuine/letters/letter_191.pdf,1,False,3,False
genuine,False,letter,genuine/letters/letter_192.pdf,1,False,2,False
genuine,False,letter,genuine/letters/letter_193.pdf,1,False,2,False
genuine,False,letter,genuine/letters/letter_194.pdf,1,False,2,False
genuine,False,letter,genuine/letters/letter_195.pdf,1,False,3,False
genuine,False,letter,genuine/letters/letter_196.pdf,1,False,2,False
genuine,False,letter,genuine/letters/letter_197.pdf,1,False,2,False
genuine,False,letter,genuine/letters/letter_198.pdf,1,False,3,False
genuine,False,letter,genuine/letters/letter_199.pdf,1,False,2,False
genuine,False,letter,genuine/letters/letter_200.pdf,1,False,2,False
genuine,False,letter,genuine/letters/letter_201.pdf,1,False,3,False
genuine,False,letter,genuine/letters/letter_202.pdf,1,False,2,False
genuine,False,letter,genuine/letters/letter_203.pdf,1,False,3,False
genuine,False,letter,genuine/letters/letter_204.pdf,1,False,3,False
genuine,False,letter,genuine/letters/letter_205.pdf,1,False,2,False
genuine,False,letter,genuine/letters/letter_206.pdf,1,False,2,False
genuine,False,letter,genuine/letters/letter_207.pdf,1,False,3,False
genuine,False,letter,genuine/letters/letter_208.pdf,1,False,3,False
genuine,False,letter,genuine/letters/letter_209.pdf,1,False,3,False
genuine,False,letter,genuine/letters/letter_210.pdf,1,False,3,False
genuine,False,letter,genuine/letters/letter_211.pdf,1,False,2,False
genuine,False,letter,genuine/letters/letter_212.pdf,1,False,2,False
genuine,False,letter,genuine/letters/letter_213.pdf,1,False,3,False
genuine,False,letter,genuine/letters/letter_214.pdf,1,False,2,False
genuine,False,letter,genuine/letters/letter_215.pdf,1,False,3,False
genuine,False,letter,genuine/letters/letter_216.pdf,1,False,3,False
genuine,False,letter,genuine/letters/letter_217.pdf,1,False,3,False
genuine,False,letter,genuine/letters/letter_218.pdf,1,False,2,False
genuine,False,letter,genuine/letters/letter_219.pdf,1,False,2,False
genuine,False,letter,genuine/letters/letter_220.pdf,1,False,3,False
genuine,False,letter,genuine/letters/letter_221.pdf,1,False,2,False
genuine,False,letter,genuine/letters/letter_222.pdf,1,False,2,False
genuine,False,letter,genuine/letters/letter_223.pdf,1,False,3,False
genuine,False,letter,genuine/letters/letter_224.pdf,1,False,3,False
genuine,False,letter,genuine/letters/letter_225.pdf,1,False,3,False
genuine,False,letter,genuine/letters/letter_226.pdf,1,False,3,False
genuine,False,letter,genuine/letters/letter_227.pdf,1,False,2,False
genuine,False,letter,genuine/letters/letter_228.pdf,1,False,2,False
genuine,False,letter,genuine/letters/letter_229.pdf,1,False,2,False
genuine,False,letter,genuine/letters/letter_230.pdf,1,False,3,False
genuine,False,letter,genuine/letters/letter_231.pdf,1,False,3,False
genuine,False,letter,genuine/letters/letter_232.pdf,1,False,3,False
genuine,False,letter,genuine/letters/letter_233.pdf,1,False,3,False
genuine,False,letter,genuine/letters/letter_234.pdf,1,False,3,False
genuine,False,letter,genuine/letters/letter_235.pdf,1,False,2,False
genuine,False,letter,genuine/letters/letter_236.pdf,1,False,3,False
genuine,False,letter,genuine/letters/letter_237.pdf,1,False,2,False
genuine,False,letter,genuine/letters/letter_238.pdf,1,False,3,False
genuine,False,letter,genuine/letters/letter_239.pdf,1,False,2,False
genuine,False,letter,genuine/letters/letter_240.pdf,1,False,2,False
genuine,False,letter,genuine/letters/letter_241.pdf,1,False,2,False
genuine,False,letter,genuine/letters/letter_242.pdf,1,False,2,False
genuine,False,letter,genuine/letters/letter_243.pdf,1,False,3,False
genuine,False,letter,genuine/letters/letter_244.pdf,1,False,2,False
genuine,False,letter,genuine/letters/letter_245.pdf,1,False,3,False
genuine,False,letter,genuine/letters/letter_246.pdf,1,False,3,False
genuine,False,letter,genuine/letters/letter_247.pdf,1,False,3,False
genuine,False,letter,genuine/letters/letter_248.pdf,1,False,2,False
genuine,False,letter,genuine/letters/letter_249.pdf,1,False,3,False
genuine,False,letter,genuine/letters/letter_250.pdf,1,False,2,False
genuine,False,letter,genuine/letters/letter_251.pdf,1,False,3,False
genuine,False,letter,genuine/letters/letter_252.pdf,1,False,2,False
genuine,False,letter,genuine/letters/letter_253.pdf,1,False,3,False
genuine,False,letter,genuine/letters/letter_254.pdf,1,False,3,False
genuine,False,letter,genuine/letters/letter_255.pdf,1,False,3,False
genuine,False,letter,genuine/letters/letter_256.pdf,1,False,2,False
genuine,False,letter,genuine/letters/letter_257.pdf,1,False,2,False
genuine,False,letter,genuine/letters/letter_258.pdf,1,False,2,False
genuine,False,letter,genuine/letters/letter_259.pdf,1,False,2,False
genuine,False,letter,genuine/letters/letter_260.pdf,1,False,2,False
genuine,False,letter,genuine/letters/letter_261.pdf,1,False,3,False
genuine,False,letter,genuine/letters/letter_262.pdf,1,False,3,False
genuine,False,letter,genuine/letters/letter_263.pdf,1,False,2,False
genuine,False,letter,genuine/letters/letter_264.pdf,1,False,2,False
genuine,False,letter,genuine/letters/letter_265.pdf,1,False,2,False
genuine,False,letter,genuine/letters/letter_266.pdf,1,False,3,False
genuine,False,letter,genuine/letters/letter_267.pdf,1,False,3,False
genuine,False,letter,genuine/letters/letter_268.pdf,1,False,3,False
genuine,False,letter,genuine/letters/letter_269.pdf,1,False,3,False
genuine,False,letter,genuine/letters/letter_270.pdf,1,False,3,False
genuine,False,letter,genuine/letters/letter_271.pdf,1,False,3,False
genuine,False,letter,genuine/letters/letter_272.pdf,1,False,3,False
genuine,False,letter,genuine/letters/letter_273.pdf,1,False,3,False
genuine,False,letter,genuine/letters/letter_274.pdf,1,False,3,False
genuine,False,letter,genuine/letters/letter_275.pdf,1,False,3,False
genuine,False,letter,genuine/letters/letter_276.pdf,1,False,2,False
genuine,False,letter,genuine/letters/letter_277.pdf,1,False,2,False
genuine,False,letter,genuine/letters/letter_278.pdf,1,False,3,False
genuine,False,letter,genuine/letters/letter_279.pdf,1,False,2,False
genuine,False,letter,genuine/letters/letter_280.pdf,1,False,2,False
genuine,False,letter,genuine/letters/letter_281.pdf,1,False,3,False
genuine,False,letter,genuine/letters/letter_282.pdf,1,False,3,False
genuine,False,letter,genuine/letters/letter_283.pdf,1,False,2,False
genuine,False,letter,genuine/letters/letter_284.pdf,1,False,3,False
genuine,False,letter,genuine/letters/letter_285.pdf,1,False,3,False
genuine,False,letter,genuine/letters/letter_286.pdf,1,False,2,False
genuine,False,letter,genuine/letters/letter_287.pdf,1,False,2,False
genuine,False,letter,genuine/letters/letter_288.pdf,1,False,3,False
genuine,False,letter,genuine/letters/letter_289.pdf,1,False,3,False
genuine,False,letter,genuine/letters/letter_290.pdf,1,False,2,False
genuine,False,letter,genuine/letters/letter_291.pdf,1,False,2,False
genuine,False,letter,genuine/letters/letter_292.pdf,1,False,2,False
genuine,False,letter,genuine/letters/letter_293.pdf,1,False,2,False
genuine,False,letter,genuine/letters/letter_294.pdf,1,False,3,False
genuine,False,letter,genuine/letters/letter_295.pdf,1,False,3,False
genuine,False,letter,genuine/letters/letter_296.pdf,1,False,2,False
genuine,False,letter,genuine/letters/letter_297.pdf,1,False,3,False
genuine,False,letter,genuine/letters/letter_298.pdf,1,False,3,False
genuine,False,letter,genuine/letters/letter_299.pdf,1,False,3,False
genuine,False,letter,genuine/letters/letter_300.pdf,1,False,3,False
genuine,False,letter,genuine/letters/letter_301.pdf,1,False,3,False
genuine,False,letter,genuine/letters/letter_302.pdf,1,False,3,False
genuine,False,letter,genuine/letters/letter_303.pdf,1,False,3,False
genuine,False,letter,genuine/letters/letter_304.pdf,1,False,2,False
genuine,False,letter,genuine/letters/letter_305.pdf,1,False,3,False
genuine,False,letter,genuine/letters/letter_306.pdf,1,False,2,False
genuine,False,letter,genuine/letters/letter_307.pdf,1,False,3,False
genuine,False,letter,genuine/letters/letter_308.pdf,1,False,2,False
genuine,False,letter,genuine/letters/letter_309.pdf,1,False,2,False
genuine,False,letter,genuine/letters/letter_310.pdf,1,False,2,False
genuine,False,letter,genuine/letters/letter_311.pdf,1,False,2,False
genuine,False,letter,genuine/letters/letter_312.pdf,1,False,3,False
genuine,False,letter,genuine/letters/letter_313.pdf,1,False,2,False
genuine,False,letter,genuine/letters/letter_314.pdf,1,False,3,False
genuine,False,letter,genuine/letters/letter_315.pdf,1,False,2,False
genuine,False,letter,genuine/letters/letter_316.pdf,1,False,3,False
genuine,False,letter,genuine/letters/letter_317.pdf,1,False,2,False
genuine,False,letter,genuine/letters/letter_318.pdf,1,False,2,False
genuine,False,letter,genuine/letters/letter_319.pdf,1,False,2,False
genuine,False,letter,genuine/letters/letter_320.pdf,1,False,3,False
genuine,False,letter,genuine/letters/letter_321.pdf,1,False,2,False
genuine,False,letter,genuine/letters/letter_322.pdf,1,False,3,False
genuine,False,letter,genuine/letters/letter_323.pdf,1,False,2,False
genuine,False,letter,genuine/letters/letter_324.pdf,1,False,3,False
genuine,False,letter,genuine/letters/letter_325.pdf,1,False,3,False
genuine,False,letter,genuine/letters/letter_326.pdf,1,False,3,False
genuine,False,letter,genuine/letters/letter_327.pdf,1,False,3,False
genuine,False,letter,genuine/letters/letter_328.pdf,1,False,3,False
genuine,False,letter,genuine/letters/letter_329.pdf,1,False,2,False
genuine,False,letter,genuine/letters/letter_330.pdf,1,False,3,False
genuine,False,letter,genuine/letters/letter_331.pdf,1,False,2,False
genuine,False,letter,genuine/letters/letter_332.pdf,1,False,2,False
genuine,False,letter,genuine/letters/letter_333.pdf,1,False,3,False
genuine,False,letter,genuine/letters/letter_334.pdf,1,False,3,False
genuine,False,letter,genuine/letters/letter_335.pdf,1,False,2,False
genuine,False,letter,genuine/letters/letter_336.pdf,1,False,2,False
genuine,False,letter,genuine/letters/letter_337.pdf,1,False,3,False
genuine,False,letter,genuine/letters/letter_338.pdf,1,False,2,False
genuine,False,letter,genuine/letters/letter_339.pdf,1,False,2,False
genuine,False,letter,genuine/letters/letter_340.pdf,1,False,2,False
genuine,False,letter,genuine/letters/letter_341.pdf,1,False,2,False
genuine,False,letter,genuine/letters/letter_342.pdf,1,False,2,False
genuine,False,letter,genuine/letters/letter_343.pdf,1,False,2,False
genuine,False,letter,genuine/letters/letter_344.pdf,1,False,3,False
genuine,False,letter,genuine/letters/letter_345.pdf,1,False,3,False
genuine,False,letter,genuine/letters/letter_346.pdf,1,False,2,False
genuine,False,letter,genuine/letters/letter_347.pdf,1,False,3,False
genuine,False,letter,genuine/letters/letter_348.pdf,1,False,3,False
genuine,False,letter,genuine/letters/letter_349.pdf,1,False,3,False
genuine,False,letter,genuine/letters/letter_350.pdf,1,False,3,False
genuine,False,letter,genuine/letters/letter_351.pdf,1,False,3,False
genuine,False,letter,genuine/letters/letter_352.pdf,1,False,2,False
genuine,False,letter,genuine/letters/letter_353.pdf,1,False,2,False
genuine,False,letter,genuine/letters/letter_354.pdf,1,False,2,False
genuine,False,letter,genuine/letters/letter_355.pdf,1,False,2,False
genuine,False,letter,genuine/letters/letter_356.pdf,1,False,2,False
genuine,False,letter,genuine/letters/letter_357.pdf,1,False,2,False
genuine,False,letter,genuine/letters/letter_358.pdf,1,False,3,False
genuine,False,letter,genuine/letters/letter_359.pdf,1,False,3,False
genuine,False,letter,genuine/letters/letter_360.pdf,1,False,2,False
genuine,False,letter,genuine/letters/letter_361.pdf,1,False,3,False
genuine,False,letter,genuine/letters/letter_362.pdf,1,False,3,False
genuine,False,letter,genuine/letters/letter_363.pdf,1,False,3,False
genuine,False,letter,genuine/letters/letter_364.pdf,1,False,2,False
genuine,False,letter,genuine/letters/letter_365.pdf,1,False,2,False
genuine,False,letter,genuine/letters/letter_366.pdf,1,False,2,False
genuine,False,letter,genuine/letters/letter_367.pdf,1,False,2,False
genuine,False,letter,genuine/letters/letter_368.pdf,1,False,3,False
genuine,False,letter,genuine/letters/letter_369.pdf,1,False,2,False
genuine,False,letter,genuine/letters/letter_370.pdf,1,False,3,False
genuine,False,letter,genuine/letters/letter_371.pdf,1,False,3,False
genuine,False,letter,genuine/letters/letter_372.pdf,1,False,2,False
genuine,False,letter,genuine/letters/letter_373.pdf,1,False,3,False
genuine,False,letter,genuine/letters/letter_374.pdf,1,False,3,False
genuine,False,letter,genuine/letters/letter_375.pdf,1,False,3,False
genuine,False,letter,genuine/letters/letter_376.pdf,1,False,2,False
genuine,False,letter,genuine/letters/letter_377.pdf,1,False,3,False
genuine,False,letter,genuine/letters/letter_378.pdf,1,False,2,False
genuine,False,letter,genuine/letters/letter_379.pdf,1,False,3,False
genuine,False,letter,genuine/letters/letter_380.pdf,1,False,3,False
genuine,False,letter,genuine/letters/letter_381.pdf,1,False,2,False
genuine,False,letter,genuine/letters/letter_382.pdf,1,False,3,False
genuine,False,letter,genuine/letters/letter_383.pdf,1,False,2,False
genuine,False,letter,genuine/letters/letter_384.pdf,1,False,2,False
genuine,False,letter,genuine/letters/letter_385.pdf,1,False,3,False
genuine,False,letter,genuine/letters/letter_386.pdf,1,False,2,False
genuine,False,letter,genuine/letters/letter_387.pdf,1,False,3,False
genuine,False,letter,genuine/letters/letter_388.pdf,1,False,2,False
genuine,False,letter,genuine/letters/letter_389.pdf,1,False,3,False
genuine,False,letter,genuine/letters/letter_390.pdf,1,False,2,False
genuine,False,letter,genuine/letters/letter_391.pdf,1,False,3,False
genuine,False,letter,genuine/letters/letter_392.pdf,1,False,2,False
genuine,False,letter,genuine/letters/letter_393.pdf,1,False,2,False
genuine,False,letter,genuine/letters/letter_394.pdf,1,False,2,False
genuine,False,letter,genuine/letters/letter_395.pdf,1,False,2,False
genuine,False,letter,genuine/letters/letter_396.pdf,1,False,2,False
genuine,False,letter,genuine/letters/letter_397.pdf,1,False,3,False
genuine,False,letter,genuine/letters/letter_398.pdf,1,False,3,False
genuine,False,letter,genuine/letters/letter_399.pdf,1,False,3,False
genuine,False,letter,genuine/letters/letter_400.pdf,1,False,2,False
genuine,False,letter,genuine/letters/letter_401.pdf,1,False,2,False
genuine,False,letter,genuine/letters/letter_402.pdf,1,False,2,False
genuine,False,letter,genuine/letters/letter_403.pdf,1,False,2,False
genuine,False,letter,genuine/letters/letter_404.pdf,1,False,3,False
genuine,False,letter,genuine/letters/letter_405.pdf,1,False,3,False
genuine,False,letter,genuine/letters/letter_406.pdf,1,False,2,False
genuine,False,letter,genuine/letters/letter_407.pdf,1,False,2,False
genuine,False,letter,genuine/letters/letter_408.pdf,1,False,2,False
genuine,False,letter,genuine/letters/letter_409.pdf,1,False,2,False
genuine,False,letter,genuine/letters/letter_410.pdf,1,False,2,False
genuine,False,letter,genuine/letters/letter_411.pdf,1,False,2,False
genuine,False,letter,genuine/letters/letter_412.pdf,1,False,3,False
genuine,False,letter,genuine/letters/letter_413.pdf,1,False,2,False
genuine,False,letter,genuine/letters/letter_414.pdf,1,False,3,False
genuine,False,letter,genuine/letters/letter_415.pdf,1,False,3,False
genuine,False,letter,genuine/letters/letter_416.pdf,1,False,3,False
genuine,False,letter,genuine/letters/letter_417.pdf,1,False,2,False
genuine,False,letter,genuine/letters/letter_418.pdf,1,False,2,False
genuine,False,letter,genuine/letters/letter_419.pdf,1,False,2,False
genuine,False,letter,genuine/letters/letter_420.pdf,1,False,2,False
genuine,False,letter,genuine/letters/letter_421.pdf,1,False,2,False
genuine,False,letter,genuine/letters/letter_422.pdf,1,False,3,False
genuine,False,letter,genuine/letters/letter_423.pdf,1,False,2,False
genuine,False,letter,genuine/letters/letter_424.pdf,1,False,3,False
genuine,False,letter,genuine/letters/letter_425.pdf,1,False,2,False
genuine,False,letter,genuine/letters/letter_426.pdf,1,False,3,False
genuine,False,letter,genuine/letters/letter_427.pdf,1,False,3,False
genuine,False,letter,genuine/letters/letter_428.pdf,1,False,2,False
genuine,False,letter,genuine/letters/letter_429.pdf,1,False,3,False
genuine,False,letter,genuine/letters/letter_430.pdf,1,False,3,False
genuine,False,letter,genuine/letters/letter_431.pdf,1,False,2,False
genuine,False,letter,genuine/letters/letter_432.pdf,1,False,2,False
genuine,False,letter,genuine/letters/letter_433.pdf,1,False,3,False
genuine,False,letter,genuine/letters/letter_434.pdf,1,False,3,False
genuine,False,letter,genuine/letters/letter_435.pdf,1,False,2,False
genuine,False,letter,genuine/letters/letter_436.pdf,1,False,2,False
genuine,False,letter,genuine/letters/letter_437.pdf,1,False,3,False
genuine,False,letter,genuine/letters/letter_438.pdf,1,False,2,False
genuine,False,letter,genuine/letters/letter_439.pdf,1,False,3,False
genuine,False,letter,genuine/letters/letter_440.pdf,1,False,2,False
genuine,False,letter,genuine/letters/letter_441.pdf,1,False,2,False
genuine,False,letter,genuine/letters/letter_442.pdf,1,False,2,False
genuine,False,letter,genuine/letters/letter_443.pdf,1,False,2,False
genuine,False,letter,genuine/letters/letter_444.pdf,1,False,3,False
genuine,False,letter,genuine/letters/letter_445.pdf,1,False,3,False
genuine,False,letter,genuine/letters/letter_446.pdf,1,False,2,False
genuine,False,letter,genuine/letters/letter_447.pdf,1,False,2,False
genuine,False,letter,genuine/letters/letter_448.pdf,1,False,3,False
genuine,False,letter,genuine/letters/letter_449.pdf,1,False,2,False
genuine,False,letter,genuine/letters/letter_450.pdf,1,False,2,False
genuine,False,letter,genuine/letters/letter_451.pdf,1,False,3,False
genuine,False,letter,genuine/letters/letter_452.pdf,1,False,3,False
genuine,False,letter,genuine/letters/letter_453.pdf,1,False,2,False
genuine,False,letter,genuine/letters/letter_454.pdf,1,False,3,False
genuine,False,letter,genuine/letters/letter_455.pdf,1,False,3,False
genuine,False,letter,genuine/letters/letter_456.pdf,1,False,3,False
genuine,False,letter,genuine/letters/letter_457.pdf,1,False,2,False
genuine,False,letter,genuine/letters/letter_458.pdf,1,False,3,False
genuine,False,letter,genuine/letters/letter_459.pdf,1,False,3,False
genuine,False,letter,genuine/letters/letter_460.pdf,1,False,2,False
genuine,False,letter,genuine/letters/letter_461.pdf,1,False,3,False
genuine,False,letter,genuine/letters/letter_462.pdf,1,False,3,False
genuine,False,letter,genuine/letters/letter_463.pdf,1,False,2,False
genuine,False,letter,genuine/letters/letter_464.pdf,1,False,2,False
genuine,False,letter,genuine/letters/letter_465.pdf,1,False,3,False
genuine,False,letter,genuine/letters/letter_466.pdf,1,False,2,False
genuine,False,letter,genuine/letters/letter_467.pdf,1,False,3,False
genuine,False,letter,genuine/letters/letter_468.pdf,1,False,3,False
genuine,False,letter,genuine/letters/letter_469.pdf,1,False,2,False
genuine,False,letter,genuine/letters/letter_470.pdf,1,False,3,False
genuine,False,letter,genuine/letters/letter_471.pdf,1,False,3,False
genuine,False,letter,genuine/letters/letter_472.pdf,1,False,2,False
genuine,False,letter,genuine/letters/letter_473.pdf,1,False,2,False
genuine,False,letter,genuine/letters/letter_474.pdf,1,False,3,False
genuine,False,letter,genuine/letters/letter_475.pdf,1,False,3,False
genuine,False,letter,genuine/letters/letter_476.pdf,1,False,2,False
genuine,False,letter,genuine/letters/letter_477.pdf,1,False,2,False
genuine,False,letter,genuine/letters/letter_478.pdf,1,False,2,False
genuine,False,letter,genuine/letters/letter_479.pdf,1,False,3,False
genuine,False,letter,genuine/letters/letter_480.pdf,1,False,2,False
genuine,False,letter,genuine/letters/letter_481.pdf,1,False,3,False
genuine,False,letter,genuine/letters/letter_482.pdf,1,False,2,False
genuine,False,letter,genuine/letters/letter_483.pdf,1,False,3,False
genuine,False,letter,genuine/letters/letter_484.pdf,1,False,3,False
genuine,False,letter,genuine/letters/letter_485.pdf,1,False,2,False
genuine,False,letter,genuine/letters/letter_486.pdf,1,False,3,False
genuine,False,letter,genuine/letters/letter_487.pdf,1,False,3,False
genuine,False,letter,genuine/letters/letter_488.pdf,1,False,2,False
genuine,False,letter,genuine/letters/letter_489.pdf,1,False,3,False
genuine,False,letter,genuine/letters/letter_490.pdf,1,False,2,False
genuine,False,letter,genuine/letters/letter_491.pdf,1,False,2,False
genuine,False,letter,genuine/letters/letter_492.pdf,1,False,3,False
genuine,False,letter,genuine/letters/letter_493.pdf,1,False,3,False
genuine,False,letter,genuine/letters/letter_494.pdf,1,False,3,False
genuine,False,letter,genuine/letters/letter_495.pdf,1,False,3,False
genuine,False,letter,genuine/letters/letter_496.pdf,1,False,2,False
genuine,False,letter,genuine/letters/letter_497.pdf,1,False,3,False
genuine,False,letter,genuine/letters/letter_498.pdf,1,False,3,False
genuine,False,letter,genuine/letters/letter_499.pdf,1,False,2,False
genuine,False,letter,genuine/letters/letter_500.pdf,1,False,2,False
genuine,False,letter,genuine/letters/letter_501.pdf,1,False,2,False
genuine,False,letter,genuine/letters/letter_502.pdf,1,False,2,False
genuine,False,letter,genuine/letters/letter_503.pdf,1,False,3,False
genuine,False,letter,genuine/letters/letter_504.pdf,1,False,2,False
genuine,False,letter,genuine/letters/letter_505.pdf,1,False,3,False
genuine,False,letter,genuine/letters/letter_506.pdf,1,False,2,False
genuine,False,letter,genuine/letters/letter_507.pdf,1,False,2,False
genuine,False,letter,genuine/letters/letter_508.pdf,1,False,2,False
genuine,False,letter,genuine/letters/letter_509.pdf,1,False,3,False
genuine,False,letter,genuine/letters/letter_510.pdf,1,False,3,False
genuine,False,letter,genuine/letters/letter_511.pdf,1,False,2,False
genuine,False,letter,genuine/letters/letter_512.pdf,1,False,2,False
genuine,False,letter,genuine/letters/letter_513.pdf,1,False,3,False
genuine,False,letter,genuine/letters/letter_514.pdf,1,False,2,False
genuine,False,letter,genuine/letters/letter_515.pdf,1,False,3,False
genuine,False,letter,genuine/letters/letter_516.pdf,1,False,3,False
genuine,False,letter,genuine/letters/letter_517.pdf,1,False,2,False
genuine,False,letter,genuine/letters/letter_518.pdf,1,False,2,False
genuine,False,letter,genuine/letters/letter_519.pdf,1,False,3,False
genuine,False,letter,genuine/letters/letter_520.pdf,1,False,3,False
genuine,False,letter,genuine/letters/letter_521.pdf,1,False,2,False
genuine,False,letter,genuine/letters/letter_522.pdf,1,False,3,False
genuine,False,letter,genuine/letters/letter_523.pdf,1,False,3,False
genuine,False,letter,genuine/letters/letter_524.pdf,1,False,2,False
genuine,False,letter,genuine/letters/letter_525.pdf,1,False,3,False
genuine,False,letter,genuine/letters/letter_526.pdf,1,False,2,False
genuine,False,letter,genuine/letters/letter_527.pdf,1,False,3,False
genuine,False,letter,genuine/letters/letter_528.pdf,1,False,2,False
genuine,False,letter,genuine/letters/letter_529.pdf,1,False,2,False
genuine,False,letter,genuine/letters/letter_530.pdf,1,False,3,False
genuine,False,letter,genuine/letters/letter_531.pdf,1,False,2,False
genuine,False,letter,genuine/letters/letter_532.pdf,1,False,3,False
genuine,False,letter,genuine/letters/letter_533.pdf,1,False,2,False
genuine,False,letter,genuine/letters/letter_534.pdf,1,False,3,False
genuine,False,letter,genuine/letters/letter_535.pdf,1,False,2,False
genuine,False,letter,genuine/letters/letter_536.pdf,1,False,3,False
genuine,False,letter,genuine/letters/letter_537.pdf,1,False,3,False
genuine,False,letter,genuine/letters/letter_538.pdf,1,False,3,False
genuine,False,letter,genuine/letters/letter_539.pdf,1,False,3,False
genuine,False,letter,genuine/letters/letter_540.pdf,1,False,2,False
genuine,False,letter,genuine/letters/letter_541.pdf,1,False,2,False
genuine,False,letter,genuine/letters/letter_542.pdf,1,False,3,False
genuine,False,letter,genuine/letters/letter_543.pdf,1,False,3,False
genuine,False,letter,genuine/letters/letter_544.pdf,1,False,3,False
genuine,False,letter,genuine/letters/letter_545.pdf,1,False,2,False
genuine,False,letter,genuine/letters/letter_546.pdf,1,False,3,False
genuine,False,letter,genuine/letters/letter_547.pdf,1,False,2,False
genuine,False,letter,genuine/letters/letter_548.pdf,1,False,3,False
genuine,False,letter,genuine/letters/letter_549.pdf,1,False,2,False
genuine,False,letter,genuine/letters/letter_550.pdf,1,False,3,False
genuine,False,letter,genuine/letters/letter_551.pdf,1,False,2,False
genuine,False,letter,genuine/letters/letter_552.pdf,1,False,2,False
genuine,False,letter,genuine/letters/letter_553.pdf,1,False,3,False
genuine,False,letter,genuine/letters/letter_554.pdf,1,False,2,False
genuine,False,letter,genuine/letters/letter_555.pdf,1,False,2,False
genuine,False,letter,genuine/letters/letter_556.pdf,1,False,2,False
genuine,False,letter,genuine/letters/letter_557.pdf,1,False,2,False
genuine,False,letter,genuine/letters/letter_558.pdf,1,False,3,False
genuine,False,letter,genuine/letters/letter_559.pdf,1,False,3,False
genuine,False,letter,genuine/letters/letter_560.pdf,1,False,2,False
genuine,False,letter,genuine/letters/letter_561.pdf,1,False,3,False
genuine,False,letter,genuine/letters/letter_562.pdf,1,False,2,False
genuine,False,letter,genuine/letters/letter_563.pdf,1,False,3,False
genuine,False,letter,genuine/letters/letter_564.pdf,1,False,3,False
genuine,False,letter,genuine/letters/letter_565.pdf,1,False,2,False
genuine,False,letter,genuine/letters/letter_566.pdf,1,False,3,False
genuine,False,letter,genuine/letters/letter_567.pdf,1,False,3,False
genuine,False,letter,genuine/letters/letter_568.pdf,1,False,3,False
genuine,False,letter,genuine/letters/letter_569.pdf,1,False,3,False
genuine,False,letter,genuine/letters/letter_570.pdf,1,False,3,False
genuine,False,letter,genuine/letters/letter_571.pdf,1,False,3,False
genuine,False,letter,genuine/letters/letter_572.pdf,1,False,2,False
genuine,False,letter,genuine/letters/letter_573.pdf,1,False,2,False
genuine,False,letter,genuine/letters/letter_574.pdf,1,False,3,False
genuine,False,letter,genuine/letters/letter_575.pdf,1,False,3,False
genuine,False,letter,genuine/letters/letter_576.pdf,1,False,3,False
genuine,False,letter,genuine/letters/letter_577.pdf,1,False,2,False
genuine,False,letter,genuine/letters/letter_578.pdf,1,False,2,False
genuine,False,letter,genuine/letters/letter_579.pdf,1,False,3,False
genuine,False,letter,genuine/letters/letter_580.pdf,1,False,3,False
genuine,False,letter,genuine/letters/letter_581.pdf,1,False,2,False
genuine,False,letter,genuine/letters/letter_582.pdf,1,False,3,False
genuine,False,letter,genuine/letters/letter_583.pdf,1,False,2,False
genuine,False,letter,genuine/letters/letter_584.pdf,1,False,3,False
genuine,False,letter,genuine/letters/letter_585.pdf,1,False,2,False
genuine,False,letter,genuine/letters/letter_586.pdf,1,False,2,False
genuine,False,letter,genuine/letters/letter_587.pdf,1,False,3,False
genuine,False,letter,genuine/letters/letter_588.pdf,1,False,2,False
genuine,False,letter,genuine/letters/letter_589.pdf,1,False,2,False
genuine,False,letter,genuine/letters/letter_590.pdf,1,False,3,False
genuine,False,letter,genuine/letters/letter_591.pdf,1,False,3,False
genuine,False,letter,genuine/letters/letter_592.pdf,1,False,2,False
genuine,False,letter,genuine/letters/letter_593.pdf,1,False,3,False
genuine,False,letter,genuine/letters/letter_594.pdf,1,False,3,False
genuine,False,letter,genuine/letters/letter_595.pdf,1,False,3,False
genuine,False,letter,genuine/letters/letter_596.pdf,1,False,3,False
genuine,False,letter,genuine/letters/letter_597.pdf,1,False,2,False
genuine,False,letter,genuine/letters/letter_598.pdf,1,False,2,False
genuine,False,letter,genuine/letters/letter_599.pdf,1,False,2,False
genuine,False,letter,genuine/letters/letter_600.pdf,1,False,2,False
genuine,False,letter,genuine/letters/letter_601.pdf,1,False,3,False
genuine,False,letter,genuine/letters/letter_602.pdf,1,False,2,False
genuine,False,letter,genuine/letters/letter_603.pdf,1,False,3,False
genuine,False,letter,genuine/letters/letter_604.pdf,1,False,3,False
genuine,False,letter,genuine/letters/letter_605.pdf,1,False,3,False
genuine,False,letter,genuine/letters/letter_606.pdf,1,False,2,False
genuine,False,letter,genuine/letters/letter_607.pdf,1,False,3,False
genuine,False,letter,genuine/letters/letter_608.pdf,1,False,2,False
genuine,False,letter,genuine/letters/letter_609.pdf,1,False,3,False
genuine,False,letter,genuine/letters/letter_610.pdf,1,False,2,False
genuine,False,letter,genuine/letters/letter_611.pdf,1,False,3,False
genuine,False,letter,genuine/letters/letter_612.pdf,1,False,2,False
genuine,False,letter,genuine/letters/letter_613.pdf,1,False,3,False
genuine,False,letter,genuine/letters/letter_614.pdf,1,False,3,False
genuine,False,letter,genuine/letters/letter_615.pdf,1,False,3,False
genuine,False,letter,genuine/letters/letter_616.pdf,1,False,2,False
genuine,False,letter,genuine/letters/letter_617.pdf,1,False,2,False
genuine,False,letter,genuine/letters/letter_618.pdf,1,False,2,False
genuine,False,letter,genuine/letters/letter_619.pdf,1,False,3,False
genuine,False,letter,genuine/letters/letter_620.pdf,1,False,3,False
genuine,False,letter,genuine/letters/letter_621.pdf,1,False,2,False
genuine,False,letter,genuine/letters/letter_622.pdf,1,False,3,False
genuine,False,letter,genuine/letters/letter_623.pdf,1,False,2,False
genuine,False,letter,genuine/letters/letter_624.pdf,1,False,3,False
genuine,False,letter,genuine/letters/letter_625.pdf,1,False,2,False
genuine,False,letter,genuine/letters/letter_626.pdf,1,False,2,False
genuine,False,letter,genuine/letters/letter_627.pdf,1,False,2,False
genuine,False,letter,genuine/letters/letter_628.pdf,1,False,2,False
genuine,False,letter,genuine/letters/letter_629.pdf,1,False,3,False
genuine,False,letter,genuine/letters/letter_630.pdf,1,False,3,False
genuine,False,letter,genuine/letters/letter_631.pdf,1,False,2,False
genuine,False,letter,genuine/letters/letter_632.pdf,1,False,2,False
genuine,False,letter,genuine/letters/letter_633.pdf,1,False,3,False
genuine,False,letter,genuine/letters/letter_634.pdf,1,False,3,False
genuine,False,letter,genuine/letters/letter_635.pdf,1,False,2,False
genuine,False,letter,genuine/letters/letter_636.pdf,1,False,2,False
genuine,False,letter,genuine/letters/letter_637.pdf,1,False,2,False
genuine,False,letter,genuine/letters/letter_638.pdf,1,False,2,False
genuine,False,letter,genuine/letters/letter_639.pdf,1,False,3,False
genuine,False,letter,genuine/letters/letter_640.pdf,1,False,3,False
genuine,False,letter,genuine/letters/letter_641.pdf,1,False,2,False
genuine,False,letter,genuine/letters/letter_642.pdf,1,False,3,False
genuine,False,letter,genuine/letters/letter_643.pdf,1,False,3,False
genuine,False,letter,genuine/letters/letter_644.pdf,1,False,3,False
genuine,False,letter,genuine/letters/letter_645.pdf,1,False,3,False
genuine,False,letter,genuine/letters/letter_646.pdf,1,False,3,False
genuine,False,letter,genuine/letters/letter_647.pdf,1,False,2,False
genuine,False,letter,genuine/letters/letter_648.pdf,1,False,3,False
genuine,False,letter,genuine/letters/letter_649.pdf,1,False,3,False
genuine,False,letter,genuine/letters/letter_650.pdf,1,False,3,False
genuine,False,letter,genuine/letters/letter_651.pdf,1,False,3,False
genuine,False,letter,genuine/letters/letter_652.pdf,1,False,3,False
genuine,False,letter,genuine/letters/letter_653.pdf,1,False,3,False
genuine,False,letter,genuine/letters/letter_654.pdf,1,False,2,False
genuine,False,letter,genuine/letters/letter_655.pdf,1,False,2,False
genuine,False,letter,genuine/letters/letter_656.pdf,1,False,2,False
genuine,False,letter,genuine/letters/letter_657.pdf,1,False,2,False
genuine,False,letter,genuine/letters/letter_658.pdf,1,False,2,False
genuine,False,letter,genuine/letters/letter_659.pdf,1,False,2,False
genuine,False,letter,genuine/letters/letter_660.pdf,1,False,2,False
genuine,False,letter,genuine/letters/letter_661.pdf,1,False,3,False
genuine,False,letter,genuine/letters/letter_662.pdf,1,False,2,False
genuine,False,letter,genuine/letters/letter_663.pdf,1,False,3,False
genuine,False,letter,genuine/letters/letter_664.pdf,1,False,2,False
genuine,False,letter,genuine/letters/letter_665.pdf,1,False,3,False
genuine,False,letter,genuine/letters/letter_666.pdf,1,False,3,False
genuine,False,letter,genuine/letters/letter_667.pdf,1,False,2,False
genuine,False,letter,genuine/letters/letter_668.pdf,1,False,2,False
genuine,False,letter,genuine/letters/letter_669.pdf,1,False,3,False
genuine,False,letter,genuine/letters/letter_670.pdf,1,False,2,False
genuine,False,letter,genuine/letters/letter_671.pdf,1,False,3,False
genuine,False,letter,genuine/letters/letter_672.pdf,1,False,2,False
genuine,False,letter,genuine/letters/letter_673.pdf,1,False,2,False
genuine,False,letter,genuine/letters/letter_674.pdf,1,False,2,False
genuine,False,letter,genuine/letters/letter_675.pdf,1,False,2,False
genuine,False,letter,genuine/letters/letter_676.pdf,1,False,3,False
genuine,False,letter,genuine/letters/letter_677.pdf,1,False,3,False
genuine,False,letter,genuine/letters/letter_678.pdf,1,False,3,False
genuine,False,letter,genuine/letters/letter_679.pdf,1,False,2,False
genuine,False,letter,genuine/letters/letter_680.pdf,1,False,2,False
genuine,False,letter,genuine/letters/letter_681.pdf,1,False,2,False
genuine,False,letter,genuine/letters/letter_682.pdf,1,False,3,False
genuine,False,letter,genuine/letters/letter_683.pdf,1,False,2,False
genuine,False,letter,genuine/letters/letter_684.pdf,1,False,2,False
genuine,False,letter,genuine/letters/letter_685.pdf,1,False,3,False
genuine,False,letter,genuine/letters/letter_686.pdf,1,False,2,False
genuine,False,letter,genuine/letters/letter_687.pdf,1,False,3,False
genuine,False,letter,genuine/letters/letter_688.pdf,1,False,3,False
genuine,False,letter,genuine/letters/letter_689.pdf,1,False,3,False
genuine,False,letter,genuine/letters/letter_690.pdf,1,False,2,False
genuine,False,letter,genuine/letters/letter_691.pdf,1,False,2,False
genuine,False,letter,genuine/letters/letter_692.pdf,1,False,3,False
genuine,False,letter,genuine/letters/letter_693.pdf,1,False,2,False
genuine,False,letter,genuine/letters/letter_694.pdf,1,False,2,False
genuine,False,letter,genuine/letters/letter_695.pdf,1,False,2,False
genuine,False,letter,genuine/letters/letter_696.pdf,1,False,2,False
genuine,False,letter,genuine/letters/letter_697.pdf,1,False,3,False
genuine,False,letter,genuine/letters/letter_698.pdf,1,False,2,False
genuine,False,letter,genuine/letters/letter_699.pdf,1,False,3,False
genuine,False,letter,genuine/letters/letter_700.pdf,1,False,2,False
genuine,False,letter,genuine/letters/letter_701.pdf,1,False,2,False
genuine,False,letter,genuine/letters/letter_702.pdf,1,False,3,False
genuine,False,letter,genuine/letters/letter_703.pdf,1,False,2,False
genuine,False,letter,genuine/letters/letter_704.pdf,1,False,2,False
genuine,False,letter,genuine/letters/letter_705.pdf,1,False,2,False
genuine,False,letter,genuine/letters/letter_706.pdf,1,False,3,False
genuine,False,letter,genuine/letters/letter_707.pdf,1,False,2,False
genuine,False,letter,genuine/letters/letter_708.pdf,1,False,2,False
genuine,False,letter,genuine/letters/letter_709.pdf,1,False,3,False
genuine,False,letter,genuine/letters/letter_710.pdf,1,False,2,False
genuine,False,letter,genuine/letters/letter_711.pdf,1,False,3,False
genuine,False,letter,genuine/letters/letter_712.pdf,1,False,2,False
genuine,False,letter,genuine/letters/letter_713.pdf,1,False,2,False
genuine,False,letter,genuine/letters/letter_714.pdf,1,False,2,False
genuine,False,letter,genuine/letters/letter_715.pdf,1,False,3,False
genuine,False,letter,genuine/letters/letter_716.pdf,1,False,2,False
genuine,False,letter,genuine/letters/letter_717.pdf,1,False,3,False
genuine,False,letter,genuine/letters/letter_718.pdf,1,False,3,False
genuine,False,letter,genuine/letters/letter_719.pdf,1,False,2,False
genuine,False,letter,genuine/letters/letter_720.pdf,1,False,3,False
genuine,False,letter,genuine/letters/letter_721.pdf,1,False,2,False
genuine,False,letter,genuine/letters/letter_722.pdf,1,False,2,False
genuine,False,letter,genuine/letters/letter_723.pdf,1,False,3,False
genuine,False,letter,genuine/letters/letter_724.pdf,1,False,2,False
genuine,False,letter,genuine/letters/letter_725.pdf,1,False,2,False
genuine,False,letter,genuine/letters/letter_726.pdf,1,False,3,False
genuine,False,letter,genuine/letters/letter_727.pdf,1,False,2,False
genuine,False,letter,genuine/letters/letter_728.pdf,1,False,3,False
genuine,False,letter,genuine/letters/letter_729.pdf,1,False,3,False
genuine,False,letter,genuine/letters/letter_730.pdf,1,False,2,False
genuine,False,letter,genuine/letters/letter_731.pdf,1,False,2,False
genuine,False,letter,genuine/letters/letter_732.pdf,1,False,2,False
genuine,False,letter,genuine/letters/letter_733.pdf,1,False,2,False
genuine,False,letter,genuine/letters/letter_734.pdf,1,False,2,False
genuine,False,letter,genuine/letters/letter_735.pdf,1,False,2,False
genuine,False,letter,genuine/letters/letter_736.pdf,1,False,3,False
genuine,False,letter,genuine/letters/letter_737.pdf,1,False,2,False
genuine,False,letter,genuine/letters/letter_738.pdf,1,False,3,False
genuine,False,letter,genuine/letters/letter_739.pdf,1,False,2,False
genuine,False,letter,genuine/letters/letter_740.pdf,1,False,3,False
genuine,False,letter,genuine/letters/letter_741.pdf,1,False,2,False
genuine,False,letter,genuine/letters/letter_742.pdf,1,False,3,False
genuine,False,letter,genuine/letters/letter_743.pdf,1,False,2,False
genuine,False,letter,genuine/letters/letter_744.pdf,1,False,2,False
genuine,False,letter,genuine/letters/letter_745.pdf,1,False,2,False
genuine,False,letter,genuine/letters/letter_746.pdf,1,False,3,False
genuine,False,letter,genuine/letters/letter_747.pdf,1,False,3,False
genuine,False,letter,genuine/letters/letter_748.pdf,1,False,2,False
genuine,False,letter,genuine/letters/letter_749.pdf,1,False,2,False
genuine,False,letter,genuine/letters/letter_750.pdf,1,False,3,False
genuine,False,letter,genuine/letters/letter_751.pdf,1,False,3,False
genuine,False,letter,genuine/letters/letter_752.pdf,1,False,3,False
genuine,False,letter,genuine/letters/letter_753.pdf,1,False,3,False
genuine,False,letter,genuine/letters/letter_754.pdf,1,False,2,False
genuine,False,letter,genuine/letters/letter_755.pdf,1,False,3,False
genuine,False,letter,genuine/letters/letter_756.pdf,1,False,2,False
genuine,False,letter,genuine/letters/letter_757.pdf,1,False,3,False
genuine,False,letter,genuine/letters/letter_758.pdf,1,False,2,False
genuine,False,letter,genuine/letters/letter_759.pdf,1,False,3,False
genuine,False,letter,genuine/letters/letter_760.pdf,1,False,2,False
genuine,False,letter,genuine/letters/letter_761.pdf,1,False,3,False
genuine,False,letter,genuine/letters/letter_762.pdf,1,False,2,False
genuine,False,letter,genuine/letters/letter_763.pdf,1,False,3,False
genuine,False,letter,genuine/letters/letter_764.pdf,1,False,2,False
genuine,False,letter,genuine/letters/letter_765.pdf,1,False,3,False
genuine,False,letter,genuine/letters/letter_766.pdf,1,False,2,False
genuine,False,letter,genuine/letters/letter_767.pdf,1,False,2,False
genuine,False,letter,genuine/letters/letter_768.pdf,1,False,2,False
genuine,False,letter,genuine/letters/letter_769.pdf,1,False,3,False
genuine,False,letter,genuine/letters/letter_770.pdf,1,False,3,False
genuine,False,letter,genuine/letters/letter_771.pdf,1,False,2,False
genuine,False,letter,genuine/letters/letter_772.pdf,1,False,2,False
genuine,False,letter,genuine/letters/letter_773.pdf,1,False,2,False
genuine,False,letter,genuine/letters/letter_774.pdf,1,False,2,False
genuine,False,letter,genuine/letters/letter_775.pdf,1,False,3,False
genuine,False,letter,genuine/letters/letter_776.pdf,1,False,3,False
genuine,False,letter,genuine/letters/letter_777.pdf,1,False,3,False
genuine,False,letter,genuine/letters/letter_778.pdf,1,False,3,False
genuine,False,letter,genuine/letters/letter_779.pdf,1,False,3,False
genuine,False,letter,genuine/letters/letter_780.pdf,1,False,3,False
genuine,False,letter,genuine/letters/letter_781.pdf,1,False,3,False
genuine,False,letter,genuine/letters/letter_782.pdf,1,False,2,False
genuine,False,letter,genuine/letters/letter_783.pdf,1,False,3,False
genuine,False,letter,genuine/letters/letter_784.pdf,1,False,3,False
genuine,False,letter,genuine/letters/letter_785.pdf,1,False,3,False
genuine,False,letter,genuine/letters/letter_786.pdf,1,False,2,False
genuine,False,letter,genuine/letters/letter_787.pdf,1,False,3,False
genuine,False,letter,genuine/letters/letter_788.pdf,1,False,2,False
genuine,False,letter,genuine/letters/letter_789.pdf,1,False,3,False
genuine,False,letter,genuine/letters/letter_790.pdf,1,False,3,False
genuine,False,letter,genuine/letters/letter_791.pdf,1,False,2,False
genuine,False,letter,genuine/letters/letter_792.pdf,1,False,2,False
genuine,False,letter,genuine/letters/letter_793.pdf,1,False,3,False
genuine,False,letter,genuine/letters/letter_794.pdf,1,False,2,False
genuine,False,letter,genuine/letters/letter_795.pdf,1,False,2,False
genuine,False,letter,genuine/letters/letter_796.pdf,1,False,2,False
genuine,False,letter,genuine/letters/letter_797.pdf,1,False,3,False
genuine,False,letter,genuine/letters/letter_798.pdf,1,False,2,False
genuine,False,letter,genuine/letters/letter_799.pdf,1,False,2,False
genuine,False,letter,genuine/letters/letter_800.pdf,1,False,2,False
genuine,False,letter,genuine/letters/letter_801.pdf,1,False,2,False
genuine,False,letter,genuine/letters/letter_802.pdf,1,False,2,False
genuine,False,letter,genuine/letters/letter_803.pdf,1,False,2,False
genuine,False,letter,genuine/letters/letter_804.pdf,1,False,2,False
genuine,False,letter,genuine/letters/letter_805.pdf,1,False,2,False
genuine,False,letter,genuine/letters/letter_806.pdf,1,False,3,False
genuine,False,letter,genuine/letters/letter_807.pdf,1,False,2,False
genuine,False,letter,genuine/letters/letter_808.pdf,1,False,3,False
genuine,False,letter,genuine/letters/letter_809.pdf,1,False,2,False
genuine,False,letter,genuine/letters/letter_810.pdf,1,False,3,False
genuine,False,letter,genuine/letters/letter_811.pdf,1,False,3,False
genuine,False,letter,genuine/letters/letter_812.pdf,1,False,3,False
genuine,False,letter,genuine/letters/letter_813.pdf,1,False,3,False
genuine,False,letter,genuine/letters/letter_814.pdf,1,False,3,False
genuine,False,letter,genuine/letters/letter_815.pdf,1,False,3,False
genuine,False,letter,genuine/letters/letter_816.pdf,1,False,2,False
genuine,False,letter,genuine/letters/letter_817.pdf,1,False,2,False
genuine,False,letter,genuine/letters/letter_818.pdf,1,False,2,False
genuine,False,letter,genuine/letters/letter_819.pdf,1,False,3,False
genuine,False,letter,genuine/letters/letter_820.pdf,1,False,2,False
genuine,False,letter,genuine/letters/letter_821.pdf,1,False,2,False
genuine,False,letter,genuine/letters/letter_822.pdf,1,False,2,False
genuine,False,letter,genuine/letters/letter_823.pdf,1,False,2,False
genuine,False,letter,genuine/letters/letter_824.pdf,1,False,3,False
genuine,False,letter,genuine/letters/letter_825.pdf,1,False,2,False
genuine,False,letter,genuine/letters/letter_826.pdf,1,False,3,False
genuine,False,letter,genuine/letters/letter_827.pdf,1,False,3,False
genuine,False,letter,genuine/letters/letter_828.pdf,1,False,2,False
genuine,False,letter,genuine/letters/letter_829.pdf,1,False,2,False
genuine,False,letter,genuine/letters/letter_830.pdf,1,False,3,False
genuine,False,letter,genuine/letters/letter_831.pdf,1,False,2,False
genuine,False,letter,genuine/letters/letter_832.pdf,1,False,2,False
genuine,False,letter,genuine/letters/letter_833.pdf,1,False,3,False
genuine,False,letter,genuine/letters/letter_834.pdf,1,False,3,False
genuine,False,letter,genuine/letters/letter_835.pdf,1,False,3,False
genuine,False,letter,genuine/letters/letter_836.pdf,1,False,3,False
genuine,False,letter,genuine/letters/letter_837.pdf,1,False,3,False
genuine,False,letter,genuine/letters/letter_838.pdf,1,False,3,False
genuine,False,letter,genuine/letters/letter_839.pdf,1,False,2,False
genuine,False,letter,genuine/letters/letter_840.pdf,1,False,2,False
genuine,False,letter,genuine/letters/letter_841.pdf,1,False,3,False
genuine,False,letter,genuine/letters/letter_842.pdf,1,False,3,False
genuine,False,letter,genuine/letters/letter_843.pdf,1,False,2,False
genuine,False,letter,genuine/letters/letter_844.pdf,1,False,2,False
genuine,False,letter,genuine/letters/letter_845.pdf,1,False,3,False
genuine,False,letter,genuine/letters/letter_846.pdf,1,False,2,False
genuine,False,letter,genuine/letters/letter_847.pdf,1,False,3,False
genuine,False,letter,genuine/letters/letter_848.pdf,1,False,2,False
genuine,False,letter,genuine/letters/letter_849.pdf,1,False,2,False
genuine,False,letter,genuine/letters/letter_850.pdf,1,False,3,False
genuine,False,letter,genuine/letters/letter_851.pdf,1,False,2,False
genuine,False,letter,genuine/letters/letter_852.pdf,1,False,3,False
genuine,False,letter,genuine/letters/letter_853.pdf,1,False,3,False
genuine,False,letter,genuine/letters/letter_854.pdf,1,False,3,False
genuine,False,letter,genuine/letters/letter_855.pdf,1,False,2,False
genuine,False,letter,genuine/letters/letter_856.pdf,1,False,2,False
genuine,False,letter,genuine/letters/letter_857.pdf,1,False,2,False
genuine,False,letter,genuine/letters/letter_858.pdf,1,False,2,False
genuine,False,letter,genuine/letters/letter_859.pdf,1,False,2,False
genuine,False,letter,genuine/letters/letter_860.pdf,1,False,2,False
genuine,False,letter,genuine/letters/letter_861.pdf,1,False,3,False
genuine,False,letter,genuine/letters/letter_862.pdf,1,False,3,False
genuine,False,letter,genuine/letters/letter_863.pdf,1,False,3,False
genuine,False,letter,genuine/letters/letter_864.pdf,1,False,3,False
genuine,False,letter,genuine/letters/letter_865.pdf,1,False,3,False
genuine,False,letter,genuine/letters/letter_866.pdf,1,False,3,False
genuine,False,letter,genuine/letters/letter_867.pdf,1,False,3,False
genuine,False,letter,genuine/letters/letter_868.pdf,1,False,2,False
genuine,False,letter,genuine/letters/letter_869.pdf,1,False,2,False
genuine,False,letter,genuine/letters/letter_870.pdf,1,False,3,False
genuine,False,letter,genuine/letters/letter_871.pdf,1,False,2,False
genuine,False,letter,genuine/letters/letter_872.pdf,1,False,2,False
genuine,False,letter,genuine/letters/letter_873.pdf,1,False,2,False
genuine,False,letter,genuine/letters/letter_874.pdf,1,False,3,False
genuine,False,letter,genuine/letters/letter_875.pdf,1,False,3,False
genuine,False,letter,genuine/letters/letter_876.pdf,1,False,2,False
genuine,False,letter,genuine/letters/letter_877.pdf,1,False,3,False
genuine,False,letter,genuine/letters/letter_878.pdf,1,False,2,False
genuine,False,letter,genuine/letters/letter_879.pdf,1,False,3,False
genuine,False,letter,genuine/letters/letter_880.pdf,1,False,2,False
genuine,False,letter,genuine/letters/letter_881.pdf,1,False,2,False
genuine,False,letter,genuine/letters/letter_882.pdf,1,False,3,False
genuine,False,letter,genuine/letters/letter_883.pdf,1,False,3,False
genuine,False,letter,genuine/letters/letter_884.pdf,1,False,3,False
genuine,False,letter,genuine/letters/letter_885.pdf,1,False,2,False
genuine,False,letter,genuine/letters/letter_886.pdf,1,False,3,False
genuine,False,letter,genuine/letters/letter_887.pdf,1,False,2,False
genuine,False,letter,genuine/letters/letter_888.pdf,1,False,2,False
genuine,False,letter,genuine/letters/letter_889.pdf,1,False,3,False
genuine,False,letter,genuine/letters/letter_890.pdf,1,False,3,False
genuine,False,letter,genuine/letters/letter_891.pdf,1,False,2,False
genuine,False,letter,genuine/letters/letter_892.pdf,1,False,2,False
genuine,False,letter,genuine/letters/letter_893.pdf,1,False,3,False
genuine,False,letter,genuine/letters/letter_894.pdf,1,False,2,False
genuine,False,letter,genuine/letters/letter_895.pdf,1,False,3,False
genuine,False,letter,genuine/letters/letter_896.pdf,1,False,3,False
genuine,False,letter,genuine/letters/letter_897.pdf,1,False,2,False
genuine,False,letter,genuine/letters/letter_898.pdf,1,False,2,False
genuine,False,letter,genuine/letters/letter_899.pdf,1,False,3,False
genuine,False,letter,genuine/letters/letter_900.pdf,1,False,2,False
genuine,False,letter,genuine/letters/letter_901.pdf,1,False,2,False
genuine,False,letter,genuine/letters/letter_902.pdf,1,False,2,False
genuine,False,letter,genuine/letters/letter_903.pdf,1,False,2,False
genuine,False,letter,genuine/letters/letter_904.pdf,1,False,3,False
genuine,False,letter,genuine/letters/letter_905.pdf,1,False,3,False
genuine,False,letter,genuine/letters/letter_906.pdf,1,False,2,False
genuine,False,letter,genuine/letters/letter_907.pdf,1,False,3,False
genuine,False,letter,genuine/letters/letter_908.pdf,1,False,2,False
genuine,False,letter,genuine/letters/letter_909.pdf,1,False,3,False
genuine,False,letter,genuine/letters/letter_910.pdf,1,False,3,False
genuine,False,letter,genuine/letters/letter_911.pdf,1,False,2,False
genuine,False,letter,genuine/letters/letter_912.pdf,1,False,2,False
genuine,False,letter,genuine/letters/letter_913.pdf,1,False,2,False
genuine,False,letter,genuine/letters/letter_914.pdf,1,False,3,False
genuine,False,letter,genuine/letters/letter_915.pdf,1,False,2,False
genuine,False,letter,genuine/letters/letter_916.pdf,1,False,3,False
genuine,False,letter,genuine/letters/letter_917.pdf,1,False,2,False
genuine,False,letter,genuine/letters/letter_918.pdf,1,False,2,False
genuine,False,letter,genuine/letters/letter_919.pdf,1,False,2,False
genuine,False,letter,genuine/letters/letter_920.pdf,1,False,2,False
genuine,False,letter,genuine/letters/letter_921.pdf,1,False,2,False
genuine,False,letter,genuine/letters/letter_922.pdf,1,False,3,False
genuine,False,letter,genuine/letters/letter_923.pdf,1,False,3,False
genuine,False,letter,genuine/letters/letter_924.pdf,1,False,3,False
genuine,False,letter,genuine/letters/letter_925.pdf,1,False,3,False
genuine,False,letter,genuine/letters/letter_926.pdf,1,False,2,False
genuine,False,letter,genuine/letters/letter_927.pdf,1,False,3,False
genuine,False,letter,genuine/letters/letter_928.pdf,1,False,3,False
genuine,False,letter,genuine/letters/letter_929.pdf,1,False,3,False
genuine,False,letter,genuine/letters/letter_930.pdf,1,False,2,False
genuine,False,letter,genuine/letters/letter_931.pdf,1,False,2,False
genuine,False,letter,genuine/letters/letter_932.pdf,1,False,2,False
genuine,False,letter,genuine/letters/letter_933.pdf,1,False,3,False
genuine,False,letter,genuine/letters/letter_934.pdf,1,False,2,False
genuine,False,letter,genuine/letters/letter_935.pdf,1,False,2,False
genuine,False,letter,genuine/letters/letter_936.pdf,1,False,2,False
genuine,False,letter,genuine/letters/letter_937.pdf,1,False,2,False
genuine,False,letter,genuine/letters/letter_938.pdf,1,False,3,False
genuine,False,letter,genuine/letters/letter_939.pdf,1,False,3,False
genuine,False,letter,genuine/letters/letter_940.pdf,1,False,3,False
genuine,False,letter,genuine/letters/letter_941.pdf,1,False,3,False
genuine,False,letter,genuine/letters/letter_942.pdf,1,False,3,False
genuine,False,letter,genuine/letters/letter_943.pdf,1,False,3,False
genuine,False,letter,genuine/letters/letter_944.pdf,1,False,3,False
genuine,False,letter,genuine/letters/letter_945.pdf,1,False,3,False
genuine,False,letter,genuine/letters/letter_946.pdf,1,False,3,False
genuine,False,letter,genuine/letters/letter_947.pdf,1,False,3,False
genuine,False,letter,genuine/letters/letter_948.pdf,1,False,2,False
genuine,False,letter,genuine/letters/letter_949.pdf,1,False,2,False
genuine,False,letter,genuine/letters/letter_950.pdf,1,False,2,False
genuine,False,letter,genuine/letters/letter_951.pdf,1,False,2,False
genuine,False,letter,genuine/letters/letter_952.pdf,1,False,3,False
genuine,False,letter,genuine/letters/letter_953.pdf,1,False,2,False
genuine,False,letter,genuine/letters/letter_954.pdf,1,False,2,False
genuine,False,letter,genuine/letters/letter_955.pdf,1,False,3,False
genuine,False,letter,genuine/letters/letter_956.pdf,1,False,2,False
genuine,False,letter,genuine/letters/letter_957.pdf,1,False,3,False
genuine,False,letter,genuine/letters/letter_958.pdf,1,False,3,False
genuine,False,letter,genuine/letters/letter_959.pdf,1,False,2,False
genuine,False,letter,genuine/letters/letter_960.pdf,1,False,2,False
genuine,False,letter,genuine/letters/letter_961.pdf,1,False,2,False
genuine,False,letter,genuine/letters/letter_962.pdf,1,False,3,False
genuine,False,letter,genuine/letters/letter_963.pdf,1,False,2,False
genuine,False,letter,genuine/letters/letter_964.pdf,1,False,3,False
genuine,False,letter,genuine/letters/letter_965.pdf,1,False,3,False
genuine,False,letter,genuine/letters/letter_966.pdf,1,False,3,False
genuine,False,letter,genuine/letters/letter_967.pdf,1,False,2,False
genuine,False,letter,genuine/letters/letter_968.pdf,1,False,2,False
genuine,False,letter,genuine/letters/letter_969.pdf,1,False,3,False
genuine,False,letter,genuine/letters/letter_970.pdf,1,False,2,False
genuine,False,letter,genuine/letters/letter_971.pdf,1,False,3,False
genuine,False,letter,genuine/letters/letter_972.pdf,1,False,2,False
genuine,False,letter,genuine/letters/letter_973.pdf,1,False,3,False
genuine,False,letter,genuine/letters/letter_974.pdf,1,False,2,False
genuine,False,letter,genuine/letters/letter_975.pdf,1,False,3,False
genuine,False,letter,genuine/letters/letter_976.pdf,1,False,3,False
genuine,False,letter,genuine/letters/letter_977.pdf,1,False,3,False
genuine,False,letter,genuine/letters/letter_978.pdf,1,False,2,False
genuine,False,letter,genuine/letters/letter_979.pdf,1,False,3,False
genuine,False,letter,genuine/letters/letter_980.pdf,1,False,2,False
genuine,False,letter,genuine/letters/letter_981.pdf,1,False,3,False
genuine,False,letter,genuine/letters/letter_982.pdf,1,False,3,False
genuine,False,letter,genuine/letters/letter_983.pdf,1,False,2,False
genuine,False,letter,genuine/letters/letter_984.pdf,1,False,3,False
genuine,False,letter,genuine/letters/letter_985.pdf,1,False,3,False
genuine,False,letter,genuine/letters/letter_986.pdf,1,False,2,False
genuine,False,letter,genuine/letters/letter_987.pdf,1,False,2,False
genuine,False,letter,genuine/letters/letter_988.pdf,1,False,3,False
genuine,False,letter,genuine/letters/letter_989.pdf,1,False,2,False
genuine,False,letter,genuine/letters/letter_990.pdf,1,False,2,False
genuine,False,letter,genuine/letters/letter_991.pdf,1,False,3,False
genuine,False,letter,genuine/letters/letter_992.pdf,1,False,3,False
genuine,False,letter,genuine/letters/letter_993.pdf,1,False,2,False
genuine,False,letter,genuine/letters/letter_994.pdf,1,False,2,False
genuine,False,letter,genuine/letters/letter_995.pdf,1,False,2,False
genuine,False,letter,genuine/letters/letter_996.pdf,1,False,2,False
genuine,False,letter,genuine/letters/letter_997.pdf,1,False,2,False
genuine,False,letter,genuine/letters/letter_998.pdf,1,False,3,False
genuine,False,letter,genuine/letters/letter_999.pdf,1,False,3,False
genuine,False,medical,genuine/medicals/medical_001.pdf,1,False,3,False
genuine,False,medical,genuine/medicals/medical_002.pdf,1,False,2,False
genuine,False,medical,genuine/medicals/medical_003.pdf,1,False,2,False
genuine,False,medical,genuine/medicals/medical_004.pdf,1,False,3,False
genuine,False,medical,genuine/medicals/medical_005.pdf,1,False,2,False
genuine,False,medical,genuine/medicals/medical_006.pdf,1,False,3,False
genuine,False,medical,genuine/medicals/medical_007.pdf,1,False,3,False
genuine,False,medical,genuine/medicals/medical_008.pdf,1,False,2,False
genuine,False,medical,genuine/medicals/medical_009.pdf,1,False,3,False
genuine,False,medical,genuine/medicals/medical_010.pdf,1,False,2,False
genuine,False,medical,genuine/medicals/medical_011.pdf,1,False,3,False
genuine,False,medical,genuine/medicals/medical_012.pdf,1,False,2,False
genuine,False,medical,genuine/medicals/medical_013.pdf,1,False,3,False
genuine,False,medical,genuine/medicals/medical_014.pdf,1,False,2,False
genuine,False,medical,genuine/medicals/medical_015.pdf,1,False,3,False
genuine,False,medical,genuine/medicals/medical_016.pdf,1,False,3,False
genuine,False,medical,genuine/medicals/medical_017.pdf,1,False,3,False
genuine,False,medical,genuine/medicals/medical_018.pdf,1,False,3,False
genuine,False,medical,genuine/medicals/medical_019.pdf,1,False,2,False
genuine,False,medical,genuine/medicals/medical_020.pdf,1,False,2,False
genuine,False,medical,genuine/medicals/medical_021.pdf,1,False,2,False
genuine,False,medical,genuine/medicals/medical_022.pdf,1,False,2,False
genuine,False,medical,genuine/medicals/medical_023.pdf,1,False,3,False
genuine,False,medical,genuine/medicals/medical_024.pdf,1,False,2,False
genuine,False,medical,genuine/medicals/medical_025.pdf,1,False,2,False
genuine,False,medical,genuine/medicals/medical_026.pdf,1,False,3,False
genuine,False,medical,genuine/medicals/medical_027.pdf,1,False,2,False
genuine,False,medical,genuine/medicals/medical_028.pdf,1,False,2,False
genuine,False,medical,genuine/medicals/medical_029.pdf,1,False,3,False
genuine,False,medical,genuine/medicals/medical_030.pdf,1,False,3,False
genuine,False,medical,genuine/medicals/medical_031.pdf,1,False,2,False
genuine,False,medical,genuine/medicals/medical_032.pdf,1,False,2,False
genuine,False,medical,genuine/medicals/medical_033.pdf,1,False,3,False
genuine,False,medical,genuine/medicals/medical_034.pdf,1,False,2,False
genuine,False,medical,genuine/medicals/medical_035.pdf,1,False,2,False
genuine,False,medical,genuine/medicals/medical_036.pdf,1,False,3,False
genuine,False,medical,genuine/medicals/medical_037.pdf,1,False,3,False
genuine,False,medical,genuine/medicals/medical_038.pdf,1,False,2,False
genuine,False,medical,genuine/medicals/medical_039.pdf,1,False,2,False
genuine,False,medical,genuine/medicals/medical_040.pdf,1,False,3,False
genuine,False,medical,genuine/medicals/medical_041.pdf,1,False,2,False
genuine,False,medical,genuine/medicals/medical_042.pdf,1,False,3,False
genuine,False,medical,genuine/medicals/medical_043.pdf,1,False,3,False
genuine,False,medical,genuine/medicals/medical_044.pdf,1,False,2,False
genuine,False,medical,genuine/medicals/medical_045.pdf,1,False,2,False
genuine,False,medical,genuine/medicals/medical_046.pdf,1,False,3,False
genuine,False,medical,genuine/medicals/medical_047.pdf,1,False,2,False
genuine,False,medical,genuine/medicals/medical_048.pdf,1,False,3,False
genuine,False,medical,genuine/medicals/medical_049.pdf,1,False,3,False
genuine,False,medical,genuine/medicals/medical_050.pdf,1,False,3,False
genuine,False,medical,genuine/medicals/medical_051.pdf,1,False,3,False
genuine,False,medical,genuine/medicals/medical_052.pdf,1,False,3,False
genuine,False,medical,genuine/medicals/medical_053.pdf,1,False,2,False
genuine,False,medical,genuine/medicals/medical_054.pdf,1,False,2,False
genuine,False,medical,genuine/medicals/medical_055.pdf,1,False,2,False
genuine,False,medical,genuine/medicals/medical_056.pdf,1,False,2,False
genuine,False,medical,genuine/medicals/medical_057.pdf,1,False,2,False
genuine,False,medical,genuine/medicals/medical_058.pdf,1,False,3,False
genuine,False,medical,genuine/medicals/medical_059.pdf,1,False,2,False
genuine,False,medical,genuine/medicals/medical_060.pdf,1,False,3,False
genuine,False,medical,genuine/medicals/medical_061.pdf,1,False,3,False
genuine,False,medical,genuine/medicals/medical_062.pdf,1,False,3,False
genuine,False,medical,genuine/medicals/medical_063.pdf,1,False,2,False
genuine,False,medical,genuine/medicals/medical_064.pdf,1,False,2,False
genuine,False,medical,genuine/medicals/medical_065.pdf,1,False,2,False
genuine,False,medical,genuine/medicals/medical_066.pdf,1,False,3,False
genuine,False,medical,genuine/medicals/medical_067.pdf,1,False,3,False
genuine,False,medical,genuine/medicals/medical_068.pdf,1,False,3,False
genuine,False,medical,genuine/medicals/medical_069.pdf,1,False,3,False
genuine,False,medical,genuine/medicals/medical_070.pdf,1,False,2,False
genuine,False,medical,genuine/medicals/medical_071.pdf,1,False,2,False
genuine,False,medical,genuine/medicals/medical_072.pdf,1,False,2,False
genuine,False,medical,genuine/medicals/medical_073.pdf,1,False,3,False
genuine,False,medical,genuine/medicals/medical_074.pdf,1,False,2,False
genuine,False,medical,genuine/medicals/medical_075.pdf,1,False,2,False
genuine,False,medical,genuine/medicals/medical_076.pdf,1,False,2,False
genuine,False,medical,genuine/medicals/medical_077.pdf,1,False,2,False
genuine,False,medical,genuine/medicals/medical_078.pdf,1,False,2,False
genuine,False,medical,genuine/medicals/medical_079.pdf,1,False,3,False
genuine,False,medical,genuine/medicals/medical_080.pdf,1,False,3,False
genuine,False,medical,genuine/medicals/medical_081.pdf,1,False,3,False
genuine,False,medical,genuine/medicals/medical_082.pdf,1,False,3,False
genuine,False,medical,genuine/medicals/medical_083.pdf,1,False,3,False
genuine,False,medical,genuine/medicals/medical_084.pdf,1,False,3,False
genuine,False,medical,genuine/medicals/medical_085.pdf,1,False,3,False
genuine,False,medical,genuine/medicals/medical_086.pdf,1,False,2,False
genuine,False,medical,genuine/medicals/medical_087.pdf,1,False,3,False
genuine,False,medical,genuine/medicals/medical_088.pdf,1,False,2,False
genuine,False,medical,genuine/medicals/medical_089.pdf,1,False,2,False
genuine,False,medical,genuine/medicals/medical_090.pdf,1,False,3,False
genuine,False,medical,genuine/medicals/medical_091.pdf,1,False,2,False
genuine,False,medical,genuine/medicals/medical_092.pdf,1,False,3,False
genuine,False,medical,genuine/medicals/medical_093.pdf,1,False,3,False
genuine,False,medical,genuine/medicals/medical_094.pdf,1,False,2,False
genuine,False,medical,genuine/medicals/medical_095.pdf,1,False,3,False
genuine,False,medical,genuine/medicals/medical_096.pdf,1,False,2,False
genuine,False,medical,genuine/medicals/medical_097.pdf,1,False,2,False
genuine,False,medical,genuine/medicals/medical_098.pdf,1,False,2,False
genuine,False,medical,genuine/medicals/medical_099.pdf,1,False,3,False
genuine,False,medical,genuine/medicals/medical_100.pdf,1,False,3,False
genuine,False,medical,genuine/medicals/medical_1000.pdf,1,False,3,False
genuine,False,medical,genuine/medicals/medical_101.pdf,1,False,3,False
genuine,False,medical,genuine/medicals/medical_102.pdf,1,False,2,False
genuine,False,medical,genuine/medicals/medical_103.pdf,1,False,2,False
genuine,False,medical,genuine/medicals/medical_104.pdf,1,False,2,False
genuine,False,medical,genuine/medicals/medical_105.pdf,1,False,2,False
genuine,False,medical,genuine/medicals/medical_106.pdf,1,False,2,False
genuine,False,medical,genuine/medicals/medical_107.pdf,1,False,3,False
genuine,False,medical,genuine/medicals/medical_108.pdf,1,False,2,False
genuine,False,medical,genuine/medicals/medical_109.pdf,1,False,2,False
genuine,False,medical,genuine/medicals/medical_110.pdf,1,False,3,False
genuine,False,medical,genuine/medicals/medical_111.pdf,1,False,2,False
genuine,False,medical,genuine/medicals/medical_112.pdf,1,False,3,False
genuine,False,medical,genuine/medicals/medical_113.pdf,1,False,2,False
genuine,False,medical,genuine/medicals/medical_114.pdf,1,False,2,False
genuine,False,medical,genuine/medicals/medical_115.pdf,1,False,2,False
genuine,False,medical,genuine/medicals/medical_116.pdf,1,False,3,False
genuine,False,medical,genuine/medicals/medical_117.pdf,1,False,2,False
genuine,False,medical,genuine/medicals/medical_118.pdf,1,False,2,False
genuine,False,medical,genuine/medicals/medical_119.pdf,1,False,2,False
genuine,False,medical,genuine/medicals/medical_120.pdf,1,False,2,False
genuine,False,medical,genuine/medicals/medical_121.pdf,1,False,2,False
genuine,False,medical,genuine/medicals/medical_122.pdf,1,False,3,False
genuine,False,medical,genuine/medicals/medical_123.pdf,1,False,3,False
genuine,False,medical,genuine/medicals/medical_124.pdf,1,False,2,False
genuine,False,medical,genuine/medicals/medical_125.pdf,1,False,2,False
genuine,False,medical,genuine/medicals/medical_126.pdf,1,False,3,False
genuine,False,medical,genuine/medicals/medical_127.pdf,1,False,2,False
genuine,False,medical,genuine/medicals/medical_128.pdf,1,False,3,False
genuine,False,medical,genuine/medicals/medical_129.pdf,1,False,2,False
genuine,False,medical,genuine/medicals/medical_130.pdf,1,False,3,False
genuine,False,medical,genuine/medicals/medical_131.pdf,1,False,2,False
genuine,False,medical,genuine/medicals/medical_132.pdf,1,False,2,False
genuine,False,medical,genuine/medicals/medical_133.pdf,1,False,3,False
genuine,False,medical,genuine/medicals/medical_134.pdf,1,False,3,False
genuine,False,medical,genuine/medicals/medical_135.pdf,1,False,3,False
genuine,False,medical,genuine/medicals/medical_136.pdf,1,False,2,False
genuine,False,medical,genuine/medicals/medical_137.pdf,1,False,3,False
genuine,False,medical,genuine/medicals/medical_138.pdf,1,False,2,False
genuine,False,medical,genuine/medicals/medical_139.pdf,1,False,2,False
genuine,False,medical,genuine/medicals/medical_140.pdf,1,False,2,False
genuine,False,medical,genuine/medicals/medical_141.pdf,1,False,3,False
genuine,False,medical,genuine/medicals/medical_142.pdf,1,False,3,False
genuine,False,medical,genuine/medicals/medical_143.pdf,1,False,3,False
genuine,False,medical,genuine/medicals/medical_144.pdf,1,False,3,False
genuine,False,medical,genuine/medicals/medical_145.pdf,1,False,3,False
genuine,False,medical,genuine/medicals/medical_146.pdf,1,False,3,False
genuine,False,medical,genuine/medicals/medical_147.pdf,1,False,2,False
genuine,False,medical,genuine/medicals/medical_148.pdf,1,False,3,False
genuine,False,medical,genuine/medicals/medical_149.pdf,1,False,3,False
genuine,False,medical,genuine/medicals/medical_150.pdf,1,False,2,False
genuine,False,medical,genuine/medicals/medical_151.pdf,1,False,2,False
genuine,False,medical,genuine/medicals/medical_152.pdf,1,False,3,False
genuine,False,medical,genuine/medicals/medical_153.pdf,1,False,3,False
genuine,False,medical,genuine/medicals/medical_154.pdf,1,False,2,False
genuine,False,medical,genuine/medicals/medical_155.pdf,1,False,2,False
genuine,False,medical,genuine/medicals/medical_156.pdf,1,False,3,False
genuine,False,medical,genuine/medicals/medical_157.pdf,1,False,3,False
genuine,False,medical,genuine/medicals/medical_158.pdf,1,False,2,False
genuine,False,medical,genuine/medicals/medical_159.pdf,1,False,2,False
genuine,False,medical,genuine/medicals/medical_160.pdf,1,False,3,False
genuine,False,medical,genuine/medicals/medical_161.pdf,1,False,3,False
genuine,False,medical,genuine/medicals/medical_162.pdf,1,False,2,False
genuine,False,medical,genuine/medicals/medical_163.pdf,1,False,2,False
genuine,False,medical,genuine/medicals/medical_164.pdf,1,False,3,False
genuine,False,medical,genuine/medicals/medical_165.pdf,1,False,3,False
genuine,False,medical,genuine/medicals/medical_166.pdf,1,False,2,False
genuine,False,medical,genuine/medicals/medical_167.pdf,1,False,3,False
genuine,False,medical,genuine/medicals/medical_168.pdf,1,False,3,False
genuine,False,medical,genuine/medicals/medical_169.pdf,1,False,2,False
genuine,False,medical,genuine/medicals/medical_170.pdf,1,False,2,False
genuine,False,medical,genuine/medicals/medical_171.pdf,1,False,3,False
genuine,False,medical,genuine/medicals/medical_172.pdf,1,False,2,False
genuine,False,medical,genuine/medicals/medical_173.pdf,1,False,2,False
genuine,False,medical,genuine/medicals/medical_174.pdf,1,False,2,False
genuine,False,medical,genuine/medicals/medical_175.pdf,1,False,2,False
genuine,False,medical,genuine/medicals/medical_176.pdf,1,False,3,False
genuine,False,medical,genuine/medicals/medical_177.pdf,1,False,3,False
genuine,False,medical,genuine/medicals/medical_178.pdf,1,False,3,False
genuine,False,medical,genuine/medicals/medical_179.pdf,1,False,2,False
genuine,False,medical,genuine/medicals/medical_180.pdf,1,False,3,False
genuine,False,medical,genuine/medicals/medical_181.pdf,1,False,2,False
genuine,False,medical,genuine/medicals/medical_182.pdf,1,False,3,False
genuine,False,medical,genuine/medicals/medical_183.pdf,1,False,3,False
genuine,False,medical,genuine/medicals/medical_184.pdf,1,False,2,False
genuine,False,medical,genuine/medicals/medical_185.pdf,1,False,3,False
genuine,False,medical,genuine/medicals/medical_186.pdf,1,False,3,False
genuine,False,medical,genuine/medicals/medical_187.pdf,1,False,2,False
genuine,False,medical,genuine/medicals/medical_188.pdf,1,False,3,False
genuine,False,medical,genuine/medicals/medical_189.pdf,1,False,3,False
genuine,False,medical,genuine/medicals/medical_190.pdf,1,False,3,False
genuine,False,medical,genuine/medicals/medical_191.pdf,1,False,2,False
genuine,False,medical,genuine/medicals/medical_192.pdf,1,False,3,False
genuine,False,medical,genuine/medicals/medical_193.pdf,1,False,2,False
genuine,False,medical,genuine/medicals/medical_194.pdf,1,False,2,False
genuine,False,medical,genuine/medicals/medical_195.pdf,1,False,2,False
genuine,False,medical,genuine/medicals/medical_196.pdf,1,False,2,False
genuine,False,medical,genuine/medicals/medical_197.pdf,1,False,2,False
genuine,False,medical,genuine/medicals/medical_198.pdf,1,False,3,False
genuine,False,medical,genuine/medicals/medical_199.pdf,1,False,2,False
genuine,False,medical,genuine/medicals/medical_200.pdf,1,False,3,False
genuine,False,medical,genuine/medicals/medical_201.pdf,1,False,3,False
genuine,False,medical,genuine/medicals/medical_202.pdf,1,False,2,False
genuine,False,medical,genuine/medicals/medical_203.pdf,1,False,2,False
genuine,False,medical,genuine/medicals/medical_204.pdf,1,False,2,False
genuine,False,medical,genuine/medicals/medical_205.pdf,1,False,3,False
genuine,False,medical,genuine/medicals/medical_206.pdf,1,False,3,False
genuine,False,medical,genuine/medicals/medical_207.pdf,1,False,3,False
genuine,False,medical,genuine/medicals/medical_208.pdf,1,False,3,False
genuine,False,medical,genuine/medicals/medical_209.pdf,1,False,2,False
genuine,False,medical,genuine/medicals/medical_210.pdf,1,False,3,False
genuine,False,medical,genuine/medicals/medical_211.pdf,1,False,3,False
genuine,False,medical,genuine/medicals/medical_212.pdf,1,False,2,False
genuine,False,medical,genuine/medicals/medical_213.pdf,1,False,3,False
genuine,False,medical,genuine/medicals/medical_214.pdf,1,False,3,False
genuine,False,medical,genuine/medicals/medical_215.pdf,1,False,3,False
genuine,False,medical,genuine/medicals/medical_216.pdf,1,False,3,False
genuine,False,medical,genuine/medicals/medical_217.pdf,1,False,2,False
genuine,False,medical,genuine/medicals/medical_218.pdf,1,False,3,False
genuine,False,medical,genuine/medicals/medical_219.pdf,1,False,2,False
genuine,False,medical,genuine/medicals/medical_220.pdf,1,False,2,False
genuine,False,medical,genuine/medicals/medical_221.pdf,1,False,3,False
genuine,False,medical,genuine/medicals/medical_222.pdf,1,False,2,False
genuine,False,medical,genuine/medicals/medical_223.pdf,1,False,2,False
genuine,False,medical,genuine/medicals/medical_224.pdf,1,False,2,False
genuine,False,medical,genuine/medicals/medical_225.pdf,1,False,3,False
genuine,False,medical,genuine/medicals/medical_226.pdf,1,False,2,False
genuine,False,medical,genuine/medicals/medical_227.pdf,1,False,2,False
genuine,False,medical,genuine/medicals/medical_228.pdf,1,False,3,False
genuine,False,medical,genuine/medicals/medical_229.pdf,1,False,3,False
genuine,False,medical,genuine/medicals/medical_230.pdf,1,False,2,False
genuine,False,medical,genuine/medicals/medical_231.pdf,1,False,2,False
genuine,False,medical,genuine/medicals/medical_232.pdf,1,False,3,False
genuine,False,medical,genuine/medicals/medical_233.pdf,1,False,2,False
genuine,False,medical,genuine/medicals/medical_234.pdf,1,False,2,False
genuine,False,medical,genuine/medicals/medical_235.pdf,1,False,2,False
genuine,False,medical,genuine/medicals/medical_236.pdf,1,False,3,False
genuine,False,medical,genuine/medicals/medical_237.pdf,1,False,2,False
genuine,False,medical,genuine/medicals/medical_238.pdf,1,False,3,False
genuine,False,medical,genuine/medicals/medical_239.pdf,1,False,2,False
genuine,False,medical,genuine/medicals/medical_240.pdf,1,False,2,False
genuine,False,medical,genuine/medicals/medical_241.pdf,1,False,3,False
genuine,False,medical,genuine/medicals/medical_242.pdf,1,False,2,False
genuine,False,medical,genuine/medicals/medical_243.pdf,1,False,2,False
genuine,False,medical,genuine/medicals/medical_244.pdf,1,False,3,False
genuine,False,medical,genuine/medicals/medical_245.pdf,1,False,2,False
genuine,False,medical,genuine/medicals/medical_246.pdf,1,False,3,False
genuine,False,medical,genuine/medicals/medical_247.pdf,1,False,2,False
genuine,False,medical,genuine/medicals/medical_248.pdf,1,False,3,False
genuine,False,medical,genuine/medicals/medical_249.pdf,1,False,2,False
genuine,False,medical,genuine/medicals/medical_250.pdf,1,False,3,False
genuine,False,medical,genuine/medicals/medical_251.pdf,1,False,2,False
genuine,False,medical,genuine/medicals/medical_252.pdf,1,False,3,False
genuine,False,medical,genuine/medicals/medical_253.pdf,1,False,3,False
genuine,False,medical,genuine/medicals/medical_254.pdf,1,False,2,False
genuine,False,medical,genuine/medicals/medical_255.pdf,1,False,2,False
genuine,False,medical,genuine/medicals/medical_256.pdf,1,False,2,False
genuine,False,medical,genuine/medicals/medical_257.pdf,1,False,2,False
genuine,False,medical,genuine/medicals/medical_258.pdf,1,False,2,False
genuine,False,medical,genuine/medicals/medical_259.pdf,1,False,2,False
genuine,False,medical,genuine/medicals/medical_260.pdf,1,False,2,False
genuine,False,medical,genuine/medicals/medical_261.pdf,1,False,3,False
genuine,False,medical,genuine/medicals/medical_262.pdf,1,False,3,False
genuine,False,medical,genuine/medicals/medical_263.pdf,1,False,3,False
genuine,False,medical,genuine/medicals/medical_264.pdf,1,False,2,False
genuine,False,medical,genuine/medicals/medical_265.pdf,1,False,3,False
genuine,False,medical,genuine/medicals/medical_266.pdf,1,False,3,False
genuine,False,medical,genuine/medicals/medical_267.pdf,1,False,3,False
genuine,False,medical,genuine/medicals/medical_268.pdf,1,False,3,False
genuine,False,medical,genuine/medicals/medical_269.pdf,1,False,2,False
genuine,False,medical,genuine/medicals/medical_270.pdf,1,False,3,False
genuine,False,medical,genuine/medicals/medical_271.pdf,1,False,3,False
genuine,False,medical,genuine/medicals/medical_272.pdf,1,False,3,False
genuine,False,medical,genuine/medicals/medical_273.pdf,1,False,2,False
genuine,False,medical,genuine/medicals/medical_274.pdf,1,False,3,False
genuine,False,medical,genuine/medicals/medical_275.pdf,1,False,3,False
genuine,False,medical,genuine/medicals/medical_276.pdf,1,False,3,False
genuine,False,medical,genuine/medicals/medical_277.pdf,1,False,2,False
genuine,False,medical,genuine/medicals/medical_278.pdf,1,False,3,False
genuine,False,medical,genuine/medicals/medical_279.pdf,1,False,3,False
genuine,False,medical,genuine/medicals/medical_280.pdf,1,False,2,False
genuine,False,medical,genuine/medicals/medical_281.pdf,1,False,2,False
genuine,False,medical,genuine/medicals/medical_282.pdf,1,False,2,False
genuine,False,medical,genuine/medicals/medical_283.pdf,1,False,2,False
genuine,False,medical,genuine/medicals/medical_284.pdf,1,False,3,False
genuine,False,medical,genuine/medicals/medical_285.pdf,1,False,3,False
genuine,False,medical,genuine/medicals/medical_286.pdf,1,False,2,False
genuine,False,medical,genuine/medicals/medical_287.pdf,1,False,3,False
genuine,False,medical,genuine/medicals/medical_288.pdf,1,False,2,False
genuine,False,medical,genuine/medicals/medical_289.pdf,1,False,3,False
genuine,False,medical,genuine/medicals/medical_290.pdf,1,False,2,False
genuine,False,medical,genuine/medicals/medical_291.pdf,1,False,3,False
genuine,False,medical,genuine/medicals/medical_292.pdf,1,False,3,False
genuine,False,medical,genuine/medicals/medical_293.pdf,1,False,3,False
genuine,False,medical,genuine/medicals/medical_294.pdf,1,False,2,False
genuine,False,medical,genuine/medicals/medical_295.pdf,1,False,3,False
genuine,False,medical,genuine/medicals/medical_296.pdf,1,False,2,False
genuine,False,medical,genuine/medicals/medical_297.pdf,1,False,3,False
genuine,False,medical,genuine/medicals/medical_298.pdf,1,False,2,False
genuine,False,medical,genuine/medicals/medical_299.pdf,1,False,2,False
genuine,False,medical,genuine/medicals/medical_300.pdf,1,False,3,False
genuine,False,medical,genuine/medicals/medical_301.pdf,1,False,2,False
genuine,False,medical,genuine/medicals/medical_302.pdf,1,False,3,False
genuine,False,medical,genuine/medicals/medical_303.pdf,1,False,3,False
genuine,False,medical,genuine/medicals/medical_304.pdf,1,False,3,False
genuine,False,medical,genuine/medicals/medical_305.pdf,1,False,3,False
genuine,False,medical,genuine/medicals/medical_306.pdf,1,False,2,False
genuine,False,medical,genuine/medicals/medical_307.pdf,1,False,2,False
genuine,False,medical,genuine/medicals/medical_308.pdf,1,False,2,False
genuine,False,medical,genuine/medicals/medical_309.pdf,1,False,3,False
genuine,False,medical,genuine/medicals/medical_310.pdf,1,False,3,False
genuine,False,medical,genuine/medicals/medical_311.pdf,1,False,3,False
genuine,False,medical,genuine/medicals/medical_312.pdf,1,False,3,False
genuine,False,medical,genuine/medicals/medical_313.pdf,1,False,2,False
genuine,False,medical,genuine/medicals/medical_314.pdf,1,False,2,False
genuine,False,medical,genuine/medicals/medical_315.pdf,1,False,2,False
genuine,False,medical,genuine/medicals/medical_316.pdf,1,False,2,False
genuine,False,medical,genuine/medicals/medical_317.pdf,1,False,3,False
genuine,False,medical,genuine/medicals/medical_318.pdf,1,False,2,False
genuine,False,medical,genuine/medicals/medical_319.pdf,1,False,3,False
genuine,False,medical,genuine/medicals/medical_320.pdf,1,False,3,False
genuine,False,medical,genuine/medicals/medical_321.pdf,1,False,2,False
genuine,False,medical,genuine/medicals/medical_322.pdf,1,False,3,False
genuine,False,medical,genuine/medicals/medical_323.pdf,1,False,2,False
genuine,False,medical,genuine/medicals/medical_324.pdf,1,False,3,False
genuine,False,medical,genuine/medicals/medical_325.pdf,1,False,2,False
genuine,False,medical,genuine/medicals/medical_326.pdf,1,False,3,False
genuine,False,medical,genuine/medicals/medical_327.pdf,1,False,2,False
genuine,False,medical,genuine/medicals/medical_328.pdf,1,False,2,False
genuine,False,medical,genuine/medicals/medical_329.pdf,1,False,3,False
genuine,False,medical,genuine/medicals/medical_330.pdf,1,False,2,False
genuine,False,medical,genuine/medicals/medical_331.pdf,1,False,2,False
genuine,False,medical,genuine/medicals/medical_332.pdf,1,False,2,False
genuine,False,medical,genuine/medicals/medical_333.pdf,1,False,2,False
genuine,False,medical,genuine/medicals/medical_334.pdf,1,False,3,False
genuine,False,medical,genuine/medicals/medical_335.pdf,1,False,3,False
genuine,False,medical,genuine/medicals/medical_336.pdf,1,False,3,False
genuine,False,medical,genuine/medicals/medical_337.pdf,1,False,2,False
genuine,False,medical,genuine/medicals/medical_338.pdf,1,False,3,False
genuine,False,medical,genuine/medicals/medical_339.pdf,1,False,3,False
genuine,False,medical,genuine/medicals/medical_340.pdf,1,False,3,False
genuine,False,medical,genuine/medicals/medical_341.pdf,1,False,2,False
genuine,False,medical,genuine/medicals/medical_342.pdf,1,False,3,False
genuine,False,medical,genuine/medicals/medical_343.pdf,1,False,3,False
genuine,False,medical,genuine/medicals/medical_344.pdf,1,False,3,False
genuine,False,medical,genuine/medicals/medical_345.pdf,1,False,3,False
genuine,False,medical,genuine/medicals/medical_346.pdf,1,False,3,False
genuine,False,medical,genuine/medicals/medical_347.pdf,1,False,3,False
genuine,False,medical,genuine/medicals/medical_348.pdf,1,False,2,False
genuine,False,medical,genuine/medicals/medical_349.pdf,1,False,2,False
genuine,False,medical,genuine/medicals/medical_350.pdf,1,False,2,False
genuine,False,medical,genuine/medicals/medical_351.pdf,1,False,3,False
genuine,False,medical,genuine/medicals/medical_352.pdf,1,False,2,False
genuine,False,medical,genuine/medicals/medical_353.pdf,1,False,3,False
genuine,False,medical,genuine/medicals/medical_354.pdf,1,False,3,False
genuine,False,medical,genuine/medicals/medical_355.pdf,1,False,2,False
genuine,False,medical,genuine/medicals/medical_356.pdf,1,False,3,False
genuine,False,medical,genuine/medicals/medical_357.pdf,1,False,2,False
genuine,False,medical,genuine/medicals/medical_358.pdf,1,False,2,False
genuine,False,medical,genuine/medicals/medical_359.pdf,1,False,2,False
genuine,False,medical,genuine/medicals/medical_360.pdf,1,False,2,False
genuine,False,medical,genuine/medicals/medical_361.pdf,1,False,2,False
genuine,False,medical,genuine/medicals/medical_362.pdf,1,False,3,False
genuine,False,medical,genuine/medicals/medical_363.pdf,1,False,3,False
genuine,False,medical,genuine/medicals/medical_364.pdf,1,False,3,False
genuine,False,medical,genuine/medicals/medical_365.pdf,1,False,2,False
genuine,False,medical,genuine/medicals/medical_366.pdf,1,False,2,False
genuine,False,medical,genuine/medicals/medical_367.pdf,1,False,2,False
genuine,False,medical,genuine/medicals/medical_368.pdf,1,False,3,False
genuine,False,medical,genuine/medicals/medical_369.pdf,1,False,3,False
genuine,False,medical,genuine/medicals/medical_370.pdf,1,False,3,False
genuine,False,medical,genuine/medicals/medical_371.pdf,1,False,3,False
genuine,False,medical,genuine/medicals/medical_372.pdf,1,False,3,False
genuine,False,medical,genuine/medicals/medical_373.pdf,1,False,2,False
genuine,False,medical,genuine/medicals/medical_374.pdf,1,False,2,False
genuine,False,medical,genuine/medicals/medical_375.pdf,1,False,2,False
genuine,False,medical,genuine/medicals/medical_376.pdf,1,False,2,False
genuine,False,medical,genuine/medicals/medical_377.pdf,1,False,2,False
genuine,False,medical,genuine/medicals/medical_378.pdf,1,False,3,False
genuine,False,medical,genuine/medicals/medical_379.pdf,1,False,3,False
genuine,False,medical,genuine/medicals/medical_380.pdf,1,False,3,False
genuine,False,medical,genuine/medicals/medical_381.pdf,1,False,3,False
genuine,False,medical,genuine/medicals/medical_382.pdf,1,False,2,False
genuine,False,medical,genuine/medicals/medical_383.pdf,1,False,3,False
genuine,False,medical,genuine/medicals/medical_384.pdf,1,False,2,False
genuine,False,medical,genuine/medicals/medical_385.pdf,1,False,2,False
genuine,False,medical,genuine/medicals/medical_386.pdf,1,False,3,False
genuine,False,medical,genuine/medicals/medical_387.pdf,1,False,3,False
genuine,False,medical,genuine/medicals/medical_388.pdf,1,False,2,False
genuine,False,medical,genuine/medicals/medical_389.pdf,1,False,3,False
genuine,False,medical,genuine/medicals/medical_390.pdf,1,False,3,False
genuine,False,medical,genuine/medicals/medical_391.pdf,1,False,2,False
genuine,False,medical,genuine/medicals/medical_392.pdf,1,False,3,False
genuine,False,medical,genuine/medicals/medical_393.pdf,1,False,2,False
genuine,False,medical,genuine/medicals/medical_394.pdf,1,False,3,False
genuine,False,medical,genuine/medicals/medical_395.pdf,1,False,2,False
genuine,False,medical,genuine/medicals/medical_396.pdf,1,False,2,False
genuine,False,medical,genuine/medicals/medical_397.pdf,1,False,3,False
genuine,False,medical,genuine/medicals/medical_398.pdf,1,False,3,False
genuine,False,medical,genuine/medicals/medical_399.pdf,1,False,2,False
genuine,False,medical,genuine/medicals/medical_400.pdf,1,False,3,False
genuine,False,medical,genuine/medicals/medical_401.pdf,1,False,3,False
genuine,False,medical,genuine/medicals/medical_402.pdf,1,False,2,False
genuine,False,medical,genuine/medicals/medical_403.pdf,1,False,2,False
genuine,False,medical,genuine/medicals/medical_404.pdf,1,False,2,False
genuine,False,medical,genuine/medicals/medical_405.pdf,1,False,3,False
genuine,False,medical,genuine/medicals/medical_406.pdf,1,False,2,False
genuine,False,medical,genuine/medicals/medical_407.pdf,1,False,3,False
genuine,False,medical,genuine/medicals/medical_408.pdf,1,False,2,False
genuine,False,medical,genuine/medicals/medical_409.pdf,1,False,2,False
genuine,False,medical,genuine/medicals/medical_410.pdf,1,False,3,False
genuine,False,medical,genuine/medicals/medical_411.pdf,1,False,3,False
genuine,False,medical,genuine/medicals/medical_412.pdf,1,False,3,False
genuine,False,medical,genuine/medicals/medical_413.pdf,1,False,3,False
genuine,False,medical,genuine/medicals/medical_414.pdf,1,False,2,False
genuine,False,medical,genuine/medicals/medical_415.pdf,1,False,3,False
genuine,False,medical,genuine/medicals/medical_416.pdf,1,False,2,False
genuine,False,medical,genuine/medicals/medical_417.pdf,1,False,3,False
genuine,False,medical,genuine/medicals/medical_418.pdf,1,False,2,False
genuine,False,medical,genuine/medicals/medical_419.pdf,1,False,2,False
genuine,False,medical,genuine/medicals/medical_420.pdf,1,False,3,False
genuine,False,medical,genuine/medicals/medical_421.pdf,1,False,3,False
genuine,False,medical,genuine/medicals/medical_422.pdf,1,False,3,False
genuine,False,medical,genuine/medicals/medical_423.pdf,1,False,2,False
genuine,False,medical,genuine/medicals/medical_424.pdf,1,False,2,False
genuine,False,medical,genuine/medicals/medical_425.pdf,1,False,2,False
genuine,False,medical,genuine/medicals/medical_426.pdf,1,False,3,False
genuine,False,medical,genuine/medicals/medical_427.pdf,1,False,2,False
genuine,False,medical,genuine/medicals/medical_428.pdf,1,False,2,False
genuine,False,medical,genuine/medicals/medical_429.pdf,1,False,3,False
genuine,False,medical,genuine/medicals/medical_430.pdf,1,False,3,False
genuine,False,medical,genuine/medicals/medical_431.pdf,1,False,3,False
genuine,False,medical,genuine/medicals/medical_432.pdf,1,False,3,False
genuine,False,medical,genuine/medicals/medical_433.pdf,1,False,3,False
genuine,False,medical,genuine/medicals/medical_434.pdf,1,False,3,False
genuine,False,medical,genuine/medicals/medical_435.pdf,1,False,3,False
genuine,False,medical,genuine/medicals/medical_436.pdf,1,False,2,False
genuine,False,medical,genuine/medicals/medical_437.pdf,1,False,2,False
genuine,False,medical,genuine/medicals/medical_438.pdf,1,False,2,False
genuine,False,medical,genuine/medicals/medical_439.pdf,1,False,3,False
genuine,False,medical,genuine/medicals/medical_440.pdf,1,False,2,False
genuine,False,medical,genuine/medicals/medical_441.pdf,1,False,3,False
genuine,False,medical,genuine/medicals/medical_442.pdf,1,False,2,False
genuine,False,medical,genuine/medicals/medical_443.pdf,1,False,2,False
genuine,False,medical,genuine/medicals/medical_444.pdf,1,False,2,False
genuine,False,medical,genuine/medicals/medical_445.pdf,1,False,3,False
genuine,False,medical,genuine/medicals/medical_446.pdf,1,False,3,False
genuine,False,medical,genuine/medicals/medical_447.pdf,1,False,3,False
genuine,False,medical,genuine/medicals/medical_448.pdf,1,False,2,False
genuine,False,medical,genuine/medicals/medical_449.pdf,1,False,3,False
genuine,False,medical,genuine/medicals/medical_450.pdf,1,False,2,False
genuine,False,medical,genuine/medicals/medical_451.pdf,1,False,2,False
genuine,False,medical,genuine/medicals/medical_452.pdf,1,False,3,False
genuine,False,medical,genuine/medicals/medical_453.pdf,1,False,3,False
genuine,False,medical,genuine/medicals/medical_454.pdf,1,False,2,False
genuine,False,medical,genuine/medicals/medical_455.pdf,1,False,3,False
genuine,False,medical,genuine/medicals/medical_456.pdf,1,False,3,False
genuine,False,medical,genuine/medicals/medical_457.pdf,1,False,3,False
genuine,False,medical,genuine/medicals/medical_458.pdf,1,False,2,False
genuine,False,medical,genuine/medicals/medical_459.pdf,1,False,2,False
genuine,False,medical,genuine/medicals/medical_460.pdf,1,False,3,False
genuine,False,medical,genuine/medicals/medical_461.pdf,1,False,3,False
genuine,False,medical,genuine/medicals/medical_462.pdf,1,False,2,False
genuine,False,medical,genuine/medicals/medical_463.pdf,1,False,2,False
genuine,False,medical,genuine/medicals/medical_464.pdf,1,False,3,False
genuine,False,medical,genuine/medicals/medical_465.pdf,1,False,2,False
genuine,False,medical,genuine/medicals/medical_466.pdf,1,False,2,False
genuine,False,medical,genuine/medicals/medical_467.pdf,1,False,3,False
genuine,False,medical,genuine/medicals/medical_468.pdf,1,False,2,False
genuine,False,medical,genuine/medicals/medical_469.pdf,1,False,2,False
genuine,False,medical,genuine/medicals/medical_470.pdf,1,False,2,False
genuine,False,medical,genuine/medicals/medical_471.pdf,1,False,2,False
genuine,False,medical,genuine/medicals/medical_472.pdf,1,False,3,False
genuine,False,medical,genuine/medicals/medical_473.pdf,1,False,3,False
genuine,False,medical,genuine/medicals/medical_474.pdf,1,False,2,False
genuine,False,medical,genuine/medicals/medical_475.pdf,1,False,2,False
genuine,False,medical,genuine/medicals/medical_476.pdf,1,False,2,False
genuine,False,medical,genuine/medicals/medical_477.pdf,1,False,3,False
genuine,False,medical,genuine/medicals/medical_478.pdf,1,False,3,False
genuine,False,medical,genuine/medicals/medical_479.pdf,1,False,2,False
genuine,False,medical,genuine/medicals/medical_480.pdf,1,False,2,False
genuine,False,medical,genuine/medicals/medical_481.pdf,1,False,3,False
genuine,False,medical,genuine/medicals/medical_482.pdf,1,False,2,False
genuine,False,medical,genuine/medicals/medical_483.pdf,1,False,3,False
genuine,False,medical,genuine/medicals/medical_484.pdf,1,False,3,False
genuine,False,medical,genuine/medicals/medical_485.pdf,1,False,2,False
genuine,False,medical,genuine/medicals/medical_486.pdf,1,False,2,False
genuine,False,medical,genuine/medicals/medical_487.pdf,1,False,2,False
genuine,False,medical,genuine/medicals/medical_488.pdf,1,False,3,False
genuine,False,medical,genuine/medicals/medical_489.pdf,1,False,2,False
genuine,False,medical,genuine/medicals/medical_490.pdf,1,False,2,False
genuine,False,medical,genuine/medicals/medical_491.pdf,1,False,3,False
genuine,False,medical,genuine/medicals/medical_492.pdf,1,False,3,False
genuine,False,medical,genuine/medicals/medical_493.pdf,1,False,3,False
genuine,False,medical,genuine/medicals/medical_494.pdf,1,False,3,False
genuine,False,medical,genuine/medicals/medical_495.pdf,1,False,2,False
genuine,False,medical,genuine/medicals/medical_496.pdf,1,False,2,False
genuine,False,medical,genuine/medicals/medical_497.pdf,1,False,2,False
genuine,False,medical,genuine/medicals/medical_498.pdf,1,False,3,False
genuine,False,medical,genuine/medicals/medical_499.pdf,1,False,2,False
genuine,False,medical,genuine/medicals/medical_500.pdf,1,False,2,False
genuine,False,medical,genuine/medicals/medical_501.pdf,1,False,2,False
genuine,False,medical,genuine/medicals/medical_502.pdf,1,False,3,False
genuine,False,medical,genuine/medicals/medical_503.pdf,1,False,2,False
genuine,False,medical,genuine/medicals/medical_504.pdf,1,False,3,False
genuine,False,medical,genuine/medicals/medical_505.pdf,1,False,3,False
genuine,False,medical,genuine/medicals/medical_506.pdf,1,False,2,False
genuine,False,medical,genuine/medicals/medical_507.pdf,1,False,2,False
genuine,False,medical,genuine/medicals/medical_508.pdf,1,False,2,False
genuine,False,medical,genuine/medicals/medical_509.pdf,1,False,2,False
genuine,False,medical,genuine/medicals/medical_510.pdf,1,False,3,False
genuine,False,medical,genuine/medicals/medical_511.pdf,1,False,3,False
genuine,False,medical,genuine/medicals/medical_512.pdf,1,False,3,False
genuine,False,medical,genuine/medicals/medical_513.pdf,1,False,2,False
genuine,False,medical,genuine/medicals/medical_514.pdf,1,False,2,False
genuine,False,medical,genuine/medicals/medical_515.pdf,1,False,3,False
genuine,False,medical,genuine/medicals/medical_516.pdf,1,False,2,False
genuine,False,medical,genuine/medicals/medical_517.pdf,1,False,2,False
genuine,False,medical,genuine/medicals/medical_518.pdf,1,False,3,False
genuine,False,medical,genuine/medicals/medical_519.pdf,1,False,3,False
genuine,False,medical,genuine/medicals/medical_520.pdf,1,False,2,False
genuine,False,medical,genuine/medicals/medical_521.pdf,1,False,3,False
genuine,False,medical,genuine/medicals/medical_522.pdf,1,False,3,False
genuine,False,medical,genuine/medicals/medical_523.pdf,1,False,3,False
genuine,False,medical,genuine/medicals/medical_524.pdf,1,False,3,False
genuine,False,medical,genuine/medicals/medical_525.pdf,1,False,3,False
genuine,False,medical,genuine/medicals/medical_526.pdf,1,False,2,False
genuine,False,medical,genuine/medicals/medical_527.pdf,1,False,3,False
genuine,False,medical,genuine/medicals/medical_528.pdf,1,False,2,False
genuine,False,medical,genuine/medicals/medical_529.pdf,1,False,3,False
genuine,False,medical,genuine/medicals/medical_530.pdf,1,False,2,False
genuine,False,medical,genuine/medicals/medical_531.pdf,1,False,3,False
genuine,False,medical,genuine/medicals/medical_532.pdf,1,False,3,False
genuine,False,medical,genuine/medicals/medical_533.pdf,1,False,2,False
genuine,False,medical,genuine/medicals/medical_534.pdf,1,False,2,False
genuine,False,medical,genuine/medicals/medical_535.pdf,1,False,3,False
genuine,False,medical,genuine/medicals/medical_536.pdf,1,False,2,False
genuine,False,medical,genuine/medicals/medical_537.pdf,1,False,3,False
genuine,False,medical,genuine/medicals/medical_538.pdf,1,False,3,False
genuine,False,medical,genuine/medicals/medical_539.pdf,1,False,2,False
genuine,False,medical,genuine/medicals/medical_540.pdf,1,False,3,False
genuine,False,medical,genuine/medicals/medical_541.pdf,1,False,3,False
genuine,False,medical,genuine/medicals/medical_542.pdf,1,False,3,False
genuine,False,medical,genuine/medicals/medical_543.pdf,1,False,3,False
genuine,False,medical,genuine/medicals/medical_544.pdf,1,False,2,False
genuine,False,medical,genuine/medicals/medical_545.pdf,1,False,3,False
genuine,False,medical,genuine/medicals/medical_546.pdf,1,False,2,False
genuine,False,medical,genuine/medicals/medical_547.pdf,1,False,2,False
genuine,False,medical,genuine/medicals/medical_548.pdf,1,False,2,False
genuine,False,medical,genuine/medicals/medical_549.pdf,1,False,2,False
genuine,False,medical,genuine/medicals/medical_550.pdf,1,False,3,False
genuine,False,medical,genuine/medicals/medical_551.pdf,1,False,2,False
genuine,False,medical,genuine/medicals/medical_552.pdf,1,False,2,False
genuine,False,medical,genuine/medicals/medical_553.pdf,1,False,3,False
genuine,False,medical,genuine/medicals/medical_554.pdf,1,False,2,False
genuine,False,medical,genuine/medicals/medical_555.pdf,1,False,3,False
genuine,False,medical,genuine/medicals/medical_556.pdf,1,False,2,False
genuine,False,medical,genuine/medicals/medical_557.pdf,1,False,2,False
genuine,False,medical,genuine/medicals/medical_558.pdf,1,False,3,False
genuine,False,medical,genuine/medicals/medical_559.pdf,1,False,2,False
genuine,False,medical,genuine/medicals/medical_560.pdf,1,False,2,False
genuine,False,medical,genuine/medicals/medical_561.pdf,1,False,2,False
genuine,False,medical,genuine/medicals/medical_562.pdf,1,False,3,False
genuine,False,medical,genuine/medicals/medical_563.pdf,1,False,2,False
genuine,False,medical,genuine/medicals/medical_564.pdf,1,False,3,False
genuine,False,medical,genuine/medicals/medical_565.pdf,1,False,2,False
genuine,False,medical,genuine/medicals/medical_566.pdf,1,False,3,False
genuine,False,medical,genuine/medicals/medical_567.pdf,1,False,3,False
genuine,False,medical,genuine/medicals/medical_568.pdf,1,False,2,False
genuine,False,medical,genuine/medicals/medical_569.pdf,1,False,3,False
genuine,False,medical,genuine/medicals/medical_570.pdf,1,False,3,False
genuine,False,medical,genuine/medicals/medical_571.pdf,1,False,3,False
genuine,False,medical,genuine/medicals/medical_572.pdf,1,False,3,False
genuine,False,medical,genuine/medicals/medical_573.pdf,1,False,3,False
genuine,False,medical,genuine/medicals/medical_574.pdf,1,False,3,False
genuine,False,medical,genuine/medicals/medical_575.pdf,1,False,3,False
genuine,False,medical,genuine/medicals/medical_576.pdf,1,False,3,False
genuine,False,medical,genuine/medicals/medical_577.pdf,1,False,3,False
genuine,False,medical,genuine/medicals/medical_578.pdf,1,False,3,False
genuine,False,medical,genuine/medicals/medical_579.pdf,1,False,2,False
genuine,False,medical,genuine/medicals/medical_580.pdf,1,False,3,False
genuine,False,medical,genuine/medicals/medical_581.pdf,1,False,3,False
genuine,False,medical,genuine/medicals/medical_582.pdf,1,False,2,False
genuine,False,medical,genuine/medicals/medical_583.pdf,1,False,3,False
genuine,False,medical,genuine/medicals/medical_584.pdf,1,False,2,False
genuine,False,medical,genuine/medicals/medical_585.pdf,1,False,3,False
genuine,False,medical,genuine/medicals/medical_586.pdf,1,False,3,False
genuine,False,medical,genuine/medicals/medical_587.pdf,1,False,3,False
genuine,False,medical,genuine/medicals/medical_588.pdf,1,False,3,False
genuine,False,medical,genuine/medicals/medical_589.pdf,1,False,2,False
genuine,False,medical,genuine/medicals/medical_590.pdf,1,False,3,False
genuine,False,medical,genuine/medicals/medical_591.pdf,1,False,2,False
genuine,False,medical,genuine/medicals/medical_592.pdf,1,False,2,False
genuine,False,medical,genuine/medicals/medical_593.pdf,1,False,2,False
genuine,False,medical,genuine/medicals/medical_594.pdf,1,False,2,False
genuine,False,medical,genuine/medicals/medical_595.pdf,1,False,3,False
genuine,False,medical,genuine/medicals/medical_596.pdf,1,False,2,False
genuine,False,medical,genuine/medicals/medical_597.pdf,1,False,2,False
genuine,False,medical,genuine/medicals/medical_598.pdf,1,False,2,False
genuine,False,medical,genuine/medicals/medical_599.pdf,1,False,3,False
genuine,False,medical,genuine/medicals/medical_600.pdf,1,False,2,False
genuine,False,medical,genuine/medicals/medical_601.pdf,1,False,2,False
genuine,False,medical,genuine/medicals/medical_602.pdf,1,False,2,False
genuine,False,medical,genuine/medicals/medical_603.pdf,1,False,3,False
genuine,False,medical,genuine/medicals/medical_604.pdf,1,False,3,False
genuine,False,medical,genuine/medicals/medical_605.pdf,1,False,2,False
genuine,False,medical,genuine/medicals/medical_606.pdf,1,False,2,False
genuine,False,medical,genuine/medicals/medical_607.pdf,1,False,3,False
genuine,False,medical,genuine/medicals/medical_608.pdf,1,False,3,False
genuine,False,medical,genuine/medicals/medical_609.pdf,1,False,2,False
genuine,False,medical,genuine/medicals/medical_610.pdf,1,False,2,False
genuine,False,medical,genuine/medicals/medical_611.pdf,1,False,3,False
genuine,False,medical,genuine/medicals/medical_612.pdf,1,False,3,False
genuine,False,medical,genuine/medicals/medical_613.pdf,1,False,3,False
genuine,False,medical,genuine/medicals/medical_614.pdf,1,False,3,False
genuine,False,medical,genuine/medicals/medical_615.pdf,1,False,2,False
genuine,False,medical,genuine/medicals/medical_616.pdf,1,False,3,False
genuine,False,medical,genuine/medicals/medical_617.pdf,1,False,3,False
genuine,False,medical,genuine/medicals/medical_618.pdf,1,False,3,False
genuine,False,medical,genuine/medicals/medical_619.pdf,1,False,2,False
genuine,False,medical,genuine/medicals/medical_620.pdf,1,False,3,False
genuine,False,medical,genuine/medicals/medical_621.pdf,1,False,2,False
genuine,False,medical,genuine/medicals/medical_622.pdf,1,False,3,False
genuine,False,medical,genuine/medicals/medical_623.pdf,1,False,3,False
genuine,False,medical,genuine/medicals/medical_624.pdf,1,False,3,False
genuine,False,medical,genuine/medicals/medical_625.pdf,1,False,2,False
genuine,False,medical,genuine/medicals/medical_626.pdf,1,False,3,False
genuine,False,medical,genuine/medicals/medical_627.pdf,1,False,3,False
genuine,False,medical,genuine/medicals/medical_628.pdf,1,False,3,False
genuine,False,medical,genuine/medicals/medical_629.pdf,1,False,3,False
genuine,False,medical,genuine/medicals/medical_630.pdf,1,False,2,False
genuine,False,medical,genuine/medicals/medical_631.pdf,1,False,3,False
genuine,False,medical,genuine/medicals/medical_632.pdf,1,False,3,False
genuine,False,medical,genuine/medicals/medical_633.pdf,1,False,3,False
genuine,False,medical,genuine/medicals/medical_634.pdf,1,False,2,False
genuine,False,medical,genuine/medicals/medical_635.pdf,1,False,2,False
genuine,False,medical,genuine/medicals/medical_636.pdf,1,False,3,False
genuine,False,medical,genuine/medicals/medical_637.pdf,1,False,3,False
genuine,False,medical,genuine/medicals/medical_638.pdf,1,False,3,False
genuine,False,medical,genuine/medicals/medical_639.pdf,1,False,3,False
genuine,False,medical,genuine/medicals/medical_640.pdf,1,False,2,False
genuine,False,medical,genuine/medicals/medical_641.pdf,1,False,3,False
genuine,False,medical,genuine/medicals/medical_642.pdf,1,False,3,False
genuine,False,medical,genuine/medicals/medical_643.pdf,1,False,3,False
genuine,False,medical,genuine/medicals/medical_644.pdf,1,False,2,False
genuine,False,medical,genuine/medicals/medical_645.pdf,1,False,3,False
genuine,False,medical,genuine/medicals/medical_646.pdf,1,False,2,False
genuine,False,medical,genuine/medicals/medical_647.pdf,1,False,3,False
genuine,False,medical,genuine/medicals/medical_648.pdf,1,False,3,False
genuine,False,medical,genuine/medicals/medical_649.pdf,1,False,2,False
genuine,False,medical,genuine/medicals/medical_650.pdf,1,False,2,False
genuine,False,medical,genuine/medicals/medical_651.pdf,1,False,3,False
genuine,False,medical,genuine/medicals/medical_652.pdf,1,False,2,False
genuine,False,medical,genuine/medicals/medical_653.pdf,1,False,3,False
genuine,False,medical,genuine/medicals/medical_654.pdf,1,False,3,False
genuine,False,medical,genuine/medicals/medical_655.pdf,1,False,2,False
genuine,False,medical,genuine/medicals/medical_656.pdf,1,False,2,False
genuine,False,medical,genuine/medicals/medical_657.pdf,1,False,2,False
genuine,False,medical,genuine/medicals/medical_658.pdf,1,False,2,False
genuine,False,medical,genuine/medicals/medical_659.pdf,1,False,2,False
genuine,False,medical,genuine/medicals/medical_660.pdf,1,False,2,False
genuine,False,medical,genuine/medicals/medical_661.pdf,1,False,3,False
genuine,False,medical,genuine/medicals/medical_662.pdf,1,False,2,False
genuine,False,medical,genuine/medicals/medical_663.pdf,1,False,2,False
genuine,False,medical,genuine/medicals/medical_664.pdf,1,False,3,False
genuine,False,medical,genuine/medicals/medical_665.pdf,1,False,3,False
genuine,False,medical,genuine/medicals/medical_666.pdf,1,False,2,False
genuine,False,medical,genuine/medicals/medical_667.pdf,1,False,2,False
genuine,False,medical,genuine/medicals/medical_668.pdf,1,False,3,False
genuine,False,medical,genuine/medicals/medical_669.pdf,1,False,3,False
genuine,False,medical,genuine/medicals/medical_670.pdf,1,False,3,False
genuine,False,medical,genuine/medicals/medical_671.pdf,1,False,2,False
genuine,False,medical,genuine/medicals/medical_672.pdf,1,False,3,False
genuine,False,medical,genuine/medicals/medical_673.pdf,1,False,2,False
genuine,False,medical,genuine/medicals/medical_674.pdf,1,False,2,False
genuine,False,medical,genuine/medicals/medical_675.pdf,1,False,3,False
genuine,False,medical,genuine/medicals/medical_676.pdf,1,False,3,False
genuine,False,medical,genuine/medicals/medical_677.pdf,1,False,2,False
genuine,False,medical,genuine/medicals/medical_678.pdf,1,False,3,False
genuine,False,medical,genuine/medicals/medical_679.pdf,1,False,2,False
genuine,False,medical,genuine/medicals/medical_680.pdf,1,False,2,False
genuine,False,medical,genuine/medicals/medical_681.pdf,1,False,3,False
genuine,False,medical,genuine/medicals/medical_682.pdf,1,False,3,False
genuine,False,medical,genuine/medicals/medical_683.pdf,1,False,2,False
genuine,False,medical,genuine/medicals/medical_684.pdf,1,False,3,False
genuine,False,medical,genuine/medicals/medical_685.pdf,1,False,2,False
genuine,False,medical,genuine/medicals/medical_686.pdf,1,False,3,False
genuine,False,medical,genuine/medicals/medical_687.pdf,1,False,3,False
genuine,False,medical,genuine/medicals/medical_688.pdf,1,False,2,False
genuine,False,medical,genuine/medicals/medical_689.pdf,1,False,3,False
genuine,False,medical,genuine/medicals/medical_690.pdf,1,False,3,False
genuine,False,medical,genuine/medicals/medical_691.pdf,1,False,3,False
genuine,False,medical,genuine/medicals/medical_692.pdf,1,False,2,False
genuine,False,medical,genuine/medicals/medical_693.pdf,1,False,3,False
genuine,False,medical,genuine/medicals/medical_694.pdf,1,False,3,False
genuine,False,medical,genuine/medicals/medical_695.pdf,1,False,3,False
genuine,False,medical,genuine/medicals/medical_696.pdf,1,False,2,False
genuine,False,medical,genuine/medicals/medical_697.pdf,1,False,3,False
genuine,False,medical,genuine/medicals/medical_698.pdf,1,False,2,False
genuine,False,medical,genuine/medicals/medical_699.pdf,1,False,2,False
genuine,False,medical,genuine/medicals/medical_700.pdf,1,False,3,False
genuine,False,medical,genuine/medicals/medical_701.pdf,1,False,2,False
genuine,False,medical,genuine/medicals/medical_702.pdf,1,False,2,False
genuine,False,medical,genuine/medicals/medical_703.pdf,1,False,2,False
genuine,False,medical,genuine/medicals/medical_704.pdf,1,False,2,False
genuine,False,medical,genuine/medicals/medical_705.pdf,1,False,3,False
genuine,False,medical,genuine/medicals/medical_706.pdf,1,False,3,False
genuine,False,medical,genuine/medicals/medical_707.pdf,1,False,2,False
genuine,False,medical,genuine/medicals/medical_708.pdf,1,False,3,False
genuine,False,medical,genuine/medicals/medical_709.pdf,1,False,3,False
genuine,False,medical,genuine/medicals/medical_710.pdf,1,False,3,False
genuine,False,medical,genuine/medicals/medical_711.pdf,1,False,2,False
genuine,False,medical,genuine/medicals/medical_712.pdf,1,False,2,False
genuine,False,medical,genuine/medicals/medical_713.pdf,1,False,3,False
genuine,False,medical,genuine/medicals/medical_714.pdf,1,False,3,False
genuine,False,medical,genuine/medicals/medical_715.pdf,1,False,3,False
genuine,False,medical,genuine/medicals/medical_716.pdf,1,False,2,False
genuine,False,medical,genuine/medicals/medical_717.pdf,1,False,2,False
genuine,False,medical,genuine/medicals/medical_718.pdf,1,False,2,False
genuine,False,medical,genuine/medicals/medical_719.pdf,1,False,2,False
genuine,False,medical,genuine/medicals/medical_720.pdf,1,False,3,False
genuine,False,medical,genuine/medicals/medical_721.pdf,1,False,2,False
genuine,False,medical,genuine/medicals/medical_722.pdf,1,False,2,False
genuine,False,medical,genuine/medicals/medical_723.pdf,1,False,3,False
genuine,False,medical,genuine/medicals/medical_724.pdf,1,False,3,False
genuine,False,medical,genuine/medicals/medical_725.pdf,1,False,3,False
genuine,False,medical,genuine/medicals/medical_726.pdf,1,False,2,False
genuine,False,medical,genuine/medicals/medical_727.pdf,1,False,3,False
genuine,False,medical,genuine/medicals/medical_728.pdf,1,False,2,False
genuine,False,medical,genuine/medicals/medical_729.pdf,1,False,3,False
genuine,False,medical,genuine/medicals/medical_730.pdf,1,False,3,False
genuine,False,medical,genuine/medicals/medical_731.pdf,1,False,2,False
genuine,False,medical,genuine/medicals/medical_732.pdf,1,False,3,False
genuine,False,medical,genuine/medicals/medical_733.pdf,1,False,2,False
genuine,False,medical,genuine/medicals/medical_734.pdf,1,False,2,False
genuine,False,medical,genuine/medicals/medical_735.pdf,1,False,3,False
genuine,False,medical,genuine/medicals/medical_736.pdf,1,False,3,False
genuine,False,medical,genuine/medicals/medical_737.pdf,1,False,3,False
genuine,False,medical,genuine/medicals/medical_738.pdf,1,False,2,False
genuine,False,medical,genuine/medicals/medical_739.pdf,1,False,3,False
genuine,False,medical,genuine/medicals/medical_740.pdf,1,False,2,False
genuine,False,medical,genuine/medicals/medical_741.pdf,1,False,2,False
genuine,False,medical,genuine/medicals/medical_742.pdf,1,False,3,False
genuine,False,medical,genuine/medicals/medical_743.pdf,1,False,2,False
genuine,False,medical,genuine/medicals/medical_744.pdf,1,False,3,False
genuine,False,medical,genuine/medicals/medical_745.pdf,1,False,2,False
genuine,False,medical,genuine/medicals/medical_746.pdf,1,False,2,False
genuine,False,medical,genuine/medicals/medical_747.pdf,1,False,3,False
genuine,False,medical,genuine/medicals/medical_748.pdf,1,False,3,False
genuine,False,medical,genuine/medicals/medical_749.pdf,1,False,3,False
genuine,False,medical,genuine/medicals/medical_750.pdf,1,False,3,False
genuine,False,medical,genuine/medicals/medical_751.pdf,1,False,3,False
genuine,False,medical,genuine/medicals/medical_752.pdf,1,False,3,False
genuine,False,medical,genuine/medicals/medical_753.pdf,1,False,3,False
genuine,False,medical,genuine/medicals/medical_754.pdf,1,False,2,False
genuine,False,medical,genuine/medicals/medical_755.pdf,1,False,2,False
genuine,False,medical,genuine/medicals/medical_756.pdf,1,False,2,False
genuine,False,medical,genuine/medicals/medical_757.pdf,1,False,3,False
genuine,False,medical,genuine/medicals/medical_758.pdf,1,False,2,False
genuine,False,medical,genuine/medicals/medical_759.pdf,1,False,2,False
genuine,False,medical,genuine/medicals/medical_760.pdf,1,False,2,False
genuine,False,medical,genuine/medicals/medical_761.pdf,1,False,2,False
genuine,False,medical,genuine/medicals/medical_762.pdf,1,False,2,False
genuine,False,medical,genuine/medicals/medical_763.pdf,1,False,3,False
genuine,False,medical,genuine/medicals/medical_764.pdf,1,False,2,False
genuine,False,medical,genuine/medicals/medical_765.pdf,1,False,3,False
genuine,False,medical,genuine/medicals/medical_766.pdf,1,False,2,False
genuine,False,medical,genuine/medicals/medical_767.pdf,1,False,3,False
genuine,False,medical,genuine/medicals/medical_768.pdf,1,False,2,False
genuine,False,medical,genuine/medicals/medical_769.pdf,1,False,2,False
genuine,False,medical,genuine/medicals/medical_770.pdf,1,False,3,False
genuine,False,medical,genuine/medicals/medical_771.pdf,1,False,3,False
genuine,False,medical,genuine/medicals/medical_772.pdf,1,False,2,False
genuine,False,medical,genuine/medicals/medical_773.pdf,1,False,2,False
genuine,False,medical,genuine/medicals/medical_774.pdf,1,False,2,False
genuine,False,medical,genuine/medicals/medical_775.pdf,1,False,2,False
genuine,False,medical,genuine/medicals/medical_776.pdf,1,False,3,False
genuine,False,medical,genuine/medicals/medical_777.pdf,1,False,3,False
genuine,False,medical,genuine/medicals/medical_778.pdf,1,False,3,False
genuine,False,medical,genuine/medicals/medical_779.pdf,1,False,3,False
genuine,False,medical,genuine/medicals/medical_780.pdf,1,False,2,False
genuine,False,medical,genuine/medicals/medical_781.pdf,1,False,2,False
genuine,False,medical,genuine/medicals/medical_782.pdf,1,False,2,False
genuine,False,medical,genuine/medicals/medical_783.pdf,1,False,2,False
genuine,False,medical,genuine/medicals/medical_784.pdf,1,False,3,False
genuine,False,medical,genuine/medicals/medical_785.pdf,1,False,3,False
genuine,False,medical,genuine/medicals/medical_786.pdf,1,False,3,False
genuine,False,medical,genuine/medicals/medical_787.pdf,1,False,3,False
genuine,False,medical,genuine/medicals/medical_788.pdf,1,False,2,False
genuine,False,medical,genuine/medicals/medical_789.pdf,1,False,3,False
genuine,False,medical,genuine/medicals/medical_790.pdf,1,False,2,False
genuine,False,medical,genuine/medicals/medical_791.pdf,1,False,2,False
genuine,False,medical,genuine/medicals/medical_792.pdf,1,False,3,False
genuine,False,medical,genuine/medicals/medical_793.pdf,1,False,3,False
genuine,False,medical,genuine/medicals/medical_794.pdf,1,False,3,False
genuine,False,medical,genuine/medicals/medical_795.pdf,1,False,2,False
genuine,False,medical,genuine/medicals/medical_796.pdf,1,False,3,False
genuine,False,medical,genuine/medicals/medical_797.pdf,1,False,2,False
genuine,False,medical,genuine/medicals/medical_798.pdf,1,False,3,False
genuine,False,medical,genuine/medicals/medical_799.pdf,1,False,3,False
genuine,False,medical,genuine/medicals/medical_800.pdf,1,False,2,False
genuine,False,medical,genuine/medicals/medical_801.pdf,1,False,3,False
genuine,False,medical,genuine/medicals/medical_802.pdf,1,False,2,False
genuine,False,medical,genuine/medicals/medical_803.pdf,1,False,2,False
genuine,False,medical,genuine/medicals/medical_804.pdf,1,False,2,False
genuine,False,medical,genuine/medicals/medical_805.pdf,1,False,3,False
genuine,False,medical,genuine/medicals/medical_806.pdf,1,False,2,False
genuine,False,medical,genuine/medicals/medical_807.pdf,1,False,2,False
genuine,False,medical,genuine/medicals/medical_808.pdf,1,False,3,False
genuine,False,medical,genuine/medicals/medical_809.pdf,1,False,2,False
genuine,False,medical,genuine/medicals/medical_810.pdf,1,False,3,False
genuine,False,medical,genuine/medicals/medical_811.pdf,1,False,3,False
genuine,False,medical,genuine/medicals/medical_812.pdf,1,False,3,False
genuine,False,medical,genuine/medicals/medical_813.pdf,1,False,2,False
genuine,False,medical,genuine/medicals/medical_814.pdf,1,False,3,False
genuine,False,medical,genuine/medicals/medical_815.pdf,1,False,3,False
genuine,False,medical,genuine/medicals/medical_816.pdf,1,False,2,False
genuine,False,medical,genuine/medicals/medical_817.pdf,1,False,2,False
genuine,False,medical,genuine/medicals/medical_818.pdf,1,False,3,False
genuine,False,medical,genuine/medicals/medical_819.pdf,1,False,2,False
genuine,False,medical,genuine/medicals/medical_820.pdf,1,False,3,False
genuine,False,medical,genuine/medicals/medical_821.pdf,1,False,2,False
genuine,False,medical,genuine/medicals/medical_822.pdf,1,False,3,False
genuine,False,medical,genuine/medicals/medical_823.pdf,1,False,3,False
genuine,False,medical,genuine/medicals/medical_824.pdf,1,False,2,False
genuine,False,medical,genuine/medicals/medical_825.pdf,1,False,3,False
genuine,False,medical,genuine/medicals/medical_826.pdf,1,False,3,False
genuine,False,medical,genuine/medicals/medical_827.pdf,1,False,2,False
genuine,False,medical,genuine/medicals/medical_828.pdf,1,False,3,False
genuine,False,medical,genuine/medicals/medical_829.pdf,1,False,2,False
genuine,False,medical,genuine/medicals/medical_830.pdf,1,False,2,False
genuine,False,medical,genuine/medicals/medical_831.pdf,1,False,3,False
genuine,False,medical,genuine/medicals/medical_832.pdf,1,False,3,False
genuine,False,medical,genuine/medicals/medical_833.pdf,1,False,2,False
genuine,False,medical,genuine/medicals/medical_834.pdf,1,False,3,False
genuine,False,medical,genuine/medicals/medical_835.pdf,1,False,2,False
genuine,False,medical,genuine/medicals/medical_836.pdf,1,False,3,False
genuine,False,medical,genuine/medicals/medical_837.pdf,1,False,2,False
genuine,False,medical,genuine/medicals/medical_838.pdf,1,False,2,False
genuine,False,medical,genuine/medicals/medical_839.pdf,1,False,3,False
genuine,False,medical,genuine/medicals/medical_840.pdf,1,False,3,False
genuine,False,medical,genuine/medicals/medical_841.pdf,1,False,3,False
genuine,False,medical,genuine/medicals/medical_842.pdf,1,False,2,False
genuine,False,medical,genuine/medicals/medical_843.pdf,1,False,2,False
genuine,False,medical,genuine/medicals/medical_844.pdf,1,False,2,False
genuine,False,medical,genuine/medicals/medical_845.pdf,1,False,2,False
genuine,False,medical,genuine/medicals/medical_846.pdf,1,False,3,False
genuine,False,medical,genuine/medicals/medical_847.pdf,1,False,2,False
genuine,False,medical,genuine/medicals/medical_848.pdf,1,False,2,False
genuine,False,medical,genuine/medicals/medical_849.pdf,1,False,2,False
genuine,False,medical,genuine/medicals/medical_850.pdf,1,False,2,False
genuine,False,medical,genuine/medicals/medical_851.pdf,1,False,3,False
genuine,False,medical,genuine/medicals/medical_852.pdf,1,False,2,False
genuine,False,medical,genuine/medicals/medical_853.pdf,1,False,3,False
genuine,False,medical,genuine/medicals/medical_854.pdf,1,False,3,False
genuine,False,medical,genuine/medicals/medical_855.pdf,1,False,3,False
genuine,False,medical,genuine/medicals/medical_856.pdf,1,False,2,False
genuine,False,medical,genuine/medicals/medical_857.pdf,1,False,3,False
genuine,False,medical,genuine/medicals/medical_858.pdf,1,False,2,False
genuine,False,medical,genuine/medicals/medical_859.pdf,1,False,3,False
genuine,False,medical,genuine/medicals/medical_860.pdf,1,False,2,False
genuine,False,medical,genuine/medicals/medical_861.pdf,1,False,2,False
genuine,False,medical,genuine/medicals/medical_862.pdf,1,False,3,False
genuine,False,medical,genuine/medicals/medical_863.pdf,1,False,3,False
genuine,False,medical,genuine/medicals/medical_864.pdf,1,False,2,False
genuine,False,medical,genuine/medicals/medical_865.pdf,1,False,3,False
genuine,False,medical,genuine/medicals/medical_866.pdf,1,False,2,False
genuine,False,medical,genuine/medicals/medical_867.pdf,1,False,2,False
genuine,False,medical,genuine/medicals/medical_868.pdf,1,False,2,False
genuine,False,medical,genuine/medicals/medical_869.pdf,1,False,3,False
genuine,False,medical,genuine/medicals/medical_870.pdf,1,False,3,False
genuine,False,medical,genuine/medicals/medical_871.pdf,1,False,3,False
genuine,False,medical,genuine/medicals/medical_872.pdf,1,False,3,False
genuine,False,medical,genuine/medicals/medical_873.pdf,1,False,2,False
genuine,False,medical,genuine/medicals/medical_874.pdf,1,False,2,False
genuine,False,medical,genuine/medicals/medical_875.pdf,1,False,3,False
genuine,False,medical,genuine/medicals/medical_876.pdf,1,False,2,False
genuine,False,medical,genuine/medicals/medical_877.pdf,1,False,3,False
genuine,False,medical,genuine/medicals/medical_878.pdf,1,False,3,False
genuine,False,medical,genuine/medicals/medical_879.pdf,1,False,3,False
genuine,False,medical,genuine/medicals/medical_880.pdf,1,False,3,False
genuine,False,medical,genuine/medicals/medical_881.pdf,1,False,2,False
genuine,False,medical,genuine/medicals/medical_882.pdf,1,False,3,False
genuine,False,medical,genuine/medicals/medical_883.pdf,1,False,3,False
genuine,False,medical,genuine/medicals/medical_884.pdf,1,False,3,False
genuine,False,medical,genuine/medicals/medical_885.pdf,1,False,2,False
genuine,False,medical,genuine/medicals/medical_886.pdf,1,False,2,False
genuine,False,medical,genuine/medicals/medical_887.pdf,1,False,2,False
genuine,False,medical,genuine/medicals/medical_888.pdf,1,False,2,False
genuine,False,medical,genuine/medicals/medical_889.pdf,1,False,2,False
genuine,False,medical,genuine/medicals/medical_890.pdf,1,False,2,False
genuine,False,medical,genuine/medicals/medical_891.pdf,1,False,2,False
genuine,False,medical,genuine/medicals/medical_892.pdf,1,False,2,False
genuine,False,medical,genuine/medicals/medical_893.pdf,1,False,3,False
genuine,False,medical,genuine/medicals/medical_894.pdf,1,False,3,False
genuine,False,medical,genuine/medicals/medical_895.pdf,1,False,3,False
genuine,False,medical,genuine/medicals/medical_896.pdf,1,False,3,False
genuine,False,medical,genuine/medicals/medical_897.pdf,1,False,3,False
genuine,False,medical,genuine/medicals/medical_898.pdf,1,False,2,False
genuine,False,medical,genuine/medicals/medical_899.pdf,1,False,2,False
genuine,False,medical,genuine/medicals/medical_900.pdf,1,False,2,False
genuine,False,medical,genuine/medicals/medical_901.pdf,1,False,2,False
genuine,False,medical,genuine/medicals/medical_902.pdf,1,False,3,False
genuine,False,medical,genuine/medicals/medical_903.pdf,1,False,2,False
genuine,False,medical,genuine/medicals/medical_904.pdf,1,False,2,False
genuine,False,medical,genuine/medicals/medical_905.pdf,1,False,3,False
genuine,False,medical,genuine/medicals/medical_906.pdf,1,False,2,False
genuine,False,medical,genuine/medicals/medical_907.pdf,1,False,3,False
genuine,False,medical,genuine/medicals/medical_908.pdf,1,False,2,False
genuine,False,medical,genuine/medicals/medical_909.pdf,1,False,3,False
genuine,False,medical,genuine/medicals/medical_910.pdf,1,False,3,False
genuine,False,medical,genuine/medicals/medical_911.pdf,1,False,2,False
genuine,False,medical,genuine/medicals/medical_912.pdf,1,False,3,False
genuine,False,medical,genuine/medicals/medical_913.pdf,1,False,3,False
genuine,False,medical,genuine/medicals/medical_914.pdf,1,False,2,False
genuine,False,medical,genuine/medicals/medical_915.pdf,1,False,3,False
genuine,False,medical,genuine/medicals/medical_916.pdf,1,False,3,False
genuine,False,medical,genuine/medicals/medical_917.pdf,1,False,2,False
genuine,False,medical,genuine/medicals/medical_918.pdf,1,False,2,False
genuine,False,medical,genuine/medicals/medical_919.pdf,1,False,2,False
genuine,False,medical,genuine/medicals/medical_920.pdf,1,False,2,False
genuine,False,medical,genuine/medicals/medical_921.pdf,1,False,3,False
genuine,False,medical,genuine/medicals/medical_922.pdf,1,False,2,False
genuine,False,medical,genuine/medicals/medical_923.pdf,1,False,2,False
genuine,False,medical,genuine/medicals/medical_924.pdf,1,False,3,False
genuine,False,medical,genuine/medicals/medical_925.pdf,1,False,2,False
genuine,False,medical,genuine/medicals/medical_926.pdf,1,False,3,False
genuine,False,medical,genuine/medicals/medical_927.pdf,1,False,3,False
genuine,False,medical,genuine/medicals/medical_928.pdf,1,False,2,False
genuine,False,medical,genuine/medicals/medical_929.pdf,1,False,2,False
genuine,False,medical,genuine/medicals/medical_930.pdf,1,False,3,False
genuine,False,medical,genuine/medicals/medical_931.pdf,1,False,3,False
genuine,False,medical,genuine/medicals/medical_932.pdf,1,False,3,False
genuine,False,medical,genuine/medicals/medical_933.pdf,1,False,2,False
genuine,False,medical,genuine/medicals/medical_934.pdf,1,False,2,False
genuine,False,medical,genuine/medicals/medical_935.pdf,1,False,3,False
genuine,False,medical,genuine/medicals/medical_936.pdf,1,False,2,False
genuine,False,medical,genuine/medicals/medical_937.pdf,1,False,3,False
genuine,False,medical,genuine/medicals/medical_938.pdf,1,False,3,False
genuine,False,medical,genuine/medicals/medical_939.pdf,1,False,2,False
genuine,False,medical,genuine/medicals/medical_940.pdf,1,False,2,False
genuine,False,medical,genuine/medicals/medical_941.pdf,1,False,2,False
genuine,False,medical,genuine/medicals/medical_942.pdf,1,False,2,False
genuine,False,medical,genuine/medicals/medical_943.pdf,1,False,2,False
genuine,False,medical,genuine/medicals/medical_944.pdf,1,False,3,False
genuine,False,medical,genuine/medicals/medical_945.pdf,1,False,3,False
genuine,False,medical,genuine/medicals/medical_946.pdf,1,False,2,False
genuine,False,medical,genuine/medicals/medical_947.pdf,1,False,2,False
genuine,False,medical,genuine/medicals/medical_948.pdf,1,False,3,False
genuine,False,medical,genuine/medicals/medical_949.pdf,1,False,3,False
genuine,False,medical,genuine/medicals/medical_950.pdf,1,False,3,False
genuine,False,medical,genuine/medicals/medical_951.pdf,1,False,2,False
genuine,False,medical,genuine/medicals/medical_952.pdf,1,False,3,False
genuine,False,medical,genuine/medicals/medical_953.pdf,1,False,2,False
genuine,False,medical,genuine/medicals/medical_954.pdf,1,False,3,False
genuine,False,medical,genuine/medicals/medical_955.pdf,1,False,2,False
genuine,False,medical,genuine/medicals/medical_956.pdf,1,False,3,False
genuine,False,medical,genuine/medicals/medical_957.pdf,1,False,3,False
genuine,False,medical,genuine/medicals/medical_958.pdf,1,False,3,False
genuine,False,medical,genuine/medicals/medical_959.pdf,1,False,2,False
genuine,False,medical,genuine/medicals/medical_960.pdf,1,False,2,False
genuine,False,medical,genuine/medicals/medical_961.pdf,1,False,2,False
genuine,False,medical,genuine/medicals/medical_962.pdf,1,False,2,False
genuine,False,medical,genuine/medicals/medical_963.pdf,1,False,2,False
genuine,False,medical,genuine/medicals/medical_964.pdf,1,False,2,False
genuine,False,medical,genuine/medicals/medical_965.pdf,1,False,3,False
genuine,False,medical,genuine/medicals/medical_966.pdf,1,False,3,False
genuine,False,medical,genuine/medicals/medical_967.pdf,1,False,2,False
genuine,False,medical,genuine/medicals/medical_968.pdf,1,False,2,False
genuine,False,medical,genuine/medicals/medical_969.pdf,1,False,2,False
genuine,False,medical,genuine/medicals/medical_970.pdf,1,False,3,False
genuine,False,medical,genuine/medicals/medical_971.pdf,1,False,2,False
genuine,False,medical,genuine/medicals/medical_972.pdf,1,False,2,False
genuine,False,medical,genuine/medicals/medical_973.pdf,1,False,2,False
genuine,False,medical,genuine/medicals/medical_974.pdf,1,False,3,False
genuine,False,medical,genuine/medicals/medical_975.pdf,1,False,3,False
genuine,False,medical,genuine/medicals/medical_976.pdf,1,False,2,False
genuine,False,medical,genuine/medicals/medical_977.pdf,1,False,2,False
genuine,False,medical,genuine/medicals/medical_978.pdf,1,False,2,False
genuine,False,medical,genuine/medicals/medical_979.pdf,1,False,2,False
genuine,False,medical,genuine/medicals/medical_980.pdf,1,False,2,False
genuine,False,medical,genuine/medicals/medical_981.pdf,1,False,2,False
genuine,False,medical,genuine/medicals/medical_982.pdf,1,False,3,False
genuine,False,medical,genuine/medicals/medical_983.pdf,1,False,3,False
genuine,False,medical,genuine/medicals/medical_984.pdf,1,False,3,False
genuine,False,medical,genuine/medicals/medical_985.pdf,1,False,3,False
genuine,False,medical,genuine/medicals/medical_986.pdf,1,False,3,False
genuine,False,medical,genuine/medicals/medical_987.pdf,1,False,2,False
genuine,False,medical,genuine/medicals/medical_988.pdf,1,False,2,False
genuine,False,medical,genuine/medicals/medical_989.pdf,1,False,2,False
genuine,False,medical,genuine/medicals/medical_990.pdf,1,False,2,False
genuine,False,medical,genuine/medicals/medical_991.pdf,1,False,2,False
genuine,False,medical,genuine/medicals/medical_992.pdf,1,False,3,False
genuine,False,medical,genuine/medicals/medical_993.pdf,1,False,2,False
genuine,False,medical,genuine/medicals/medical_994.pdf,1,False,2,False
genuine,False,medical,genuine/medicals/medical_995.pdf,1,False,2,False
genuine,False,medical,genuine/medicals/medical_996.pdf,1,False,2,False
genuine,False,medical,genuine/medicals/medical_997.pdf,1,False,3,False
genuine,False,medical,genuine/medicals/medical_998.pdf,1,False,3,False
genuine,False,medical,genuine/medicals/medical_999.pdf,1,False,2,False
forged_inplace,True,invoice,forged_inplace/invoices/invoice_026_inplace.pdf,1,True,3,True
forged_inplace,True,invoice,forged_inplace/invoices/invoice_028_inplace.pdf,1,True,3,True
forged_inplace,True,invoice,forged_inplace/invoices/invoice_031_inplace.pdf,1,True,3,True
forged_inplace,True,invoice,forged_inplace/invoices/invoice_033_inplace.pdf,1,True,3,True
forged_inplace,True,invoice,forged_inplace/invoices/invoice_090_inplace.pdf,1,True,3,True
forged_inplace,True,invoice,forged_inplace/invoices/invoice_096_inplace.pdf,1,True,2,True
forged_inplace,True,invoice,forged_inplace/invoices/invoice_104_inplace.pdf,1,True,3,True
forged_inplace,True,invoice,forged_inplace/invoices/invoice_114_inplace.pdf,1,True,3,True
forged_inplace,True,invoice,forged_inplace/invoices/invoice_142_inplace.pdf,1,True,3,True
forged_inplace,True,invoice,forged_inplace/invoices/invoice_223_inplace.pdf,1,True,3,True
forged_inplace,True,invoice,forged_inplace/invoices/invoice_228_inplace.pdf,1,True,3,True
forged_inplace,True,invoice,forged_inplace/invoices/invoice_238_inplace.pdf,1,True,3,True
forged_inplace,True,invoice,forged_inplace/invoices/invoice_250_inplace.pdf,1,True,3,True
forged_inplace,True,invoice,forged_inplace/invoices/invoice_281_inplace.pdf,1,True,3,True
forged_inplace,True,invoice,forged_inplace/invoices/invoice_432_inplace.pdf,1,True,3,True
forged_inplace,True,invoice,forged_inplace/invoices/invoice_517_inplace.pdf,1,True,3,True
forged_inplace,True,invoice,forged_inplace/invoices/invoice_558_inplace.pdf,1,True,3,True
forged_inplace,True,invoice,forged_inplace/invoices/invoice_604_inplace.pdf,1,True,3,True
forged_inplace,True,invoice,forged_inplace/invoices/invoice_616_inplace.pdf,1,True,2,True
forged_inplace,True,invoice,forged_inplace/invoices/invoice_654_inplace.pdf,1,True,3,True
forged_inplace,True,invoice,forged_inplace/invoices/invoice_692_inplace.pdf,1,True,2,True
forged_inplace,True,invoice,forged_inplace/invoices/invoice_754_inplace.pdf,1,True,3,True
forged_inplace,True,invoice,forged_inplace/invoices/invoice_758_inplace.pdf,1,True,2,True
forged_inplace,True,invoice,forged_inplace/invoices/invoice_759_inplace.pdf,1,True,3,True
forged_inplace,True,invoice,forged_inplace/invoices/invoice_913_inplace.pdf,1,True,3,True
forged_inplace,True,letter,forged_inplace/letters/letter_001_inplace.pdf,1,True,2,True
forged_inplace,True,letter,forged_inplace/letters/letter_020_inplace.pdf,1,True,2,True
forged_inplace,True,letter,forged_inplace/letters/letter_114_inplace.pdf,1,True,3,True
forged_inplace,True,letter,forged_inplace/letters/letter_156_inplace.pdf,1,True,2,True
forged_inplace,True,letter,forged_inplace/letters/letter_165_inplace.pdf,1,True,2,True
forged_inplace,True,letter,forged_inplace/letters/letter_203_inplace.pdf,1,True,3,True
forged_inplace,True,letter,forged_inplace/letters/letter_305_inplace.pdf,1,True,3,True
forged_inplace,True,letter,forged_inplace/letters/letter_331_inplace.pdf,1,True,2,True
forged_inplace,True,letter,forged_inplace/letters/letter_382_inplace.pdf,1,True,3,True
forged_inplace,True,letter,forged_inplace/letters/letter_500_inplace.pdf,1,True,2,True
forged_inplace,True,letter,forged_inplace/letters/letter_519_inplace.pdf,1,True,3,True
forged_inplace,True,letter,forged_inplace/letters/letter_543_inplace.pdf,1,True,3,True
forged_inplace,True,letter,forged_inplace/letters/letter_552_inplace.pdf,1,True,2,True
forged_inplace,True,letter,forged_inplace/letters/letter_613_inplace.pdf,1,True,3,True
forged_inplace,True,letter,forged_inplace/letters/letter_623_inplace.pdf,1,True,2,True
forged_inplace,True,letter,forged_inplace/letters/letter_640_inplace.pdf,1,True,3,True
forged_inplace,True,letter,forged_inplace/letters/letter_654_inplace.pdf,1,True,2,True
forged_inplace,True,letter,forged_inplace/letters/letter_780_inplace.pdf,1,True,3,True
forged_inplace,True,letter,forged_inplace/letters/letter_797_inplace.pdf,1,True,3,True
forged_inplace,True,letter,forged_inplace/letters/letter_861_inplace.pdf,1,True,3,True
forged_inplace,True,letter,forged_inplace/letters/letter_891_inplace.pdf,1,True,2,True
forged_inplace,True,letter,forged_inplace/letters/letter_940_inplace.pdf,1,True,3,True
forged_inplace,True,letter,forged_inplace/letters/letter_944_inplace.pdf,1,True,3,True
forged_inplace,True,letter,forged_inplace/letters/letter_951_inplace.pdf,1,True,2,True
forged_inplace,True,letter,forged_inplace/letters/letter_976_inplace.pdf,1,True,3,True
forged_inplace,True,medical,forged_inplace/medicals/medical_041_inplace.pdf,1,True,2,True
forged_inplace,True,medical,forged_inplace/medicals/medical_084_inplace.pdf,1,True,3,True
forged_inplace,True,medical,forged_inplace/medicals/medical_122_inplace.pdf,1,True,3,True
forged_inplace,True,medical,forged_inplace/medicals/medical_209_inplace.pdf,1,True,2,True
forged_inplace,True,medical,forged_inplace/medicals/medical_240_inplace.pdf,1,True,2,True
forged_inplace,True,medical,forged_inplace/medicals/medical_252_inplace.pdf,1,True,3,True
forged_inplace,True,medical,forged_inplace/medicals/medical_267_inplace.pdf,1,True,3,True
forged_inplace,True,medical,forged_inplace/medicals/medical_321_inplace.pdf,1,True,2,True
forged_inplace,True,medical,forged_inplace/medicals/medical_323_inplace.pdf,1,True,2,True
forged_inplace,True,medical,forged_inplace/medicals/medical_413_inplace.pdf,1,True,3,True
forged_inplace,True,medical,forged_inplace/medicals/medical_429_inplace.pdf,1,True,3,True
forged_inplace,True,medical,forged_inplace/medicals/medical_535_inplace.pdf,1,True,3,True
forged_inplace,True,medical,forged_inplace/medicals/medical_578_inplace.pdf,1,True,3,True
forged_inplace,True,medical,forged_inplace/medicals/medical_583_inplace.pdf,1,True,3,True
forged_inplace,True,medical,forged_inplace/medicals/medical_592_inplace.pdf,1,True,2,True
forged_inplace,True,medical,forged_inplace/medicals/medical_597_inplace.pdf,1,True,2,True
forged_inplace,True,medical,forged_inplace/medicals/medical_608_inplace.pdf,1,True,3,True
forged_inplace,True,medical,forged_inplace/medicals/medical_634_inplace.pdf,1,True,2,True
forged_inplace,True,medical,forged_inplace/medicals/medical_673_inplace.pdf,1,True,2,True
forged_inplace,True,medical,forged_inplace/medicals/medical_685_inplace.pdf,1,True,2,True
forged_inplace,True,medical,forged_inplace/medicals/medical_733_inplace.pdf,1,True,2,True
forged_inplace,True,medical,forged_inplace/medicals/medical_882_inplace.pdf,1,True,3,True
forged_inplace,True,medical,forged_inplace/medicals/medical_911_inplace.pdf,1,True,2,True
forged_inplace,True,medical,forged_inplace/medicals/medical_957_inplace.pdf,1,True,3,True
forged_inplace,True,medical,forged_inplace/medicals/medical_964_inplace.pdf,1,True,2,True
forged_reauthored,True,invoice,forged_reauthored/invoices/invoice_026_reauthored.pdf,1,False,2,False
forged_reauthored,True,invoice,forged_reauthored/invoices/invoice_028_reauthored.pdf,1,False,3,False
forged_reauthored,True,invoice,forged_reauthored/invoices/invoice_031_reauthored.pdf,1,False,2,False
forged_reauthored,True,invoice,forged_reauthored/invoices/invoice_033_reauthored.pdf,1,False,2,False
forged_reauthored,True,invoice,forged_reauthored/invoices/invoice_090_reauthored.pdf,1,False,3,False
forged_reauthored,True,invoice,forged_reauthored/invoices/invoice_096_reauthored.pdf,1,False,3,False
forged_reauthored,True,invoice,forged_reauthored/invoices/invoice_104_reauthored.pdf,1,False,2,False
forged_reauthored,True,invoice,forged_reauthored/invoices/invoice_114_reauthored.pdf,1,False,3,False
forged_reauthored,True,invoice,forged_reauthored/invoices/invoice_142_reauthored.pdf,1,False,2,False
forged_reauthored,True,invoice,forged_reauthored/invoices/invoice_223_reauthored.pdf,1,False,2,False
forged_reauthored,True,invoice,forged_reauthored/invoices/invoice_228_reauthored.pdf,1,False,2,False
forged_reauthored,True,invoice,forged_reauthored/invoices/invoice_238_reauthored.pdf,1,False,2,False
forged_reauthored,True,invoice,forged_reauthored/invoices/invoice_250_reauthored.pdf,1,False,2,False
forged_reauthored,True,invoice,forged_reauthored/invoices/invoice_281_reauthored.pdf,1,False,2,False
forged_reauthored,True,invoice,forged_reauthored/invoices/invoice_432_reauthored.pdf,1,False,3,False
forged_reauthored,True,invoice,forged_reauthored/invoices/invoice_517_reauthored.pdf,1,False,2,False
forged_reauthored,True,invoice,forged_reauthored/invoices/invoice_558_reauthored.pdf,1,False,3,False
forged_reauthored,True,invoice,forged_reauthored/invoices/invoice_604_reauthored.pdf,1,False,2,False
forged_reauthored,True,invoice,forged_reauthored/invoices/invoice_616_reauthored.pdf,1,False,3,False
forged_reauthored,True,invoice,forged_reauthored/invoices/invoice_654_reauthored.pdf,1,False,2,False
forged_reauthored,True,invoice,forged_reauthored/invoices/invoice_692_reauthored.pdf,1,False,3,False
forged_reauthored,True,invoice,forged_reauthored/invoices/invoice_754_reauthored.pdf,1,False,2,False
forged_reauthored,True,invoice,forged_reauthored/invoices/invoice_758_reauthored.pdf,1,False,3,False
forged_reauthored,True,invoice,forged_reauthored/invoices/invoice_759_reauthored.pdf,1,False,3,False
forged_reauthored,True,invoice,forged_reauthored/invoices/invoice_913_reauthored.pdf,1,False,2,False
forged_reauthored,True,letter,forged_reauthored/letters/letter_001_reauthored.pdf,1,False,3,False
forged_reauthored,True,letter,forged_reauthored/letters/letter_020_reauthored.pdf,1,False,2,False
forged_reauthored,True,letter,forged_reauthored/letters/letter_114_reauthored.pdf,1,False,3,False
forged_reauthored,True,letter,forged_reauthored/letters/letter_156_reauthored.pdf,1,False,3,False
forged_reauthored,True,letter,forged_reauthored/letters/letter_165_reauthored.pdf,1,False,3,False
forged_reauthored,True,letter,forged_reauthored/letters/letter_203_reauthored.pdf,1,False,3,False
forged_reauthored,True,letter,forged_reauthored/letters/letter_305_reauthored.pdf,1,False,3,False
forged_reauthored,True,letter,forged_reauthored/letters/letter_331_reauthored.pdf,1,False,2,False
forged_reauthored,True,letter,forged_reauthored/letters/letter_382_reauthored.pdf,1,False,2,False
forged_reauthored,True,letter,forged_reauthored/letters/letter_500_reauthored.pdf,1,False,3,False
forged_reauthored,True,letter,forged_reauthored/letters/letter_519_reauthored.pdf,1,False,3,False
forged_reauthored,True,letter,forged_reauthored/letters/letter_543_reauthored.pdf,1,False,3,False
forged_reauthored,True,letter,forged_reauthored/letters/letter_552_reauthored.pdf,1,False,2,False
forged_reauthored,True,letter,forged_reauthored/letters/letter_613_reauthored.pdf,1,False,3,False
forged_reauthored,True,letter,forged_reauthored/letters/letter_623_reauthored.pdf,1,False,2,False
forged_reauthored,True,letter,forged_reauthored/letters/letter_640_reauthored.pdf,1,False,3,False
forged_reauthored,True,letter,forged_reauthored/letters/letter_654_reauthored.pdf,1,False,2,False
forged_reauthored,True,letter,forged_reauthored/letters/letter_780_reauthored.pdf,1,False,2,False
forged_reauthored,True,letter,forged_reauthored/letters/letter_797_reauthored.pdf,1,False,2,False
forged_reauthored,True,letter,forged_reauthored/letters/letter_861_reauthored.pdf,1,False,2,False
forged_reauthored,True,letter,forged_reauthored/letters/letter_891_reauthored.pdf,1,False,2,False
forged_reauthored,True,letter,forged_reauthored/letters/letter_940_reauthored.pdf,1,False,2,False
forged_reauthored,True,letter,forged_reauthored/letters/letter_944_reauthored.pdf,1,False,3,False
forged_reauthored,True,letter,forged_reauthored/letters/letter_951_reauthored.pdf,1,False,3,False
forged_reauthored,True,letter,forged_reauthored/letters/letter_976_reauthored.pdf,1,False,2,False
forged_reauthored,True,medical,forged_reauthored/medicals/medical_041_reauthored.pdf,1,False,3,False
forged_reauthored,True,medical,forged_reauthored/medicals/medical_084_reauthored.pdf,1,False,2,False
forged_reauthored,True,medical,forged_reauthored/medicals/medical_122_reauthored.pdf,1,False,2,False
forged_reauthored,True,medical,forged_reauthored/medicals/medical_209_reauthored.pdf,1,False,3,False
forged_reauthored,True,medical,forged_reauthored/medicals/medical_240_reauthored.pdf,1,False,2,False
forged_reauthored,True,medical,forged_reauthored/medicals/medical_252_reauthored.pdf,1,False,3,False
forged_reauthored,True,medical,forged_reauthored/medicals/medical_267_reauthored.pdf,1,False,2,False
forged_reauthored,True,medical,forged_reauthored/medicals/medical_321_reauthored.pdf,1,False,2,False
forged_reauthored,True,medical,forged_reauthored/medicals/medical_323_reauthored.pdf,1,False,2,False
forged_reauthored,True,medical,forged_reauthored/medicals/medical_413_reauthored.pdf,1,False,3,False
forged_reauthored,True,medical,forged_reauthored/medicals/medical_429_reauthored.pdf,1,False,3,False
forged_reauthored,True,medical,forged_reauthored/medicals/medical_535_reauthored.pdf,1,False,2,False
forged_reauthored,True,medical,forged_reauthored/medicals/medical_578_reauthored.pdf,1,False,3,False
forged_reauthored,True,medical,forged_reauthored/medicals/medical_583_reauthored.pdf,1,False,2,False
forged_reauthored,True,medical,forged_reauthored/medicals/medical_592_reauthored.pdf,1,False,3,False
forged_reauthored,True,medical,forged_reauthored/medicals/medical_597_reauthored.pdf,1,False,3,False
forged_reauthored,True,medical,forged_reauthored/medicals/medical_608_reauthored.pdf,1,False,3,False
forged_reauthored,True,medical,forged_reauthored/medicals/medical_634_reauthored.pdf,1,False,2,False
forged_reauthored,True,medical,forged_reauthored/medicals/medical_673_reauthored.pdf,1,False,3,False
forged_reauthored,True,medical,forged_reauthored/medicals/medical_685_reauthored.pdf,1,False,2,False
forged_reauthored,True,medical,forged_reauthored/medicals/medical_733_reauthored.pdf,1,False,3,False
forged_reauthored,True,medical,forged_reauthored/medicals/medical_882_reauthored.pdf,1,False,2,False
forged_reauthored,True,medical,forged_reauthored/medicals/medical_911_reauthored.pdf,1,False,2,False
forged_reauthored,True,medical,forged_reauthored/medicals/medical_957_reauthored.pdf,1,False,2,False
forged_reauthored,True,medical,forged_reauthored/medicals/medical_964_reauthored.pdf,1,False,3,False
