file,arm,peak,rawmax,meanprob,secs
0000018957,original,0.5639,0.5639,0.049948,4.6
0000018957,edited,0.5598,0.5598,0.049902,2.5
0000018957,reauthored,0.9942,0.9942,0.052486,2.9
0000018957,reauth_ctrl,0.9337,0.9337,0.051537,2.5
0000022394,original,0.0000,0.3793,0.039272,3.0
0000022394,edited,0.0000,0.3800,0.039148,2.5
0000022394,reauthored,0.5773,0.5773,0.036646,3.2
0000022394,reauth_ctrl,0.5583,0.5583,0.036711,2.3
0000041346,original,0.5602,0.5602,0.044056,3.2
0000041346,edited,0.5560,0.5560,0.044488,2.4
0000041346,reauthored,0.9932,0.9932,0.050743,3.1
0000041346,reauth_ctrl,0.9008,0.9008,0.050998,2.4
0000046972,original,0.0000,0.4760,0.050852,2.7
0000046972,edited,0.0000,0.4801,0.050619,2.3
0000046972,reauthored,0.9196,0.9196,0.052173,2.3
0000046972,reauth_ctrl,0.5773,0.5773,0.045677,2.8
0000064508,original,0.7783,0.7783,0.044589,2.3
0000064508,edited,0.7774,0.7774,0.044547,2.6
0000064508,reauthored,0.9402,0.9402,0.048148,2.5
0000064508,reauth_ctrl,0.9402,0.9402,0.048137,2.3
0000064525,original,0.8396,0.8396,0.043595,2.8
0000064525,edited,0.8626,0.8626,0.043669,2.3
0000064525,reauthored,0.0000,0.5251,0.035957,2.5
0000064525,reauth_ctrl,0.9429,0.9429,0.050048,2.3
0000066230,original,0.5218,0.5218,0.054743,2.2
0000066230,edited,0.0000,0.5134,0.055615,2.5
0000066230,reauthored,0.5559,0.5559,0.039385,2.5
0000066230,reauth_ctrl,0.5544,0.5544,0.039013,3.1
0000107738,original,0.5407,0.5407,0.055004,3.0
0000107738,edited,0.0000,0.4668,0.053661,2.7
0000107738,reauthored,0.6891,0.6891,0.046102,2.5
0000107738,reauth_ctrl,0.9214,0.9214,0.047597,2.4
0000128669,original,0.0000,0.4927,0.055644,2.3
0000128669,edited,0.0000,0.5125,0.055686,2.4
0000128669,reauthored,0.6059,0.6059,0.040480,2.7
0000128669,reauth_ctrl,0.0000,0.4261,0.039195,2.5
0000192502,original,0.5564,0.5564,0.050656,2.4
0000192502,edited,0.5539,0.5539,0.050821,3.5
0000192502,reauthored,0.9179,0.9179,0.040732,3.9
0000192502,reauth_ctrl,0.0000,0.4428,0.038376,2.5
0000226471,original,0.0000,0.4389,0.047023,2.4
0000226471,edited,0.0000,0.4292,0.046884,2.6
0000226471,reauthored,0.9078,0.9078,0.046729,2.9
0000226471,reauth_ctrl,0.8323,0.8323,0.050090,2.5
0000260163,original,0.0000,0.4635,0.051325,2.9
0000260163,edited,0.0000,0.4330,0.051047,2.8
0000260163,reauthored,0.9015,0.9015,0.047667,2.1
0000260163,reauth_ctrl,0.9018,0.9018,0.047767,2.3
0000333206,original,0.0000,0.4444,0.054823,3.1
0000333206,edited,0.0000,0.4535,0.055112,2.2
0000333206,reauthored,0.8035,0.8035,0.048736,2.4
0000333206,reauth_ctrl,0.8567,0.8567,0.041948,2.3
0000723852,original,0.6189,0.6189,0.043273,2.3
0000723852,edited,0.6089,0.6089,0.043104,2.2
0000723852,reauthored,0.9571,0.9571,0.049849,2.4
0000723852,reauth_ctrl,0.9444,0.9444,0.047986,2.3
0000942319,original,0.0000,0.5121,0.060728,2.2
0000942319,edited,0.0000,0.4433,0.060417,2.3
0000942319,reauthored,0.9705,0.9705,0.045247,2.3
0000942319,reauth_ctrl,0.8256,0.8256,0.044793,2.2
0000945035,original,0.0000,0.4675,0.055934,2.8
0000945035,edited,0.0000,0.4701,0.055895,2.3
0000945035,reauthored,0.7416,0.7416,0.040170,2.3
0000945035,reauth_ctrl,0.7340,0.7340,0.039998,2.4
0000949066,original,0.5453,0.5453,0.059089,2.4
0000949066,edited,0.5411,0.5411,0.059376,2.4
0000949066,reauthored,0.7683,0.7683,0.048830,2.4
0000949066,reauth_ctrl,0.9164,0.9164,0.049317,2.5
0001076990,original,0.5430,0.5430,0.049276,2.4
0001076990,edited,0.5405,0.5405,0.049506,2.4
0001076990,reauthored,0.6809,0.6809,0.037507,2.5
0001076990,reauth_ctrl,0.6610,0.6610,0.037339,2.5
0001230809,original,0.0000,0.3861,0.045218,2.4
0001230809,edited,0.0000,0.3933,0.045156,2.5
0001230809,reauthored,0.9202,0.9202,0.038815,2.5
0001230809,reauth_ctrl,0.7827,0.7827,0.038465,2.5
0001239171,original,0.0000,0.5145,0.053905,2.5
0001239171,edited,0.0000,0.4905,0.053879,2.5
0001239171,reauthored,0.9635,0.9635,0.041088,2.5
0001239171,reauth_ctrl,0.9949,0.9949,0.042149,2.7
0001439080,original,0.0000,0.4804,0.049325,2.5
0001439080,edited,0.0000,0.4557,0.049652,2.5
0001439080,reauthored,0.6185,0.6185,0.041612,2.7
0001439080,reauth_ctrl,0.9893,0.9893,0.047353,2.6
0001439146,original,0.6826,0.6826,0.050752,2.5
0001439146,edited,0.6741,0.6741,0.050775,2.5
0001439146,reauthored,0.5664,0.5664,0.039903,2.6
0001439146,reauth_ctrl,0.5454,0.5454,0.039383,2.6
0001450997,original,0.0000,0.4954,0.049454,2.6
0001450997,edited,0.0000,0.4847,0.049752,2.6
0001450997,reauthored,0.5565,0.5565,0.041376,2.6
0001450997,reauth_ctrl,0.0000,0.4744,0.041104,2.7
0001453135,original,0.5622,0.5622,0.048088,2.6
0001453135,edited,0.5486,0.5486,0.048079,2.7
0001453135,reauthored,0.9947,0.9947,0.041921,2.6
0001453135,reauth_ctrl,0.9719,0.9719,0.043464,2.7
0001455550,original,0.5278,0.5278,0.054132,2.6
0001455550,edited,0.0000,0.5181,0.054257,2.7
0001455550,reauthored,0.9176,0.9176,0.041291,2.7
0001455550,reauth_ctrl,0.9487,0.9487,0.041061,2.7
0001459869,original,0.0000,0.4940,0.065004,2.8
0001459869,edited,0.0000,0.4967,0.065559,2.7
0001459869,reauthored,0.8017,0.8017,0.052076,2.8
0001459869,reauth_ctrl,0.8578,0.8578,0.051649,2.7
0001460408,original,0.5439,0.5439,0.060196,2.7
0001460408,edited,0.0000,0.5237,0.059904,2.7
0001460408,reauthored,0.5321,0.5321,0.040240,2.8
0001460408,reauth_ctrl,0.5278,0.5278,0.039785,2.8
0001460963,original,0.5433,0.5433,0.052175,2.7
0001460963,edited,0.5276,0.5339,0.052109,2.7
0001460963,reauthored,0.5798,0.5798,0.039142,4.1
0001460963,reauth_ctrl,0.5804,0.5804,0.038940,2.8
00043194,original,0.0000,0.4764,0.058490,2.9
00043194,edited,0.0000,0.4772,0.058457,2.8
00043194,reauthored,0.8237,0.8237,0.043682,2.9
00043194,reauth_ctrl,0.8237,0.8237,0.043731,2.8
00060713,original,0.5447,0.5447,0.058813,2.8
00060713,edited,0.5441,0.5441,0.058825,2.8
00060713,reauthored,0.5981,0.5981,0.045485,2.7
00060713,reauth_ctrl,0.6003,0.6003,0.046212,2.8
00073440_00073443,original,0.0000,0.4766,0.059950,2.8
00073440_00073443,edited,0.0000,0.4675,0.059665,2.8
00073440_00073443,reauthored,0.5673,0.5673,0.037452,2.8
00073440_00073443,reauth_ctrl,0.5609,0.5609,0.037638,3.2
0011747977,original,0.0000,0.5042,0.047143,2.8
0011747977,edited,0.0000,0.4910,0.047352,3.1
0011747977,reauthored,0.9936,0.9936,0.060199,2.9
0011747977,reauth_ctrl,0.9935,0.9935,0.057618,2.9
0011834250,original,0.5791,0.5791,0.050265,3.0
0011834250,edited,0.6145,0.6145,0.050621,2.9
0011834250,reauthored,0.5538,0.5538,0.036923,2.8
0011834250,reauth_ctrl,0.5537,0.5537,0.036924,2.9
0011897106,original,0.5563,0.5563,0.050993,2.8
0011897106,edited,0.5444,0.5444,0.051059,2.9
0011897106,reauthored,0.7363,0.7363,0.043484,3.7
0011897106,reauth_ctrl,0.9441,0.9441,0.050397,3.3
0011905408,original,0.5854,0.5854,0.047375,2.9
0011905408,edited,0.5945,0.5945,0.047482,3.8
0011905408,reauthored,0.9584,0.9584,0.043625,2.8
0011905408,reauth_ctrl,0.7689,0.7689,0.042434,3.0
0011910127,original,0.6611,0.6611,0.046092,3.0
0011910127,edited,0.6564,0.6564,0.046263,3.6
0011910127,reauthored,0.9671,0.9671,0.043463,2.7
0011910127,reauth_ctrl,0.9588,0.9588,0.043305,2.9
0011916266,original,0.0000,0.4771,0.053725,2.8
0011916266,edited,0.0000,0.4562,0.053917,2.8
0011916266,reauthored,0.9965,0.9965,0.051471,2.8
0011916266,reauth_ctrl,0.9966,0.9966,0.052522,2.7
0011929750,original,0.0000,0.5376,0.044056,3.0
0011929750,edited,0.0000,0.5203,0.044102,2.9
0011929750,reauthored,0.5908,0.5908,0.038017,2.9
0011929750,reauth_ctrl,0.9826,0.9826,0.043807,2.8
0011934079,original,0.0000,0.4205,0.047179,3.0
0011934079,edited,0.0000,0.4217,0.047321,3.1
0011934079,reauthored,0.0000,0.3509,0.035426,3.3
0011934079,reauth_ctrl,0.0000,0.2819,0.035514,2.9
0012182647,original,0.5731,0.5731,0.049486,2.8
0012182647,edited,0.5660,0.5660,0.049781,2.8
0012182647,reauthored,0.9398,0.9398,0.042570,3.1
0012182647,reauth_ctrl,0.8984,0.8984,0.042235,2.7
0012184428,original,0.6048,0.6048,0.041254,2.8
0012184428,edited,0.6123,0.6123,0.041390,2.8
0012184428,reauthored,0.5640,0.5640,0.034940,2.7
0012184428,reauth_ctrl,0.5544,0.5544,0.034860,2.8
0012189284,original,0.0000,0.4996,0.054617,2.8
0012189284,edited,0.0000,0.4960,0.054771,3.8
0012189284,reauthored,0.5988,0.5988,0.039187,5.0
0012189284,reauth_ctrl,0.6002,0.6002,0.039120,5.3
0012190486,original,0.0000,0.5026,0.056359,4.4
0012190486,edited,0.0000,0.5174,0.056340,3.7
0012190486,reauthored,0.5839,0.5839,0.040163,3.5
0012190486,reauth_ctrl,0.9855,0.9855,0.043307,5.0
0012206537,original,0.0000,0.4912,0.054262,5.3
0012206537,edited,0.0000,0.4857,0.054161,3.0
0012206537,reauthored,0.9880,0.9880,0.043640,3.3
0012206537,reauth_ctrl,0.9814,0.9814,0.044485,5.2
0012207187,original,0.5770,0.5770,0.060736,3.5
0012207187,edited,0.5553,0.5553,0.060470,3.3
0012207187,reauthored,0.5662,0.5662,0.039257,3.3
0012207187,reauth_ctrl,0.6281,0.6281,0.035183,3.4
0012214435,original,0.0000,0.4750,0.051263,3.4
0012214435,edited,0.0000,0.4978,0.051125,3.1
0012214435,reauthored,0.5665,0.5665,0.041609,3.2
0012214435,reauth_ctrl,0.0000,0.5032,0.045148,3.2
0012229680,original,0.0000,0.4602,0.056970,3.0
0012229680,edited,0.0000,0.4690,0.057224,3.1
0012229680,reauthored,0.6108,0.6108,0.039323,3.0
0012229680,reauth_ctrl,0.9947,0.9947,0.042302,3.0
0012285276,original,0.0000,0.2849,0.038616,3.2
0012285276,edited,0.0000,0.2741,0.038815,3.1
0012285276,reauthored,0.5786,0.5786,0.038567,3.1
0012285276,reauth_ctrl,0.5601,0.5601,0.038505,3.1
0012286839,original,0.0000,0.4826,0.071987,3.0
0012286839,edited,0.0000,0.4915,0.071814,3.0
0012286839,reauthored,0.0000,0.5079,0.042203,3.0
0012286839,reauth_ctrl,0.0000,0.4996,0.042229,3.0
0012287015,original,0.6430,0.6430,0.054552,3.3
0012287015,edited,0.6248,0.6248,0.054596,3.0
0012287015,reauthored,0.6250,0.6250,0.041820,3.0
0012287015,reauth_ctrl,0.9867,0.9867,0.047111,3.1
0012883913,original,0.0000,0.4733,0.055040,2.9
0012883913,edited,0.0000,0.4631,0.055293,2.9
0012883913,reauthored,0.8596,0.8596,0.057064,3.2
0012883913,reauth_ctrl,0.7557,0.7557,0.050223,3.0
0013001762,original,0.0000,0.4522,0.057545,3.0
0013001762,edited,0.0000,0.4755,0.057779,3.0
0013001762,reauthored,0.5585,0.5585,0.040487,3.0
0013001762,reauth_ctrl,0.5533,0.5533,0.040464,3.3
0013403839,original,0.5239,0.5239,0.053039,3.8
0013403839,edited,0.0000,0.5090,0.053056,2.6
0013403839,reauthored,0.6158,0.6158,0.039384,2.7
0013403839,reauth_ctrl,0.9400,0.9400,0.046590,2.7
0013502467,original,0.5271,0.5271,0.060065,2.7
0013502467,edited,0.0000,0.5002,0.059736,2.7
0013502467,reauthored,0.8985,0.8985,0.045740,2.6
0013502467,reauth_ctrl,0.9203,0.9203,0.045434,2.5
00480124_0126,original,0.0000,0.4560,0.055528,2.6
00480124_0126,edited,0.0000,0.4408,0.055477,2.5
00480124_0126,reauthored,0.9432,0.9432,0.045927,2.5
00480124_0126,reauth_ctrl,0.9458,0.9458,0.046144,2.6
0055502471,original,0.0000,0.4491,0.043492,2.5
0055502471,edited,0.0000,0.4432,0.043068,2.5
0055502471,reauthored,0.9959,0.9959,0.039353,2.5
0055502471,reauth_ctrl,0.9959,0.9959,0.038059,2.5
0060008570,original,0.5530,0.5530,0.056466,2.6
0060008570,edited,0.0000,0.5113,0.056663,2.6
0060008570,reauthored,0.7393,0.7393,0.043499,2.6
0060008570,reauth_ctrl,0.7567,0.7567,0.043177,2.6
0060009845,original,0.5532,0.5532,0.067939,2.6
0060009845,edited,0.0000,0.5015,0.067894,2.6
0060009845,reauthored,0.9987,0.9987,0.050794,3.1
0060009845,reauth_ctrl,0.9983,0.9983,0.050564,2.6
0060012166,original,0.0000,0.4634,0.056045,3.0
0060012166,edited,0.0000,0.4613,0.056270,2.6
0060012166,reauthored,0.6757,0.6757,0.041824,2.6
0060012166,reauth_ctrl,0.7044,0.7044,0.041686,2.6
0060013262,original,0.0000,0.4347,0.055432,2.6
0060013262,edited,0.0000,0.4239,0.055341,2.5
0060013262,reauthored,0.9104,0.9104,0.050466,2.5
0060013262,reauth_ctrl,0.7657,0.7657,0.047724,2.6
0060014215,original,0.5693,0.5693,0.048201,2.6
0060014215,edited,0.0000,0.4860,0.048376,2.8
0060014215,reauthored,0.0000,0.4510,0.037006,2.8
0060014215,reauth_ctrl,0.0000,0.4465,0.036954,2.8
0060014843,original,0.0000,0.5237,0.059286,2.5
0060014843,edited,0.0000,0.5280,0.059485,2.5
0060014843,reauthored,0.0000,0.4797,0.038045,2.6
0060014843,reauth_ctrl,0.0000,0.4756,0.038095,2.5
0060026309,original,0.0000,0.5052,0.056814,2.5
0060026309,edited,0.0000,0.4930,0.057302,2.5
0060026309,reauthored,0.8657,0.8657,0.049312,2.5
0060026309,reauth_ctrl,0.5481,0.5481,0.041400,2.5
0060027381,original,0.5606,0.5606,0.046296,2.6
0060027381,edited,0.5659,0.5659,0.046304,2.6
0060027381,reauthored,0.6521,0.6521,0.043941,2.6
0060027381,reauth_ctrl,0.5750,0.5750,0.043168,3.0
0060031784,original,0.5567,0.5567,0.044103,2.6
0060031784,edited,0.5560,0.5560,0.044155,2.7
0060031784,reauthored,0.0000,0.5461,0.035581,2.5
0060031784,reauth_ctrl,0.0000,0.5531,0.034928,2.9
0060032039,original,0.0000,0.4664,0.043509,2.7
0060032039,edited,0.0000,0.4651,0.043298,2.5
0060032039,reauthored,0.9792,0.9792,0.040575,2.5
0060032039,reauth_ctrl,0.6904,0.6904,0.037265,2.6
0060051594,original,0.0000,0.4877,0.049915,2.7
0060051594,edited,0.0000,0.4906,0.049861,2.6
0060051594,reauthored,0.0000,0.5168,0.037671,2.6
0060051594,reauth_ctrl,0.9625,0.9625,0.037994,2.6
0060064594,original,0.5746,0.5746,0.044596,2.7
0060064594,edited,0.5880,0.5880,0.044400,2.8
0060064594,reauthored,0.6550,0.6550,0.041577,2.8
0060064594,reauth_ctrl,0.6133,0.6133,0.041360,2.4
0060075043,original,0.5311,0.5311,0.049377,2.6
0060075043,edited,0.5470,0.5470,0.049264,2.9
0060075043,reauthored,0.5685,0.5685,0.038322,2.6
0060075043,reauth_ctrl,0.5527,0.5527,0.038419,3.0
0060078348,original,0.0000,0.5432,0.051412,2.7
0060078348,edited,0.0000,0.4766,0.051541,2.7
0060078348,reauthored,0.9896,0.9896,0.061031,2.7
0060078348,reauth_ctrl,0.9828,0.9828,0.044843,2.7
0060080004,original,0.0000,0.4936,0.057204,2.7
0060080004,edited,0.0000,0.4891,0.057332,2.7
0060080004,reauthored,0.9947,0.9947,0.052339,2.6
0060080004,reauth_ctrl,0.9659,0.9659,0.050026,2.5
0060080760,original,0.0000,0.5315,0.048710,2.6
0060080760,edited,0.0000,0.5008,0.048409,2.5
0060080760,reauthored,0.0000,0.5325,0.039991,2.5
0060080760,reauth_ctrl,0.9815,0.9815,0.042966,2.5
0060082098,original,0.0000,0.4503,0.058651,2.7
0060082098,edited,0.0000,0.4247,0.058451,2.5
0060082098,reauthored,0.7701,0.7701,0.046266,2.5
0060082098,reauth_ctrl,0.5741,0.5741,0.042020,2.5
0060083495,original,0.6682,0.6682,0.062730,2.7
0060083495,edited,0.7116,0.7116,0.062655,2.5
0060083495,reauthored,0.5801,0.5801,0.052159,2.4
0060083495,reauth_ctrl,0.6234,0.6234,0.050675,2.6
0060088947,original,0.0000,0.4899,0.055990,2.5
0060088947,edited,0.0000,0.4725,0.055970,2.5
0060088947,reauthored,0.9934,0.9934,0.042946,2.6
0060088947,reauth_ctrl,0.9928,0.9928,0.042757,2.7
0060094186,original,0.0000,0.5401,0.062040,2.6
0060094186,edited,0.0000,0.4803,0.062030,2.5
0060094186,reauthored,0.9168,0.9168,0.045506,2.4
0060094186,reauth_ctrl,0.8958,0.8958,0.044987,2.5
0060094754,original,0.0000,0.4620,0.048631,2.4
0060094754,edited,0.0000,0.4668,0.048639,2.4
0060094754,reauthored,0.9336,0.9336,0.053930,2.4
0060094754,reauth_ctrl,0.9533,0.9533,0.054747,2.4
0060106660,original,0.0000,0.5197,0.046438,2.4
0060106660,edited,0.5265,0.5265,0.046285,2.5
0060106660,reauthored,0.5581,0.5581,0.039181,2.4
0060106660,reauth_ctrl,0.5579,0.5579,0.039268,2.4
0060109015,original,0.0000,0.4369,0.054593,2.4
0060109015,edited,0.0000,0.4410,0.054698,2.5
0060109015,reauthored,0.9995,0.9995,0.050447,2.4
0060109015,reauth_ctrl,0.0000,0.4763,0.038310,2.4
0060121960,original,0.0000,0.5030,0.043479,2.4
0060121960,edited,0.0000,0.5414,0.043719,2.4
0060121960,reauthored,0.9629,0.9629,0.041986,2.4
0060121960,reauth_ctrl,0.9873,0.9873,0.047396,2.5
0060122720,original,0.0000,0.4971,0.046649,2.4
0060122720,edited,0.0000,0.5016,0.046668,2.4
0060122720,reauthored,0.0000,0.4970,0.036646,2.5
0060122720,reauth_ctrl,0.0000,0.4970,0.036596,2.5
0060123781,original,0.0000,0.5136,0.061294,2.5
0060123781,edited,0.0000,0.5102,0.061377,2.6
0060123781,reauthored,0.9106,0.9106,0.044124,2.5
0060123781,reauth_ctrl,0.5938,0.5938,0.040420,2.5
0060123835,original,0.0000,0.5371,0.057714,2.6
0060123835,edited,0.5621,0.5621,0.057780,2.4
0060123835,reauthored,0.8938,0.8938,0.042287,2.5
0060123835,reauth_ctrl,0.0000,0.4955,0.038379,2.5
0060139095,original,0.0000,0.4753,0.059920,2.6
0060139095,edited,0.0000,0.4720,0.060090,2.4
0060139095,reauthored,0.8173,0.8173,0.043923,2.5
0060139095,reauth_ctrl,0.9041,0.9041,0.043182,2.4
0060142651,original,0.5608,0.5608,0.050484,2.4
0060142651,edited,0.5788,0.5788,0.050862,2.4
0060142651,reauthored,0.8268,0.8268,0.046806,2.4
0060142651,reauth_ctrl,0.8580,0.8580,0.048333,2.5
0060142979,original,0.0000,0.4622,0.062825,2.4
0060142979,edited,0.0000,0.4420,0.063045,2.7
0060142979,reauthored,0.5580,0.5580,0.046607,2.7
0060142979,reauth_ctrl,0.5778,0.5778,0.046367,2.7
0060146003,original,0.5588,0.5588,0.048086,2.6
0060146003,edited,0.5387,0.5387,0.048084,2.6
0060146003,reauthored,0.0000,0.4949,0.037106,2.6
0060146003,reauth_ctrl,0.0000,0.5103,0.037389,2.5
0060150468,original,0.0000,0.4542,0.070611,2.6
0060150468,edited,0.0000,0.5052,0.070526,2.6
0060150468,reauthored,0.6537,0.6537,0.046187,2.5
0060150468,reauth_ctrl,0.7154,0.7154,0.046417,2.6
0060159247,original,0.0000,0.5002,0.050858,2.7
0060159247,edited,0.0000,0.5068,0.050789,2.9
0060159247,reauthored,0.0000,0.5465,0.038739,2.5
0060159247,reauth_ctrl,0.0000,0.5127,0.038574,2.5
0060165376,original,0.0000,0.4548,0.049180,2.6
0060165376,edited,0.0000,0.4595,0.049212,2.5
0060165376,reauthored,0.9981,0.9981,0.042185,2.5
0060165376,reauth_ctrl,0.5756,0.5756,0.038921,2.5
0060173666,original,0.0000,0.3482,0.071040,2.8
0060173666,edited,0.0000,0.3507,0.070981,2.9
0060173666,reauthored,0.9824,0.9824,0.055349,2.5
0060173666,reauth_ctrl,0.8193,0.8193,0.057376,2.8
0060198183,original,0.0000,0.4854,0.066525,2.5
0060198183,edited,0.0000,0.4832,0.065477,2.4
0060198183,reauthored,0.5517,0.5517,0.042848,2.7
0060198183,reauth_ctrl,0.5602,0.5602,0.041997,2.4
0060201834,original,0.0000,0.4368,0.043596,2.4
0060201834,edited,0.0000,0.4426,0.043587,2.7
0060201834,reauthored,0.8388,0.8388,0.043435,2.3
0060201834,reauth_ctrl,0.8748,0.8748,0.043585,2.9
0060243529,original,0.0000,0.5052,0.061833,2.7
0060243529,edited,0.5268,0.5268,0.061924,2.4
0060243529,reauthored,0.9934,0.9934,0.052833,2.4
0060243529,reauth_ctrl,0.9916,0.9916,0.054107,2.8
0060250360,original,0.0000,0.5052,0.062926,2.5
0060250360,edited,0.0000,0.5115,0.062951,2.4
0060250360,reauthored,0.9826,0.9826,0.044079,2.4
0060250360,reauth_ctrl,0.9821,0.9821,0.045951,2.5
0060274988,original,0.0000,0.4632,0.060339,2.5
0060274988,edited,0.0000,0.4467,0.060997,2.4
0060274988,reauthored,0.9643,0.9643,0.045281,2.5
0060274988,reauth_ctrl,0.9438,0.9438,0.044802,2.6
0060281077,original,0.0000,0.4521,0.060765,2.4
0060281077,edited,0.0000,0.4589,0.061052,2.4
0060281077,reauthored,0.9831,0.9831,0.054112,2.4
0060281077,reauth_ctrl,0.9798,0.9798,0.053751,2.6
0060284223,original,0.0000,0.4714,0.044973,2.5
0060284223,edited,0.0000,0.4920,0.045112,3.0
0060284223,reauthored,0.6801,0.6801,0.039177,2.6
0060284223,reauth_ctrl,0.7032,0.7032,0.040012,3.2
0060298297,original,0.6061,0.6061,0.051056,2.5
0060298297,edited,0.5736,0.5736,0.051145,2.7
0060298297,reauthored,0.8028,0.8028,0.037949,2.7
0060298297,reauth_ctrl,0.6553,0.6553,0.038984,2.5
0060315216,original,0.0000,0.5358,0.047170,2.7
0060315216,edited,0.0000,0.5345,0.047158,2.4
0060315216,reauthored,0.0000,0.4171,0.036322,2.7
0060315216,reauth_ctrl,0.0000,0.4171,0.036501,2.7
0060317439,original,0.0000,0.4220,0.064993,2.7
0060317439,edited,0.0000,0.4387,0.065241,2.5
0060317439,reauthored,0.0000,0.3926,0.040215,2.6
0060317439,reauth_ctrl,0.0000,0.3882,0.040212,2.5
0060318545,original,0.5321,0.5349,0.061507,2.5
0060318545,edited,0.5512,0.5512,0.061406,2.5
0060318545,reauthored,0.6155,0.6155,0.044326,2.7
0060318545,reauth_ctrl,0.0000,0.4754,0.044462,2.7
0071003654,original,0.0000,0.4799,0.064139,2.8
0071003654,edited,0.0000,0.4831,0.064045,2.7
0071003654,reauthored,0.6185,0.6185,0.049653,2.6
0071003654,reauth_ctrl,0.8472,0.8472,0.054051,2.9
0071017907,original,0.5582,0.5582,0.053744,2.8
0071017907,edited,0.5698,0.5698,0.053788,2.5
0071017907,reauthored,0.0000,0.3582,0.038005,2.8
0071017907,reauth_ctrl,0.0000,0.3516,0.037910,4.4
0071027709,original,0.5376,0.5376,0.057582,2.9
0071027709,edited,0.5421,0.5421,0.057663,2.7
0071027709,reauthored,0.5610,0.5610,0.041613,2.7
0071027709,reauth_ctrl,0.5671,0.5671,0.041589,2.6
0071032459,original,0.0000,0.4293,0.062527,2.7
0071032459,edited,0.0000,0.4394,0.063339,2.7
0071032459,reauthored,0.9960,0.9960,0.056920,2.6
0071032459,reauth_ctrl,0.9966,0.9966,0.056580,2.9
0071036270,original,0.0000,0.5038,0.054984,2.8
0071036270,edited,0.0000,0.5085,0.054914,2.6
0071036270,reauthored,0.7409,0.7409,0.048092,2.6
0071036270,reauth_ctrl,0.9931,0.9931,0.047358,2.6
0071037873,original,0.5640,0.5640,0.046898,2.8
0071037873,edited,0.5490,0.5490,0.047129,2.7
0071037873,reauthored,0.0000,0.5397,0.037940,2.5
0071037873,reauth_ctrl,0.0000,0.5243,0.037993,2.5
0071041860,original,0.0000,0.5215,0.067652,2.5
0071041860,edited,0.0000,0.5163,0.067630,2.8
0071041860,reauthored,0.8008,0.8008,0.043275,2.6
0071041860,reauth_ctrl,0.8092,0.8092,0.043000,2.5
0071063349,original,0.0000,0.5110,0.047667,2.5
0071063349,edited,0.0000,0.4892,0.047674,2.6
0071063349,reauthored,0.0000,0.4094,0.037286,2.6
0071063349,reauth_ctrl,0.0000,0.3925,0.036617,2.6
0071064529,original,0.0000,0.5197,0.045619,2.5
0071064529,edited,0.0000,0.5202,0.045603,2.5
0071064529,reauthored,0.8992,0.8992,0.040175,2.6
0071064529,reauth_ctrl,0.9523,0.9523,0.038693,2.5
00920638,original,0.5364,0.5364,0.052366,2.5
00920638,edited,0.5386,0.5386,0.052159,2.5
00920638,reauthored,0.8865,0.8865,0.049721,2.5
00920638,reauth_ctrl,0.8226,0.8226,0.049902,2.5
00920717,original,0.5733,0.5733,0.050747,2.5
00920717,edited,0.5749,0.5749,0.050959,2.5
00920717,reauthored,0.8352,0.8352,0.047580,2.5
00920717,reauth_ctrl,0.9965,0.9965,0.047343,2.5
00966316,original,0.0000,0.4390,0.058087,2.5
00966316,edited,0.0000,0.3935,0.058360,2.5
00966316,reauthored,0.9910,0.9910,0.048337,2.5
00966316,reauth_ctrl,0.9913,0.9913,0.048253,2.7
01073843,original,0.9155,0.9155,0.049274,2.6
01073843,edited,0.9033,0.9033,0.049257,2.6
01073843,reauthored,0.9475,0.9475,0.044105,2.5
01073843,reauth_ctrl,0.9456,0.9456,0.046305,2.6
01090483_01090484,original,0.0000,0.4999,0.063143,2.6
01090483_01090484,edited,0.0000,0.5105,0.063200,2.4
01090483_01090484,reauthored,0.9235,0.9235,0.047509,2.5
01090483_01090484,reauth_ctrl,0.8869,0.8869,0.046608,2.5
01331493,original,0.7033,0.7033,0.060505,2.5
01331493,edited,0.6917,0.6917,0.060334,2.5
01331493,reauthored,0.7802,0.7802,0.045181,2.5
01331493,reauth_ctrl,0.9346,0.9346,0.046837,2.5
01331537,original,0.5612,0.5612,0.044629,2.6
01331537,edited,0.5776,0.5776,0.045196,2.5
01331537,reauthored,0.9826,0.9826,0.048922,2.5
01331537,reauth_ctrl,0.9770,0.9770,0.047906,2.5
01398469,original,0.0000,0.3523,0.038886,2.5
01398469,edited,0.0000,0.3425,0.038953,2.5
01398469,reauthored,0.5648,0.5648,0.038538,2.5
01398469,reauth_ctrl,0.0000,0.0429,0.033174,2.5
01787176,original,0.5825,0.5825,0.075464,2.5
01787176,edited,0.5767,0.5767,0.075604,2.5
01787176,reauthored,0.9635,0.9635,0.045549,2.5
01787176,reauth_ctrl,0.0000,0.4632,0.041535,2.6
03561681,original,0.5944,0.5944,0.066313,2.5
03561681,edited,0.5543,0.5543,0.066225,2.5
03561681,reauthored,0.6166,0.6166,0.043772,2.5
03561681,reauth_ctrl,0.6091,0.6091,0.043620,2.5
03724966,original,0.0000,0.5146,0.050287,2.5
03724966,edited,0.0000,0.4947,0.050122,2.5
03724966,reauthored,0.7819,0.7819,0.040632,2.5
03724966,reauth_ctrl,0.7231,0.7231,0.040675,2.5
03761798_1801,original,0.0000,0.4248,0.071048,2.4
03761798_1801,edited,0.0000,0.4569,0.070586,2.5
03761798_1801,reauthored,0.6168,0.6168,0.040276,2.5
03761798_1801,reauth_ctrl,0.6374,0.6374,0.040399,2.5
1000010647,original,0.5430,0.5430,0.051789,2.5
1000010647,edited,0.5422,0.5422,0.051459,2.5
1000010647,reauthored,0.8711,0.8711,0.047703,2.5
1000010647,reauth_ctrl,0.9389,0.9389,0.048153,2.4
1000050612_1000050617,original,0.0000,0.4323,0.050265,2.5
1000050612_1000050617,edited,0.0000,0.4415,0.050843,2.4
1000050612_1000050617,reauthored,0.8224,0.8224,0.048371,2.5
1000050612_1000050617,reauth_ctrl,0.7598,0.7598,0.047834,2.5
1000217968,original,0.0000,0.4661,0.048920,2.5
1000217968,edited,0.0000,0.4320,0.048809,2.4
1000217968,reauthored,0.8386,0.8386,0.048199,2.7
1000217968,reauth_ctrl,0.8253,0.8253,0.048245,2.6
1000228054,original,0.0000,0.4488,0.057760,2.7
1000228054,edited,0.0000,0.4462,0.057440,2.5
1000228054,reauthored,0.9135,0.9135,0.038291,2.9
1000228054,reauth_ctrl,0.9214,0.9214,0.038321,2.8
1000262703,original,0.5388,0.5388,0.045780,2.7
1000262703,edited,0.0000,0.5418,0.045841,2.6
1000262703,reauthored,0.8518,0.8518,0.037774,2.8
1000262703,reauth_ctrl,0.8482,0.8482,0.037727,2.7
1000292770,original,0.0000,0.5121,0.055817,2.7
1000292770,edited,0.0000,0.5181,0.055587,2.7
1000292770,reauthored,0.8194,0.8194,0.048618,2.6
1000292770,reauth_ctrl,0.8092,0.8092,0.048517,2.5
1000298196,original,0.5263,0.5263,0.061761,2.6
1000298196,edited,0.0000,0.5339,0.061643,2.7
1000298196,reauthored,0.7886,0.7886,0.048482,2.8
1000298196,reauth_ctrl,0.9707,0.9707,0.049726,2.9
1000371667,original,0.5724,0.5724,0.056076,2.5
1000371667,edited,0.5779,0.5779,0.056031,2.5
1000371667,reauthored,0.9956,0.9956,0.058584,2.6
1000371667,reauth_ctrl,0.9964,0.9964,0.057692,2.6
1001607470,original,0.0000,0.4790,0.045801,2.8
1001607470,edited,0.0000,0.5257,0.045860,3.2
1001607470,reauthored,0.7685,0.7685,0.038204,3.8
1001607470,reauth_ctrl,0.8104,0.8104,0.037842,4.0
1001808905_1001808906,original,0.0000,0.5314,0.064750,5.2
1001808905_1001808906,edited,0.0000,0.5268,0.064736,6.1
1001808905_1001808906,reauthored,0.9782,0.9782,0.052869,5.2
1001808905_1001808906,reauth_ctrl,0.9815,0.9815,0.051710,3.5
1001818867,original,0.6016,0.6016,0.058197,4.3
1001818867,edited,0.6033,0.6033,0.058324,3.6
1001818867,reauthored,0.9134,0.9134,0.050817,3.0
1001818867,reauth_ctrl,0.9080,0.9080,0.051422,3.0
1001882141,original,0.0000,0.4220,0.050589,3.0
1001882141,edited,0.0000,0.4338,0.050826,3.3
1001882141,reauthored,0.8897,0.8897,0.049192,4.3
1001882141,reauth_ctrl,0.9893,0.9893,0.042561,4.0
1001887561,original,0.0000,0.4467,0.050923,4.3
1001887561,edited,0.0000,0.4369,0.051104,3.3
1001887561,reauthored,0.9980,0.9980,0.041100,3.6
1001887561,reauth_ctrl,0.6584,0.6584,0.041527,3.2
1001893989,original,0.5365,0.5365,0.068310,3.1
1001893989,edited,0.5379,0.5379,0.068474,3.1
1001893989,reauthored,0.0000,0.4899,0.046935,3.3
1001893989,reauth_ctrl,0.5661,0.5661,0.047018,3.1
1001911440,original,0.0000,0.4987,0.057815,3.3
1001911440,edited,0.5353,0.5353,0.057824,3.1
1001911440,reauthored,0.8595,0.8595,0.046832,3.2
1001911440,reauth_ctrl,0.9093,0.9093,0.045035,3.1
1002636327,original,0.0000,0.4968,0.067247,3.0
1002636327,edited,0.0000,0.4539,0.067159,3.0
1002636327,reauthored,0.9979,0.9979,0.048996,3.3
1002636327,reauth_ctrl,0.5544,0.5544,0.045170,3.7
1003189443_1003189463,original,0.9787,0.9787,0.073884,3.2
1003189443_1003189463,edited,0.9802,0.9802,0.074058,3.1
1003189443_1003189463,reauthored,0.9935,0.9935,0.056062,3.1
1003189443_1003189463,reauth_ctrl,0.9744,0.9744,0.061898,3.1
1003396731,original,0.0000,0.4877,0.053116,3.0
1003396731,edited,0.0000,0.4762,0.053346,3.0
1003396731,reauthored,0.9206,0.9206,0.045989,3.0
1003396731,reauth_ctrl,0.8349,0.8349,0.045422,3.0
1003714448,original,0.8475,0.8475,0.054148,2.9
1003714448,edited,0.8454,0.8454,0.053468,3.1
1003714448,reauthored,0.9950,0.9950,0.058769,3.2
1003714448,reauth_ctrl,0.9820,0.9820,0.059290,3.8
1004862245,original,0.6207,0.6207,0.059955,3.3
1004862245,edited,0.6342,0.6342,0.060390,3.4
1004862245,reauthored,0.9791,0.9791,0.049940,3.3
1004862245,reauth_ctrl,0.9801,0.9801,0.049994,2.7
1005046793,original,0.5435,0.5435,0.065534,2.6
1005046793,edited,0.5317,0.5317,0.065771,2.6
1005046793,reauthored,0.0000,0.5001,0.042910,2.6
1005046793,reauth_ctrl,0.0000,0.4996,0.042591,2.5
10134341_10134343,original,0.0000,0.5282,0.050762,2.7
10134341_10134343,edited,0.5709,0.5709,0.050830,2.6
10134341_10134343,reauthored,0.9934,0.9934,0.039333,2.6
10134341_10134343,reauth_ctrl,0.7123,0.7123,0.036509,2.6
10399076,original,0.0000,0.5187,0.051014,2.7
10399076,edited,0.0000,0.5192,0.051048,2.5
10399076,reauthored,0.9818,0.9818,0.045176,2.5
10399076,reauth_ctrl,0.9819,0.9819,0.046919,2.5
10425398,original,0.0000,0.4570,0.060464,2.5
10425398,edited,0.0000,0.4530,0.060583,2.7
10425398,reauthored,0.9576,0.9576,0.045871,2.6
10425398,reauth_ctrl,0.9569,0.9569,0.045748,2.7
11003055_11003075,original,0.0000,0.5351,0.049250,2.6
11003055_11003075,edited,0.0000,0.5332,0.049287,2.6
11003055_11003075,reauthored,0.7707,0.7707,0.037907,2.6
11003055_11003075,reauth_ctrl,0.7507,0.7507,0.037922,2.6
11235021_11235022,original,0.5743,0.5743,0.049323,2.5
11235021_11235022,edited,0.5691,0.5691,0.049418,2.6
11235021_11235022,reauthored,0.9783,0.9783,0.045919,2.6
11235021_11235022,reauth_ctrl,0.9790,0.9790,0.047496,2.6
11275250,original,0.0000,0.5157,0.054885,2.6
11275250,edited,0.0000,0.5217,0.055029,2.6
11275250,reauthored,0.9957,0.9957,0.041817,2.5
11275250,reauth_ctrl,0.9966,0.9966,0.041930,2.5
11305980_11305986,original,0.0000,0.4571,0.068084,2.5
11305980_11305986,edited,0.0000,0.4858,0.067965,2.4
11305980_11305986,reauthored,0.7967,0.7967,0.042800,2.5
11305980_11305986,reauth_ctrl,0.7817,0.7817,0.042861,2.6
12328549,original,0.6253,0.6253,0.051413,2.8
12328549,edited,0.5906,0.5906,0.051651,2.9
12328549,reauthored,0.6076,0.6076,0.038874,2.7
12328549,reauth_ctrl,0.6431,0.6431,0.038725,2.5
12812969,original,0.6388,0.6388,0.059635,2.8
12812969,edited,0.6424,0.6424,0.059533,2.7
12812969,reauthored,0.8347,0.8347,0.044150,2.7
12812969,reauth_ctrl,0.0000,0.4506,0.037596,2.7
2000327920,original,0.0000,0.4220,0.050836,2.9
2000327920,edited,0.0000,0.4300,0.050557,2.7
2000327920,reauthored,0.8541,0.8541,0.047847,2.6
2000327920,reauth_ctrl,0.9011,0.9011,0.049297,2.8
2000755473,original,0.0000,0.4607,0.064582,2.7
2000755473,edited,0.0000,0.4419,0.065097,2.6
2000755473,reauthored,0.9699,0.9699,0.056493,2.6
2000755473,reauth_ctrl,0.9502,0.9502,0.055628,2.8
2001211173,original,0.5452,0.5452,0.055514,2.8
2001211173,edited,0.5485,0.5485,0.055503,2.7
2001211173,reauthored,0.8828,0.8828,0.046735,2.7
2001211173,reauth_ctrl,0.8717,0.8717,0.044614,2.7
2010035038,original,0.0000,0.5205,0.041767,2.6
2010035038,edited,0.0000,0.5286,0.041610,2.6
2010035038,reauthored,0.9157,0.9157,0.047948,2.6
2010035038,reauth_ctrl,0.8839,0.8839,0.047395,2.7
2010049032,original,0.5455,0.5455,0.052930,2.6
2010049032,edited,0.5350,0.5350,0.053112,2.6
2010049032,reauthored,0.9367,0.9367,0.051761,2.6
2010049032,reauth_ctrl,0.8321,0.8321,0.049026,2.6
2015040986,original,0.5950,0.5950,0.054529,2.7
2015040986,edited,0.5871,0.5871,0.054121,2.6
2015040986,reauthored,0.8922,0.8922,0.051380,2.6
2015040986,reauth_ctrl,0.9692,0.9692,0.052613,2.6
2020049610_2020049623,original,0.0000,0.4896,0.050955,2.6
2020049610_2020049623,edited,0.0000,0.5012,0.051005,2.8
2020049610_2020049623,reauthored,0.9477,0.9477,0.048718,3.2
2020049610_2020049623,reauth_ctrl,0.9596,0.9596,0.050398,2.8
2020135311,original,0.0000,0.4046,0.053806,2.9
2020135311,edited,0.0000,0.3981,0.053874,2.6
2020135311,reauthored,0.9184,0.9184,0.047282,2.8
2020135311,reauth_ctrl,0.9166,0.9166,0.047209,2.7
2020136311_2020136312,original,0.0000,0.4485,0.059121,2.6
2020136311_2020136312,edited,0.0000,0.4950,0.059614,2.8
2020136311_2020136312,reauthored,0.7910,0.7910,0.044744,2.8
2020136311_2020136312,reauth_ctrl,0.9020,0.9020,0.047415,2.8
2020387253,original,0.6314,0.6314,0.047416,2.9
2020387253,edited,0.6335,0.6335,0.048013,3.0
2020387253,reauthored,0.9675,0.9675,0.052277,2.7
2020387253,reauth_ctrl,0.9346,0.9346,0.053315,2.8
2021210498,original,0.5346,0.5346,0.063524,2.7
2021210498,edited,0.0000,0.4845,0.063489,2.7
2021210498,reauthored,0.8275,0.8275,0.046044,2.9
2021210498,reauth_ctrl,0.9334,0.9334,0.049284,2.9
2021310220,original,0.0000,0.5159,0.051840,3.0
2021310220,edited,0.0000,0.5287,0.052055,2.9
2021310220,reauthored,0.9939,0.9939,0.040124,2.7
2021310220,reauth_ctrl,0.9935,0.9935,0.039810,2.7
2021323606,original,0.6465,0.6465,0.044668,3.0
2021323606,edited,0.6888,0.6888,0.044700,2.9
2021323606,reauthored,0.9668,0.9668,0.048975,3.0
2021323606,reauth_ctrl,0.9668,0.9668,0.047686,3.0
2021387740_2021387753,original,0.0000,0.4419,0.064017,2.7
2021387740_2021387753,edited,0.0000,0.4581,0.064253,2.7
2021387740_2021387753,reauthored,0.0000,0.5163,0.039229,2.8
2021387740_2021387753,reauth_ctrl,0.5665,0.5665,0.039316,2.7
2021400203,original,0.0000,0.4724,0.059605,2.7
2021400203,edited,0.0000,0.4964,0.060139,2.8
2021400203,reauthored,0.9320,0.9320,0.050673,2.8
2021400203,reauth_ctrl,0.9518,0.9518,0.051300,2.7
2021584986_2021584993,original,0.0000,0.5202,0.076535,2.7
2021584986_2021584993,edited,0.5947,0.5947,0.076764,2.6
2021584986_2021584993,reauthored,0.9929,0.9929,0.052037,2.6
2021584986_2021584993,reauth_ctrl,0.9931,0.9931,0.051703,2.6
2021636830,original,0.0000,0.4878,0.053085,2.7
2021636830,edited,0.0000,0.5031,0.053255,2.6
2021636830,reauthored,0.8817,0.8817,0.049961,2.9
2021636830,reauth_ctrl,0.9286,0.9286,0.049978,2.5
2022144888,original,0.5662,0.5662,0.053664,2.6
2022144888,edited,0.5782,0.5782,0.054016,2.8
2022144888,reauthored,0.9823,0.9823,0.048095,2.5
2022144888,reauth_ctrl,0.9617,0.9617,0.049413,2.6
2022149404,original,0.5855,0.5855,0.046445,2.7
2022149404,edited,0.5781,0.5781,0.046307,2.7
2022149404,reauthored,0.9022,0.9022,0.051577,2.6
2022149404,reauth_ctrl,0.8750,0.8750,0.048632,2.6
2022164327,original,0.0000,0.4710,0.063805,2.6
2022164327,edited,0.0000,0.5116,0.064095,2.6
2022164327,reauthored,0.9811,0.9811,0.051483,2.6
2022164327,reauth_ctrl,0.9753,0.9753,0.051053,2.6
2022167953_2022167954,original,0.0000,0.5218,0.040359,2.5
2022167953_2022167954,edited,0.5230,0.5230,0.040514,2.6
2022167953_2022167954,reauthored,0.5982,0.5982,0.034722,2.8
2022167953_2022167954,reauth_ctrl,0.9529,0.9529,0.048399,2.7
2022199103_2022199110,original,0.0000,0.4773,0.056238,2.7
2022199103_2022199110,edited,0.0000,0.4721,0.056306,2.8
2022199103_2022199110,reauthored,0.9477,0.9477,0.055154,2.8
2022199103_2022199110,reauth_ctrl,0.9759,0.9759,0.056780,2.6
2022208753_2022208755,original,0.0000,0.4941,0.065782,2.6
2022208753_2022208755,edited,0.0000,0.5365,0.065620,2.6
2022208753_2022208755,reauthored,0.9732,0.9732,0.046707,2.7
2022208753_2022208755,reauth_ctrl,0.9662,0.9662,0.046167,2.5
2022904518,original,0.0000,0.5318,0.048651,2.6
2022904518,edited,0.5421,0.5421,0.048817,2.8
2022904518,reauthored,0.8278,0.8278,0.045277,3.2
2022904518,reauth_ctrl,0.8283,0.8283,0.045443,3.0
2022911194_2022911196,original,0.0000,0.4893,0.047344,3.0
2022911194_2022911196,edited,0.0000,0.4929,0.047292,2.7
2022911194_2022911196,reauthored,0.6323,0.6323,0.045966,2.6
2022911194_2022911196,reauth_ctrl,0.5705,0.5844,0.043719,2.6
2022915002,original,0.0000,0.5039,0.052909,2.7
2022915002,edited,0.0000,0.4515,0.052984,2.5
2022915002,reauthored,0.9494,0.9494,0.049119,2.6
2022915002,reauth_ctrl,0.9497,0.9497,0.048619,2.6
2022916255,original,0.0000,0.4775,0.046114,2.5
2022916255,edited,0.0000,0.4904,0.046266,2.6
2022916255,reauthored,0.9444,0.9444,0.048864,2.6
2022916255,reauth_ctrl,0.9055,0.9055,0.049088,2.5
2022925192,original,0.0000,0.5225,0.052699,2.7
2022925192,edited,0.0000,0.5112,0.053020,2.5
2022925192,reauthored,0.9831,0.9831,0.046226,2.5
2022925192,reauth_ctrl,0.9076,0.9076,0.058664,2.6
2023189500,original,0.0000,0.4708,0.062099,2.7
2023189500,edited,0.0000,0.4556,0.062156,2.5
2023189500,reauthored,0.9309,0.9309,0.045920,2.6
2023189500,reauth_ctrl,0.9186,0.9186,0.045053,2.6
2023192632,original,0.0000,0.5189,0.068404,2.6
2023192632,edited,0.0000,0.5261,0.067820,2.6
2023192632,reauthored,0.8261,0.8261,0.045208,2.7
2023192632,reauth_ctrl,0.8276,0.8276,0.044910,3.0
2023225052,original,0.0000,0.5212,0.062706,2.6
2023225052,edited,0.0000,0.5199,0.062728,2.6
2023225052,reauthored,0.9930,0.9930,0.045546,2.8
2023225052,reauth_ctrl,0.9137,0.9137,0.047890,2.8
2023522344,original,0.5495,0.5495,0.051334,3.2
2023522344,edited,0.5494,0.5494,0.051817,3.0
2023522344,reauthored,0.9484,0.9484,0.050232,2.9
2023522344,reauth_ctrl,0.9477,0.9477,0.049992,2.6
2023536317_2023536325,original,0.0000,0.4406,0.064018,2.7
2023536317_2023536325,edited,0.0000,0.4528,0.064812,2.9
2023536317_2023536325,reauthored,0.9349,0.9349,0.047271,3.1
2023536317_2023536325,reauth_ctrl,0.9537,0.9537,0.051668,3.0
2023550756,original,0.9884,0.9884,0.063365,3.1
2023550756,edited,0.9892,0.9892,0.063428,2.8
2023550756,reauthored,0.7615,0.7615,0.042317,2.7
2023550756,reauth_ctrl,0.7265,0.7265,0.045374,2.6
2023954954,original,0.0000,0.4868,0.053904,2.7
2023954954,edited,0.0000,0.4861,0.053875,2.6
2023954954,reauthored,0.9582,0.9582,0.059105,2.6
2023954954,reauth_ctrl,0.9413,0.9413,0.054149,2.8
2023956839,original,0.5407,0.5407,0.058169,3.1
2023956839,edited,0.5292,0.5292,0.058113,2.8
2023956839,reauthored,0.8784,0.8784,0.048989,2.7
2023956839,reauth_ctrl,0.8944,0.8944,0.068464,3.0
2024003102,original,0.0000,0.5156,0.050773,3.0
2024003102,edited,0.0000,0.5152,0.050655,2.7
2024003102,reauthored,0.9900,0.9900,0.052906,3.1
2024003102,reauth_ctrl,0.9935,0.9935,0.052440,3.0
2024103065,original,0.0000,0.5225,0.061170,4.2
2024103065,edited,0.0000,0.5172,0.061203,2.5
2024103065,reauthored,0.9830,0.9830,0.056017,2.3
2024103065,reauth_ctrl,0.9650,0.9650,0.051172,2.5
2024260288_2024260299,original,0.0000,0.4933,0.060651,2.6
2024260288_2024260299,edited,0.0000,0.4793,0.060902,2.4
2024260288_2024260299,reauthored,0.6354,0.6354,0.052099,2.3
2024260288_2024260299,reauth_ctrl,0.6369,0.6369,0.050348,2.5
2024440072_2024440077,original,0.5566,0.5593,0.047311,2.4
2024440072_2024440077,edited,0.5731,0.5731,0.047487,2.3
2024440072_2024440077,reauthored,0.9953,0.9953,0.054169,2.3
2024440072_2024440077,reauth_ctrl,0.9138,0.9138,0.051536,2.3
2024440363_2024440368,original,0.5613,0.5613,0.048698,2.3
2024440363_2024440368,edited,0.5481,0.5481,0.048586,2.3
2024440363_2024440368,reauthored,0.9373,0.9373,0.050389,2.3
2024440363_2024440368,reauth_ctrl,0.9226,0.9226,0.048846,2.3
2024494648-a,original,0.6727,0.6727,0.056167,2.7
2024494648-a,edited,0.6652,0.6652,0.056230,3.3
2024494648-a,reauthored,0.9954,0.9954,0.063627,2.8
2024494648-a,reauth_ctrl,0.9960,0.9960,0.061519,2.3
2024795599,original,0.0000,0.5224,0.060039,2.2
2024795599,edited,0.0000,0.5034,0.060029,2.3
2024795599,reauthored,0.9609,0.9609,0.056128,2.2
2024795599,reauth_ctrl,0.9609,0.9609,0.056125,2.3
2024797733_2024797736,original,0.5348,0.5395,0.048712,2.4
2024797733_2024797736,edited,0.5389,0.5389,0.048734,2.2
2024797733_2024797736,reauthored,0.5977,0.5977,0.037455,2.3
2024797733_2024797736,reauth_ctrl,0.5890,0.5890,0.037376,2.2
2024841777,original,0.0000,0.4662,0.060061,2.3
2024841777,edited,0.0000,0.4918,0.060584,2.4
2024841777,reauthored,0.8020,0.8020,0.047296,2.5
2024841777,reauth_ctrl,0.7763,0.7763,0.044853,2.3
2024847849,original,0.5312,0.5312,0.053028,2.6
2024847849,edited,0.0000,0.5309,0.053256,2.9
2024847849,reauthored,0.9454,0.9454,0.048397,2.3
2024847849,reauth_ctrl,0.9439,0.9439,0.049111,2.3
2024951320,original,0.0000,0.5422,0.047687,2.5
2024951320,edited,0.0000,0.5406,0.047763,2.7
2024951320,reauthored,0.9062,0.9062,0.050558,2.8
2024951320,reauth_ctrl,0.9359,0.9359,0.052167,2.7
2024966076_2024966086,original,0.0000,0.4401,0.071852,2.9
2024966076_2024966086,edited,0.0000,0.4571,0.072227,3.3
2024966076_2024966086,reauthored,0.8661,0.8661,0.045613,3.0
2024966076_2024966086,reauth_ctrl,0.8611,0.8611,0.044827,3.1
2024987437_2024987442,original,0.0000,0.5037,0.064595,3.1
2024987437_2024987442,edited,0.0000,0.5268,0.064564,2.6
2024987437_2024987442,reauthored,0.9399,0.9399,0.050350,2.8
2024987437_2024987442,reauth_ctrl,0.9261,0.9261,0.049812,2.5
2025325926,original,0.0000,0.3997,0.050315,2.7
2025325926,edited,0.0000,0.4041,0.050498,2.9
2025325926,reauthored,0.7177,0.7177,0.047949,3.5
2025325926,reauth_ctrl,0.6946,0.6946,0.047561,2.9
2025491751_2025491759,original,0.0000,0.4615,0.043204,2.7
2025491751_2025491759,edited,0.0000,0.4828,0.043190,2.8
2025491751_2025491759,reauthored,0.9432,0.9432,0.053639,2.8
2025491751_2025491759,reauth_ctrl,0.9322,0.9322,0.053060,2.8
2025820935_2025820950,original,0.0000,0.5294,0.093326,2.8
2025820935_2025820950,edited,0.5367,0.5367,0.093266,2.7
2025820935_2025820950,reauthored,0.7656,0.7656,0.045091,2.9
2025820935_2025820950,reauth_ctrl,0.7947,0.7947,0.045429,3.2
2025863358,original,0.0000,0.4593,0.063408,3.0
2025863358,edited,0.0000,0.4700,0.063684,3.1
2025863358,reauthored,0.9572,0.9572,0.044738,3.0
2025863358,reauth_ctrl,0.9878,0.9878,0.045407,2.7
2025989284,original,0.5472,0.5472,0.052796,2.7
2025989284,edited,0.5553,0.5553,0.052880,2.7
2025989284,reauthored,0.8086,0.8086,0.049579,2.7
2025989284,reauth_ctrl,0.8427,0.8427,0.048069,2.9
2026004159,original,0.0000,0.4546,0.052757,2.7
2026004159,edited,0.0000,0.4484,0.052629,2.7
2026004159,reauthored,0.9975,0.9975,0.050108,2.7
2026004159,reauth_ctrl,0.9644,0.9644,0.053362,2.7
2026365726_2026365730,original,0.0000,0.4873,0.050355,2.7
2026365726_2026365730,edited,0.0000,0.4941,0.050473,2.7
2026365726_2026365730,reauthored,0.9618,0.9618,0.047679,2.7
2026365726_2026365730,reauth_ctrl,0.9531,0.9531,0.047172,2.7
2026403653,original,0.5384,0.5384,0.046918,2.9
2026403653,edited,0.5479,0.5479,0.047062,3.4
2026403653,reauthored,0.9192,0.9192,0.045341,3.4
2026403653,reauth_ctrl,0.8846,0.8846,0.045447,2.6
2026417460,original,0.0000,0.4456,0.048717,2.8
2026417460,edited,0.0000,0.4444,0.048720,3.1
2026417460,reauthored,0.9373,0.9373,0.049504,2.8
2026417460,reauth_ctrl,0.9185,0.9185,0.049012,3.4
2026428406,original,0.0000,0.4610,0.048832,3.0
2026428406,edited,0.0000,0.4764,0.049212,3.1
2026428406,reauthored,0.9274,0.9274,0.051529,2.9
2026428406,reauth_ctrl,0.8520,0.8520,0.047320,2.7
2026453837,original,0.0000,0.4739,0.056575,2.8
2026453837,edited,0.0000,0.4575,0.056711,2.7
2026453837,reauthored,0.9195,0.9195,0.045563,3.3
2026453837,reauth_ctrl,0.9193,0.9193,0.045276,2.8
2026466578,original,0.5763,0.5763,0.054653,3.0
2026466578,edited,0.5691,0.5691,0.054547,2.9
2026466578,reauthored,0.8789,0.8789,0.048107,3.0
2026466578,reauth_ctrl,0.8714,0.8714,0.047646,2.8
2026470753,original,0.0000,0.4745,0.048668,2.8
2026470753,edited,0.0000,0.4770,0.048423,2.8
2026470753,reauthored,0.8326,0.8326,0.048686,2.7
2026470753,reauth_ctrl,0.8321,0.8321,0.048706,3.0
2026486780,original,0.5551,0.5551,0.048070,3.3
2026486780,edited,0.5569,0.5569,0.048237,2.9
2026486780,reauthored,0.9828,0.9828,0.049468,3.2
2026486780,reauth_ctrl,0.8868,0.8868,0.048222,2.9
2026486823,original,0.0000,0.5344,0.051784,3.0
2026486823,edited,0.0000,0.5190,0.051877,2.9
2026486823,reauthored,0.8358,0.8358,0.048147,2.8
2026486823,reauth_ctrl,0.8358,0.8358,0.048017,3.0
2028381373,original,0.0000,0.5181,0.066485,2.9
2028381373,edited,0.0000,0.5173,0.066917,3.1
2028381373,reauthored,0.9372,0.9372,0.049507,3.0
2028381373,reauth_ctrl,0.9406,0.9406,0.049426,3.0
2028452597_2028452622,original,0.0000,0.5458,0.045535,2.8
2028452597_2028452622,edited,0.5402,0.5531,0.045476,2.8
2028452597_2028452622,reauthored,0.9428,0.9428,0.049644,2.9
2028452597_2028452622,reauth_ctrl,0.8981,0.8981,0.049710,2.9
2028464707_2028464711,original,0.5613,0.5613,0.057179,2.9
2028464707_2028464711,edited,0.5901,0.5901,0.057461,2.8
2028464707_2028464711,reauthored,0.9571,0.9571,0.047050,2.9
2028464707_2028464711,reauth_ctrl,0.9496,0.9496,0.048451,2.8
2028523139_2028523145,original,0.5400,0.5594,0.056461,4.1
2028523139_2028523145,edited,0.5491,0.5491,0.056566,3.4
2028523139_2028523145,reauthored,0.8791,0.8791,0.045894,3.3
2028523139_2028523145,reauth_ctrl,0.8859,0.8859,0.046244,5.8
2028579040_9041,original,0.0000,0.4726,0.062951,4.2
2028579040_9041,edited,0.0000,0.5215,0.063450,3.6
2028579040_9041,reauthored,0.0000,0.4834,0.045369,3.2
2028579040_9041,reauth_ctrl,0.0000,0.4188,0.044583,5.5
2028593752,original,0.5297,0.5297,0.050228,3.5
2028593752,edited,0.5344,0.5344,0.050267,2.9
2028593752,reauthored,0.9812,0.9812,0.049281,2.8
2028593752,reauth_ctrl,0.7619,0.7619,0.047364,3.1
2028619629_2028619630,original,0.0000,0.4606,0.063501,4.2
2028619629_2028619630,edited,0.0000,0.4594,0.063985,3.0
2028619629_2028619630,reauthored,0.7426,0.7426,0.043773,3.0
2028619629_2028619630,reauth_ctrl,0.7092,0.7092,0.043696,2.8
2028697984,original,0.5545,0.5545,0.058957,3.3
2028697984,edited,0.5668,0.5668,0.059568,2.9
2028697984,reauthored,0.9731,0.9731,0.053708,4.5
2028697984,reauth_ctrl,0.8659,0.8659,0.053004,3.8
2028706828_2028706844,original,0.5396,0.5396,0.058513,2.9
2028706828_2028706844,edited,0.5501,0.5501,0.059027,5.9
2028706828_2028706844,reauthored,0.0000,0.3952,0.041712,3.7
2028706828_2028706844,reauth_ctrl,0.9649,0.9649,0.048037,6.3
2028716668,original,0.8110,0.8110,0.053564,5.3
2028716668,edited,0.8054,0.8054,0.053759,6.4
2028716668,reauthored,0.7991,0.7991,0.049261,4.2
2028716668,reauth_ctrl,0.9878,0.9878,0.046448,4.3
2028723891_2028723894,original,0.0000,0.4937,0.061717,4.5
2028723891_2028723894,edited,0.0000,0.4844,0.061247,3.8
2028723891_2028723894,reauthored,0.8687,0.8687,0.051029,5.7
2028723891_2028723894,reauth_ctrl,0.9585,0.9585,0.050862,7.4
2028826565,original,0.0000,0.4885,0.058868,5.5
2028826565,edited,0.0000,0.5123,0.059040,6.0
2028826565,reauthored,0.9830,0.9830,0.050325,8.6
2028826565,reauth_ctrl,0.9844,0.9844,0.050929,8.6
2028832712,original,0.6113,0.6113,0.046899,7.2
2028832712,edited,0.6012,0.6012,0.046847,9.4
2028832712,reauthored,0.9506,0.9506,0.048576,9.4
2028832712,reauth_ctrl,0.9506,0.9506,0.048593,4.9
2028836214,original,0.6086,0.6086,0.044267,4.2
2028836214,edited,0.6313,0.6313,0.044718,4.8
2028836214,reauthored,0.9969,0.9969,0.051028,5.3
2028836214,reauth_ctrl,0.9399,0.9399,0.050052,4.6
2028873827,original,0.0000,0.5344,0.053055,5.9
2028873827,edited,0.5292,0.5340,0.053307,4.8
2028873827,reauthored,0.5856,0.5856,0.040514,5.6
2028873827,reauth_ctrl,0.5661,0.5661,0.039938,4.1
2028875467_2028875469,original,0.0000,0.4864,0.051234,4.8
2028875467_2028875469,edited,0.5400,0.5400,0.051617,4.0
2028875467_2028875469,reauthored,0.7530,0.7530,0.044374,4.1
2028875467_2028875469,reauth_ctrl,0.7859,0.7859,0.045343,4.8
2028877560,original,0.5469,0.5469,0.066488,4.0
2028877560,edited,0.5515,0.5515,0.066198,3.9
2028877560,reauthored,0.5691,0.5691,0.045464,3.8
2028877560,reauth_ctrl,0.5529,0.5529,0.047168,3.6
2028904857,original,0.5373,0.5373,0.043458,3.8
2028904857,edited,0.5450,0.5450,0.043569,3.5
2028904857,reauthored,0.8424,0.8424,0.050043,3.4
2028904857,reauth_ctrl,0.8424,0.8424,0.050046,3.5
2028964546_2028964698,original,0.5255,0.5255,0.042363,3.4
2028964546_2028964698,edited,0.5270,0.5281,0.042410,3.4
2028964546_2028964698,reauthored,0.9375,0.9375,0.050862,3.3
2028964546_2028964698,reauth_ctrl,0.9720,0.9720,0.051593,3.4
2028998206,original,0.0000,0.5442,0.043540,3.4
2028998206,edited,0.5490,0.5490,0.043827,3.4
2028998206,reauthored,0.9974,0.9974,0.049600,3.5
2028998206,reauth_ctrl,0.9948,0.9948,0.049804,3.5
2029017068,original,0.0000,0.5022,0.058713,3.4
2029017068,edited,0.0000,0.4652,0.058830,3.3
2029017068,reauthored,0.7861,0.7861,0.046195,3.4
2029017068,reauth_ctrl,0.7924,0.7924,0.046480,3.3
2029028944_2029028970,original,0.5985,0.5985,0.050981,3.3
2029028944_2029028970,edited,0.6076,0.6076,0.050889,3.3
2029028944_2029028970,reauthored,0.9780,0.9780,0.049648,3.2
2029028944_2029028970,reauth_ctrl,0.9746,0.9746,0.049523,3.4
2029116533,original,0.0000,0.4722,0.045950,3.3
2029116533,edited,0.0000,0.4795,0.045982,3.2
2029116533,reauthored,0.9833,0.9833,0.048362,3.2
2029116533,reauth_ctrl,0.9590,0.9590,0.050789,3.2
2029118961_2029118969,original,0.0000,0.5081,0.058554,3.1
2029118961_2029118969,edited,0.0000,0.5063,0.059011,3.1
2029118961_2029118969,reauthored,0.9319,0.9319,0.047435,3.1
2029118961_2029118969,reauth_ctrl,0.8964,0.8964,0.046259,3.1
2029178977_8978,original,0.6147,0.6147,0.044427,3.1
2029178977_8978,edited,0.5935,0.5935,0.044643,3.1
2029178977_8978,reauthored,0.9311,0.9311,0.049539,3.1
2029178977_8978,reauth_ctrl,0.9200,0.9200,0.049096,3.2
2029194963,original,0.0000,0.4108,0.055503,3.1
2029194963,edited,0.0000,0.4165,0.055549,3.1
2029194963,reauthored,0.8543,0.8543,0.044113,3.1
2029194963,reauth_ctrl,0.7628,0.7628,0.043987,3.1
2029210214,original,0.5548,0.5548,0.041540,3.1
2029210214,edited,0.5548,0.5548,0.041647,3.1
2029210214,reauthored,0.9335,0.9335,0.046217,3.1
2029210214,reauth_ctrl,0.9191,0.9191,0.047191,3.0
2029253433,original,0.0000,0.4841,0.064370,3.1
2029253433,edited,0.0000,0.4580,0.064277,3.1
2029253433,reauthored,0.8075,0.8075,0.041191,3.0
2029253433,reauth_ctrl,0.8302,0.8302,0.041492,3.0
2029259356,original,0.5589,0.5589,0.050184,3.0
2029259356,edited,0.5413,0.5413,0.050426,3.0
2029259356,reauthored,0.9740,0.9740,0.049003,3.0
2029259356,reauth_ctrl,0.9948,0.9948,0.049411,3.0
2029378210,original,0.0000,0.5357,0.043265,3.0
2029378210,edited,0.0000,0.5425,0.043144,3.1
2029378210,reauthored,0.9240,0.9240,0.038740,3.2
2029378210,reauth_ctrl,0.8973,0.8973,0.038734,3.1
2030032768,original,0.0000,0.4980,0.055407,3.0
2030032768,edited,0.0000,0.4777,0.055254,3.1
2030032768,reauthored,0.9935,0.9935,0.058255,3.1
2030032768,reauth_ctrl,0.7696,0.7696,0.056517,3.0
2030138144,original,0.6442,0.6442,0.049147,3.0
2030138144,edited,0.6580,0.6580,0.049032,3.0
2030138144,reauthored,0.8380,0.8380,0.038448,3.0
2030138144,reauth_ctrl,0.8380,0.8380,0.038374,3.0
2030169739,original,0.5707,0.5707,0.047258,3.0
2030169739,edited,0.5578,0.5578,0.047282,3.0
2030169739,reauthored,0.9858,0.9858,0.053096,3.0
2030169739,reauth_ctrl,0.9824,0.9824,0.054706,3.0
2030231415_2030231416,original,0.0000,0.4382,0.050993,3.0
2030231415_2030231416,edited,0.0000,0.4352,0.051114,3.0
2030231415_2030231416,reauthored,0.9909,0.9909,0.048790,3.0
2030231415_2030231416,reauth_ctrl,0.9904,0.9904,0.050729,3.0
2030354150_2030354151,original,0.5703,0.5703,0.048810,3.0
2030354150_2030354151,edited,0.5846,0.5846,0.048930,3.0
2030354150_2030354151,reauthored,0.5950,0.5950,0.042412,3.2
2030354150_2030354151,reauth_ctrl,0.6861,0.6861,0.044280,3.0
2030575775_2030575776,original,0.0000,0.5146,0.056097,3.0
2030575775_2030575776,edited,0.0000,0.4988,0.056034,3.0
2030575775_2030575776,reauthored,0.5563,0.5563,0.043189,3.1
2030575775_2030575776,reauth_ctrl,0.5514,0.5514,0.042727,3.1
2030585665,original,0.5456,0.5456,0.062228,3.1
2030585665,edited,0.5565,0.5565,0.062306,3.1
2030585665,reauthored,0.9511,0.9511,0.052723,3.0
2030585665,reauth_ctrl,0.9723,0.9723,0.055324,3.0
2031296603,original,0.5543,0.5543,0.055316,3.0
2031296603,edited,0.5504,0.5504,0.055216,3.0
2031296603,reauthored,0.9903,0.9903,0.057319,3.0
2031296603,reauth_ctrl,0.9886,0.9886,0.058108,3.0
2031316778,original,0.7746,0.7746,0.065284,3.1
2031316778,edited,0.7532,0.7532,0.064985,3.1
2031316778,reauthored,0.9957,0.9957,0.053537,3.0
2031316778,reauth_ctrl,0.6561,0.6561,0.050877,3.2
2031322345,original,0.0000,0.4831,0.053137,3.3
2031322345,edited,0.0000,0.4761,0.052871,3.4
2031322345,reauthored,0.0000,0.5198,0.037950,3.1
2031322345,reauth_ctrl,0.0000,0.4328,0.037607,3.2
2031448477,original,0.0000,0.5195,0.050217,3.1
2031448477,edited,0.0000,0.4768,0.050047,3.2
2031448477,reauthored,0.9387,0.9387,0.046946,3.1
2031448477,reauth_ctrl,0.9493,0.9493,0.045983,3.2
2031505223_2031505226,original,0.5256,0.5369,0.057868,3.1
2031505223_2031505226,edited,0.5313,0.5313,0.058119,3.1
2031505223_2031505226,reauthored,0.6738,0.6738,0.062705,3.1
2031505223_2031505226,reauth_ctrl,0.7551,0.7551,0.064542,3.1
2040013366,original,0.0000,0.5253,0.051147,3.1
2040013366,edited,0.0000,0.5247,0.051355,3.1
2040013366,reauthored,0.0000,0.4822,0.041930,3.1
2040013366,reauth_ctrl,0.0000,0.5019,0.041892,3.1
2040417143_2040417144,original,0.0000,0.4907,0.068319,3.4
2040417143_2040417144,edited,0.0000,0.5216,0.068247,3.0
2040417143_2040417144,reauthored,0.8891,0.8891,0.046651,3.2
2040417143_2040417144,reauth_ctrl,0.5716,0.5716,0.046137,3.1
2040881309,original,0.5628,0.5628,0.051413,3.4
2040881309,edited,0.5665,0.5665,0.051360,3.2
2040881309,reauthored,0.9148,0.9148,0.045554,3.3
2040881309,reauth_ctrl,0.9130,0.9130,0.045892,3.2
2040932371,original,0.5467,0.5467,0.069403,3.1
2040932371,edited,0.6015,0.6015,0.069576,3.1
2040932371,reauthored,0.8724,0.8724,0.044838,3.3
2040932371,reauth_ctrl,0.8422,0.8422,0.044706,3.1
2041158058,original,0.0000,0.5064,0.056907,3.1
2041158058,edited,0.0000,0.4988,0.056990,3.1
2041158058,reauthored,0.5598,0.5598,0.045424,3.1
2041158058,reauth_ctrl,0.6381,0.6381,0.046769,3.1
2041470582_0585,original,0.0000,0.5019,0.058668,3.2
2041470582_0585,edited,0.0000,0.4987,0.059027,3.1
2041470582_0585,reauthored,0.7163,0.7163,0.045216,3.1
2041470582_0585,reauth_ctrl,0.7682,0.7682,0.045735,3.1
2041622670,original,0.5153,0.5249,0.050410,3.0
2041622670,edited,0.5329,0.5329,0.050520,3.1
2041622670,reauthored,0.8715,0.8715,0.044814,3.1
2041622670,reauth_ctrl,0.8642,0.8642,0.044571,3.2
2041724145,original,0.9876,0.9876,0.060382,3.1
2041724145,edited,0.9893,0.9893,0.061297,3.2
2041724145,reauthored,0.8775,0.8775,0.048773,3.1
2041724145,reauth_ctrl,0.9563,0.9563,0.047923,3.1
2041796464_2041796500,original,0.5564,0.5564,0.063064,3.1
2041796464_2041796500,edited,0.0000,0.5256,0.061286,3.2
2041796464_2041796500,reauthored,0.6368,0.6368,0.042262,3.1
2041796464_2041796500,reauth_ctrl,0.5969,0.5969,0.041124,3.1
2041818075,original,0.0000,0.4647,0.042694,3.1
2041818075,edited,0.0000,0.4572,0.042904,3.1
2041818075,reauthored,0.8590,0.8590,0.043626,3.1
2041818075,reauth_ctrl,0.9590,0.9590,0.044060,3.1
2041916748,original,0.5802,0.5802,0.065855,3.0
2041916748,edited,0.5918,0.5918,0.065453,3.0
2041916748,reauthored,0.9688,0.9688,0.053843,3.0
2041916748,reauth_ctrl,0.8026,0.8026,0.055511,3.0
2043206781_6783,original,0.0000,0.4760,0.077880,3.1
2043206781_6783,edited,0.0000,0.4949,0.078231,3.0
2043206781_6783,reauthored,0.9710,0.9710,0.045762,3.0
2043206781_6783,reauth_ctrl,0.9733,0.9733,0.050601,3.0
2043429012,original,0.5778,0.5778,0.048505,3.1
2043429012,edited,0.5743,0.5743,0.048450,3.0
2043429012,reauthored,0.9393,0.9393,0.045004,3.0
2043429012,reauth_ctrl,0.9393,0.9393,0.044979,3.0
2043790202_2043790203,original,0.0000,0.5406,0.068802,3.0
2043790202_2043790203,edited,0.0000,0.5398,0.068742,3.1
2043790202_2043790203,reauthored,0.9823,0.9823,0.047323,3.0
2043790202_2043790203,reauth_ctrl,0.9810,0.9810,0.047260,3.0
2045468000,original,0.7935,0.7935,0.053948,3.0
2045468000,edited,0.8027,0.8027,0.054180,3.0
2045468000,reauthored,0.9072,0.9072,0.045607,3.0
2045468000,reauth_ctrl,0.5954,0.5954,0.047262,3.0
2046007917_2046007918,original,0.9399,0.9399,0.074734,3.0
2046007917_2046007918,edited,0.9503,0.9503,0.074652,3.0
2046007917_2046007918,reauthored,0.7707,0.7707,0.047965,3.0
2046007917_2046007918,reauth_ctrl,0.7707,0.7707,0.047946,3.0
2046039536,original,0.5592,0.5592,0.050013,3.0
2046039536,edited,0.5618,0.5618,0.050169,3.0
2046039536,reauthored,0.7686,0.7686,0.048937,3.0
2046039536,reauth_ctrl,0.7485,0.7485,0.047290,3.1
2046287756_7758,original,0.5704,0.5704,0.053803,3.1
2046287756_7758,edited,0.5869,0.5869,0.053958,3.0
2046287756_7758,reauthored,0.0000,0.4559,0.043534,3.0
2046287756_7758,reauth_ctrl,0.0000,0.4270,0.042971,3.0
2046334702,original,0.0000,0.5151,0.052292,3.1
2046334702,edited,0.0000,0.5123,0.052430,3.0
2046334702,reauthored,0.8763,0.8763,0.047519,3.0
2046334702,reauth_ctrl,0.8763,0.8763,0.047546,3.2
2046546273_6274,original,0.5528,0.5528,0.047501,4.6
2046546273_6274,edited,0.5559,0.5559,0.047583,3.3
2046546273_6274,reauthored,0.9969,0.9969,0.054571,2.9
2046546273_6274,reauth_ctrl,0.9970,0.9970,0.054555,3.2
2046807556,original,0.0000,0.4490,0.055152,3.4
2046807556,edited,0.0000,0.4539,0.055049,3.0
2046807556,reauthored,0.9800,0.9800,0.054836,3.6
2046807556,reauth_ctrl,0.9891,0.9891,0.054911,3.5
2047579631,original,0.0000,0.5319,0.054555,3.5
2047579631,edited,0.0000,0.5128,0.054503,3.3
2047579631,reauthored,0.7827,0.7827,0.045713,5.8
2047579631,reauth_ctrl,0.9300,0.9300,0.047176,5.4
2047864938,original,0.0000,0.5221,0.081666,5.2
2047864938,edited,0.0000,0.4724,0.081503,3.9
2047864938,reauthored,0.7268,0.7268,0.046286,4.3
2047864938,reauth_ctrl,0.7941,0.7941,0.049145,4.0
2049004986,original,0.7953,0.7953,0.049796,3.4
2049004986,edited,0.8516,0.8516,0.049842,3.5
2049004986,reauthored,0.9366,0.9366,0.045576,3.7
2049004986,reauth_ctrl,0.9745,0.9745,0.046309,3.1
2049345925,original,0.0000,0.5224,0.061716,3.2
2049345925,edited,0.0000,0.5277,0.061766,3.2
2049345925,reauthored,0.7755,0.7755,0.044505,3.1
2049345925,reauth_ctrl,0.9184,0.9184,0.043569,3.2
2050282936,original,0.5997,0.5997,0.050184,3.2
2050282936,edited,0.6091,0.6091,0.050518,3.2
2050282936,reauthored,0.8954,0.8954,0.043935,3.2
2050282936,reauth_ctrl,0.8894,0.8894,0.043809,3.2
2050642989_2050642992,original,0.8184,0.8184,0.045061,3.1
2050642989_2050642992,edited,0.8238,0.8238,0.045148,3.1
2050642989_2050642992,reauthored,0.9753,0.9753,0.049600,3.1
2050642989_2050642992,reauth_ctrl,0.9703,0.9703,0.050234,3.0
2050755264,original,0.8323,0.8323,0.044087,3.1
2050755264,edited,0.8160,0.8160,0.044012,3.1
2050755264,reauthored,0.9472,0.9472,0.053364,3.1
2050755264,reauth_ctrl,0.9472,0.9472,0.052664,3.0
2050761995_2050761996,original,0.0000,0.5199,0.055417,3.1
2050761995_2050761996,edited,0.0000,0.5232,0.055651,3.1
2050761995_2050761996,reauthored,0.0000,0.5414,0.039653,3.0
2050761995_2050761996,reauth_ctrl,0.9856,0.9856,0.045312,3.0
2050861639,original,0.0000,0.4908,0.062791,3.0
2050861639,edited,0.0000,0.5199,0.063012,3.0
2050861639,reauthored,0.9548,0.9548,0.049670,3.0
2050861639,reauth_ctrl,0.9501,0.9501,0.049409,3.0
2050920925_2050920968,original,0.9200,0.9200,0.051622,3.0
2050920925_2050920968,edited,0.9197,0.9197,0.051975,3.0
2050920925_2050920968,reauthored,0.8729,0.8729,0.047151,3.0
2050920925_2050920968,reauth_ctrl,0.8144,0.8144,0.044016,3.1
2051028324,original,0.0000,0.5075,0.064525,3.1
2051028324,edited,0.0000,0.5289,0.065553,2.9
2051028324,reauthored,0.8254,0.8254,0.046860,3.0
2051028324,reauth_ctrl,0.7979,0.7979,0.046122,2.9
2051036948_6953,original,0.5396,0.5396,0.046610,2.9
2051036948_6953,edited,0.0000,0.5004,0.046878,2.9
2051036948_6953,reauthored,0.9288,0.9288,0.048382,3.0
2051036948_6953,reauth_ctrl,0.9288,0.9288,0.048320,3.0
2051519171_2051519173,original,0.5568,0.5568,0.079009,2.9
2051519171_2051519173,edited,0.5702,0.5702,0.079557,2.9
2051519171_2051519173,reauthored,0.8335,0.8335,0.043190,2.9
2051519171_2051519173,reauth_ctrl,0.8879,0.8879,0.047123,2.9
2051520556_2051520557,original,0.6255,0.6255,0.056065,3.1
2051520556_2051520557,edited,0.6684,0.6684,0.055890,3.3
2051520556_2051520557,reauthored,0.9958,0.9958,0.060276,3.2
2051520556_2051520557,reauth_ctrl,0.9952,0.9952,0.059469,3.3
2051524505_2051524506,original,0.8621,0.8621,0.065398,3.3
2051524505_2051524506,edited,0.8233,0.8233,0.065506,3.3
2051524505_2051524506,reauthored,0.9762,0.9762,0.060292,3.3
2051524505_2051524506,reauth_ctrl,0.9895,0.9895,0.059085,3.3
2051525962_2051525965,original,0.5441,0.5441,0.059390,3.3
2051525962_2051525965,edited,0.5467,0.5467,0.059497,3.3
2051525962_2051525965,reauthored,0.0000,0.4845,0.042827,3.2
2051525962_2051525965,reauth_ctrl,0.8960,0.8960,0.047843,3.3
2051530832,original,0.5520,0.5520,0.058823,3.2
2051530832,edited,0.5404,0.5404,0.058952,3.4
2051530832,reauthored,0.8960,0.8960,0.047950,3.2
2051530832,reauth_ctrl,0.9594,0.9594,0.050304,3.7
2051551816_2051551825,original,0.6271,0.6271,0.052725,2.9
2051551816_2051551825,edited,0.6729,0.6729,0.052461,2.9
2051551816_2051551825,reauthored,0.8621,0.8621,0.047473,3.0
2051551816_2051551825,reauth_ctrl,0.8546,0.8546,0.047172,2.9
2051554509_2051554512,original,0.0000,0.4575,0.063702,2.9
2051554509_2051554512,edited,0.0000,0.4711,0.063883,3.0
2051554509_2051554512,reauthored,0.9631,0.9631,0.050692,3.0
2051554509_2051554512,reauth_ctrl,0.9643,0.9643,0.051235,3.1
2051645686_2051645691,original,0.0000,0.4983,0.075893,2.9
2051645686_2051645691,edited,0.0000,0.5123,0.075682,3.0
2051645686_2051645691,reauthored,0.5558,0.5558,0.046639,2.9
2051645686_2051645691,reauth_ctrl,0.5815,0.5815,0.047306,2.9
2053464388_4389,original,0.0000,0.5050,0.052423,2.9
2053464388_4389,edited,0.0000,0.5016,0.052561,2.9
2053464388_4389,reauthored,0.8717,0.8717,0.046172,2.9
2053464388_4389,reauth_ctrl,0.8717,0.8717,0.046144,2.9
2053578305_2053578306,original,0.0000,0.5276,0.066720,2.9
2053578305_2053578306,edited,0.0000,0.5271,0.067157,2.9
2053578305_2053578306,reauthored,0.9987,0.9987,0.053896,2.9
2053578305_2053578306,reauth_ctrl,0.9988,0.9988,0.050167,2.9
2053584149_2053584153,original,0.5793,0.5793,0.056906,2.9
2053584149_2053584153,edited,0.5597,0.5597,0.056521,2.9
2053584149_2053584153,reauthored,0.5527,0.5527,0.041154,2.9
2053584149_2053584153,reauth_ctrl,0.9314,0.9314,0.050630,2.8
2054519026_2054519028,original,0.5469,0.5469,0.047589,2.8
2054519026_2054519028,edited,0.5648,0.5648,0.047613,2.9
2054519026_2054519028,reauthored,0.8553,0.8553,0.046934,2.9
2054519026_2054519028,reauth_ctrl,0.8553,0.8553,0.046934,2.9
2054527142,original,0.0000,0.5198,0.068135,2.8
2054527142,edited,0.0000,0.5152,0.068318,2.9
2054527142,reauthored,0.8635,0.8635,0.049682,3.0
2054527142,reauth_ctrl,0.9730,0.9730,0.054451,3.0
2054630175,original,0.5865,0.5865,0.056849,2.9
2054630175,edited,0.5834,0.5834,0.056863,2.9
2054630175,reauthored,0.6395,0.6395,0.044030,2.9
2054630175,reauth_ctrl,0.7847,0.7847,0.047925,2.8
2054772844_2054772846,original,0.5694,0.5694,0.064103,2.8
2054772844_2054772846,edited,0.5975,0.5975,0.063812,2.8
2054772844_2054772846,reauthored,0.8607,0.8607,0.046711,2.8
2054772844_2054772846,reauth_ctrl,0.8600,0.8600,0.046708,2.8
2055114663,original,0.5589,0.5589,0.053668,2.8
2055114663,edited,0.5572,0.5572,0.053827,2.9
2055114663,reauthored,0.9736,0.9736,0.049089,2.9
2055114663,reauth_ctrl,0.9955,0.9955,0.045100,2.9
2055401021,original,0.0000,0.5284,0.056742,2.8
2055401021,edited,0.0000,0.5134,0.056727,2.8
2055401021,reauthored,0.8303,0.8303,0.042688,2.8
2055401021,reauth_ctrl,0.9969,0.9969,0.045156,2.9
2055451449_2055451452,original,0.0000,0.5205,0.069840,3.1
2055451449_2055451452,edited,0.0000,0.4793,0.069728,2.8
2055451449_2055451452,reauthored,0.9952,0.9952,0.055584,2.8
2055451449_2055451452,reauth_ctrl,0.9953,0.9953,0.055572,2.8
2055593439_2055593442,original,0.5730,0.5730,0.053986,2.8
2055593439_2055593442,edited,0.5940,0.5940,0.054389,2.9
2055593439_2055593442,reauthored,0.7897,0.7897,0.044766,2.8
2055593439_2055593442,reauth_ctrl,0.8875,0.8875,0.047152,2.8
2055663697,original,0.0000,0.5508,0.044125,2.8
2055663697,edited,0.0000,0.5519,0.044055,2.8
2055663697,reauthored,0.9605,0.9605,0.046582,2.8
2055663697,reauth_ctrl,0.9878,0.9878,0.043570,2.8
2056744342,original,0.0000,0.5105,0.054783,2.8
2056744342,edited,0.5493,0.5493,0.054679,2.8
2056744342,reauthored,0.8663,0.8663,0.050797,3.1
2056744342,reauth_ctrl,0.8758,0.8758,0.048052,3.0
2057124602_4603,original,0.0000,0.5229,0.052747,2.9
2057124602_4603,edited,0.0000,0.5057,0.052489,2.9
2057124602_4603,reauthored,0.5615,0.5615,0.041887,2.9
2057124602_4603,reauth_ctrl,0.5974,0.5974,0.041998,2.9
2057125978_5979,original,0.0000,0.5246,0.059262,3.0
2057125978_5979,edited,0.0000,0.5331,0.059243,3.0
2057125978_5979,reauthored,0.7076,0.7076,0.042625,2.9
2057125978_5979,reauth_ctrl,0.7591,0.7591,0.043327,2.9
2057163885_2057163886,original,0.0000,0.5351,0.060956,2.9
2057163885_2057163886,edited,0.5411,0.5452,0.061189,3.0
2057163885_2057163886,reauthored,0.9895,0.9895,0.050188,2.9
2057163885_2057163886,reauth_ctrl,0.7217,0.7217,0.049428,3.1
2057322796_2837,original,0.5590,0.5590,0.046961,3.0
2057322796_2837,edited,0.0000,0.5433,0.046907,3.1
2057322796_2837,reauthored,0.7252,0.7252,0.049577,3.0
2057322796_2837,reauth_ctrl,0.7298,0.7298,0.049920,3.0
2057390256_2057390263,original,0.0000,0.5039,0.062262,2.9
2057390256_2057390263,edited,0.0000,0.4859,0.062598,2.8
2057390256_2057390263,reauthored,0.7841,0.7841,0.046516,2.8
2057390256_2057390263,reauth_ctrl,0.7761,0.7761,0.046369,2.8
2057402474_2057402475,original,0.5279,0.5279,0.058551,2.8
2057402474_2057402475,edited,0.0000,0.5249,0.058272,2.8
2057402474_2057402475,reauthored,0.5221,0.5291,0.045943,2.8
2057402474_2057402475,reauth_ctrl,0.7574,0.7574,0.047588,2.8
2057405864_2057405865,original,0.0000,0.4602,0.051451,2.8
2057405864_2057405865,edited,0.0000,0.4562,0.050908,2.8
2057405864_2057405865,reauthored,0.8060,0.8060,0.045982,2.9
2057405864_2057405865,reauth_ctrl,0.8513,0.8513,0.049080,2.8
2057406820,original,0.0000,0.5570,0.058320,2.9
2057406820,edited,0.0000,0.5558,0.058560,2.8
2057406820,reauthored,0.9472,0.9472,0.053854,2.8
2057406820,reauth_ctrl,0.9666,0.9666,0.055021,2.8
2057407554,original,0.0000,0.5438,0.050644,2.8
2057407554,edited,0.0000,0.5073,0.051238,2.8
2057407554,reauthored,0.9816,0.9816,0.049283,2.8
2057407554,reauth_ctrl,0.9791,0.9791,0.048060,2.8
2057416318_2057416322,original,0.0000,0.5025,0.064738,2.8
2057416318_2057416322,edited,0.0000,0.5033,0.064861,2.8
2057416318_2057416322,reauthored,0.5684,0.5684,0.045258,2.8
2057416318_2057416322,reauth_ctrl,0.5953,0.5953,0.045997,2.8
2057417804_2057417805,original,0.0000,0.5047,0.064716,2.8
2057417804_2057417805,edited,0.0000,0.5027,0.065608,2.8
2057417804_2057417805,reauthored,0.0000,0.4584,0.043477,2.7
2057417804_2057417805,reauth_ctrl,0.0000,0.4607,0.042362,2.8
2057420601_2057420603,original,0.0000,0.4536,0.070042,2.8
2057420601_2057420603,edited,0.0000,0.4745,0.069968,2.8
2057420601_2057420603,reauthored,0.9011,0.9011,0.048799,2.8
2057420601_2057420603,reauth_ctrl,0.9163,0.9163,0.048716,3.0
2057423888_2057423890,original,0.0000,0.4936,0.070042,2.7
2057423888_2057423890,edited,0.0000,0.4897,0.070358,2.7
2057423888_2057423890,reauthored,0.9982,0.9982,0.058450,2.8
2057423888_2057423890,reauth_ctrl,0.7782,0.7782,0.051128,2.8
2057424307_2057424308,original,0.0000,0.5350,0.068281,2.7
2057424307_2057424308,edited,0.5636,0.5636,0.068354,2.8
2057424307_2057424308,reauthored,0.9903,0.9903,0.048634,2.7
2057424307_2057424308,reauth_ctrl,0.9899,0.9899,0.048783,2.7
2057429888,original,0.0000,0.3887,0.063720,2.8
2057429888,edited,0.0000,0.4720,0.064299,2.7
2057429888,reauthored,0.9966,0.9966,0.064198,2.8
2057429888,reauth_ctrl,0.9947,0.9947,0.059468,2.7
2057442743_2057442745,original,0.5314,0.5314,0.068917,2.7
2057442743_2057442745,edited,0.0000,0.5036,0.068924,2.7
2057442743_2057442745,reauthored,0.9838,0.9838,0.047464,2.7
2057442743_2057442745,reauth_ctrl,0.6112,0.6112,0.049262,2.7
2057443691_2057443693,original,0.0000,0.4847,0.054587,2.7
2057443691_2057443693,edited,0.0000,0.4761,0.055006,2.7
2057443691_2057443693,reauthored,0.8358,0.8358,0.044475,2.7
2057443691_2057443693,reauth_ctrl,0.8528,0.8528,0.044804,2.8
2057460208_2057460210,original,0.5443,0.5443,0.058219,2.8
2057460208_2057460210,edited,0.0000,0.5437,0.058465,2.8
2057460208_2057460210,reauthored,0.9974,0.9974,0.046251,2.7
2057460208_2057460210,reauth_ctrl,0.8770,0.8770,0.045880,2.8
2057465568_2057465577,original,0.5803,0.5803,0.053559,2.7
2057465568_2057465577,edited,0.5818,0.5818,0.053645,2.9
2057465568_2057465577,reauthored,0.8629,0.8629,0.047649,2.8
2057465568_2057465577,reauth_ctrl,0.8603,0.8603,0.046083,2.8
2057466823_2057466824,original,0.0000,0.4826,0.065604,2.7
2057466823_2057466824,edited,0.0000,0.4832,0.065080,2.7
2057466823_2057466824,reauthored,0.9524,0.9524,0.053645,2.8
2057466823_2057466824,reauth_ctrl,0.9185,0.9185,0.054845,2.8
2057467166_2057467167,original,0.0000,0.5212,0.065625,2.7
2057467166_2057467167,edited,0.0000,0.5146,0.065829,2.7
2057467166_2057467167,reauthored,0.9897,0.9897,0.048592,2.8
2057467166_2057467167,reauth_ctrl,0.8754,0.8754,0.044346,2.7
2057467409_2057467410,original,0.0000,0.4350,0.056799,2.7
2057467409_2057467410,edited,0.0000,0.4451,0.056943,2.7
2057467409_2057467410,reauthored,0.8438,0.8438,0.045940,2.8
2057467409_2057467410,reauth_ctrl,0.8438,0.8438,0.046205,2.7
2057468636_2057468640,original,0.0000,0.5276,0.083719,2.8
2057468636_2057468640,edited,0.5246,0.5438,0.083523,2.9
2057468636_2057468640,reauthored,0.6273,0.6273,0.042503,3.0
2057468636_2057468640,reauth_ctrl,0.5985,0.5985,0.042596,2.8
2057469141_2057469144,original,0.0000,0.4490,0.056088,2.9
2057469141_2057469144,edited,0.0000,0.4710,0.056124,2.9
2057469141_2057469144,reauthored,0.7981,0.7981,0.050097,2.9
2057469141_2057469144,reauth_ctrl,0.5828,0.5828,0.051887,2.8
2057470208_2057470210,original,0.0000,0.5055,0.068620,2.8
2057470208_2057470210,edited,0.0000,0.5094,0.068944,2.9
2057470208_2057470210,reauthored,0.5737,0.5737,0.047741,2.8
2057470208_2057470210,reauth_ctrl,0.6495,0.6495,0.046803,2.8
2057478396_2057478405,original,0.5333,0.5333,0.051040,2.8
2057478396_2057478405,edited,0.5621,0.5621,0.050961,2.8
2057478396_2057478405,reauthored,0.9807,0.9807,0.046413,2.8
2057478396_2057478405,reauth_ctrl,0.9875,0.9875,0.044029,2.9
2057480458_2057480467,original,0.5669,0.5669,0.054421,2.8
2057480458_2057480467,edited,0.5527,0.5527,0.054487,2.8
2057480458_2057480467,reauthored,0.8808,0.8808,0.046661,2.8
2057480458_2057480467,reauth_ctrl,0.8912,0.8912,0.046832,2.8
2057486588_2057486589,original,0.0000,0.5596,0.066073,2.8
2057486588_2057486589,edited,0.5620,0.5620,0.066133,2.8
2057486588_2057486589,reauthored,0.9491,0.9491,0.060406,2.8
2057486588_2057486589,reauth_ctrl,0.9736,0.9736,0.050408,3.0
2057658527,original,0.0000,0.4216,0.052446,2.7
2057658527,edited,0.0000,0.4302,0.052730,2.8
2057658527,reauthored,0.0000,0.4842,0.040188,2.8
2057658527,reauth_ctrl,0.0000,0.5189,0.040535,2.8
2057814599,original,0.5495,0.5495,0.052360,2.9
2057814599,edited,0.5520,0.5520,0.052546,2.8
2057814599,reauthored,0.8895,0.8895,0.048044,2.9
2057814599,reauth_ctrl,0.8354,0.8354,0.047917,2.8
2058083660,original,0.0000,0.5425,0.043510,4.2
2058083660,edited,0.0000,0.4707,0.043015,4.2
2058083660,reauthored,0.9659,0.9659,0.054149,4.2
2058083660,reauth_ctrl,0.9936,0.9936,0.039388,4.2
2059125590,original,0.6705,0.6705,0.048749,2.8
2059125590,edited,0.6878,0.6878,0.048739,2.8
2059125590,reauthored,0.9660,0.9660,0.049910,2.8
2059125590,reauth_ctrl,0.9667,0.9667,0.049062,2.8
2060538927,original,0.0000,0.5264,0.056721,2.8
2060538927,edited,0.5425,0.5425,0.057347,2.8
2060538927,reauthored,0.9679,0.9679,0.050377,2.8
2060538927,reauth_ctrl,0.0000,0.4573,0.039892,2.9
2061667701,original,0.5806,0.5806,0.042538,2.8
2061667701,edited,0.5806,0.5806,0.042464,2.8
2061667701,reauthored,0.9952,0.9952,0.043465,2.8
2061667701,reauth_ctrl,0.9951,0.9951,0.043328,2.8
2061832180,original,0.5477,0.5477,0.054709,2.8
2061832180,edited,0.5415,0.5415,0.054738,2.8
2061832180,reauthored,0.9358,0.9358,0.053715,2.8
2061832180,reauth_ctrl,0.9115,0.9115,0.053108,2.7
2061977688_2061977692,original,0.0000,0.4650,0.067637,2.8
2061977688_2061977692,edited,0.0000,0.4522,0.068136,2.8
2061977688_2061977692,reauthored,0.9863,0.9863,0.043259,2.8
2061977688_2061977692,reauth_ctrl,0.9844,0.9844,0.043037,2.7
2062077993,original,0.6342,0.6342,0.040853,2.8
2062077993,edited,0.6360,0.6360,0.040961,2.7
2062077993,reauthored,0.9898,0.9898,0.045914,2.9
2062077993,reauth_ctrl,0.9776,0.9776,0.044522,2.8
2062094004_2062094005,original,0.6022,0.6022,0.062847,2.8
2062094004_2062094005,edited,0.5987,0.5987,0.062773,2.8
2062094004_2062094005,reauthored,0.9415,0.9415,0.043271,2.8
2062094004_2062094005,reauth_ctrl,0.5951,0.5951,0.045566,2.8
2062472781,original,0.5798,0.5798,0.049015,2.8
2062472781,edited,0.5794,0.5794,0.049078,2.8
2062472781,reauthored,0.9442,0.9442,0.047347,2.8
2062472781,reauth_ctrl,0.9539,0.9539,0.049462,2.8
2062897991,original,0.5237,0.5237,0.041967,2.8
2062897991,edited,0.5243,0.5243,0.042106,2.8
2062897991,reauthored,0.9776,0.9776,0.045445,2.7
2062897991,reauth_ctrl,0.9776,0.9776,0.045449,2.8
2062907114,original,0.0000,0.4910,0.057751,2.8
2062907114,edited,0.0000,0.5124,0.058136,2.7
2062907114,reauthored,0.7552,0.7552,0.044431,2.8
2062907114,reauth_ctrl,0.9395,0.9395,0.048505,2.8
2062907371,original,0.0000,0.4887,0.054957,2.7
2062907371,edited,0.0000,0.4698,0.054576,2.7
2062907371,reauthored,0.9388,0.9388,0.054520,2.7
2062907371,reauth_ctrl,0.9218,0.9218,0.056009,2.7
2062907515,original,0.0000,0.5199,0.056377,2.9
2062907515,edited,0.5478,0.5478,0.056909,2.8
2062907515,reauthored,0.9982,0.9982,0.052952,2.8
2062907515,reauth_ctrl,0.9982,0.9982,0.055046,2.7
2062907551,original,0.0000,0.4848,0.052400,2.8
2062907551,edited,0.0000,0.4857,0.052606,2.7
2062907551,reauthored,0.7449,0.7449,0.053445,2.8
2062907551,reauth_ctrl,0.9553,0.9553,0.051860,2.7
2063073468_2063073469,original,0.5877,0.5877,0.062590,2.8
2063073468_2063073469,edited,0.6383,0.6383,0.061658,2.8
2063073468_2063073469,reauthored,0.9785,0.9785,0.050806,2.7
2063073468_2063073469,reauth_ctrl,0.9786,0.9786,0.050736,2.7
2063162451_2452,original,0.5927,0.5927,0.059089,2.7
2063162451_2452,edited,0.5860,0.5860,0.058613,2.7
2063162451_2452,reauthored,0.8922,0.8922,0.051690,2.7
2063162451_2452,reauth_ctrl,0.8762,0.8762,0.051104,2.8
2063196638,original,0.5297,0.5297,0.063211,2.8
2063196638,edited,0.5355,0.5355,0.063200,2.8
2063196638,reauthored,0.9899,0.9899,0.073612,2.8
2063196638,reauth_ctrl,0.9928,0.9928,0.062575,2.7
2063235035,original,0.5254,0.5254,0.046658,2.7
2063235035,edited,0.5277,0.5277,0.046859,2.7
2063235035,reauthored,0.9370,0.9370,0.043933,2.7
2063235035,reauth_ctrl,0.9680,0.9680,0.045047,2.8
2063304296,original,0.0000,0.4792,0.057542,2.7
2063304296,edited,0.0000,0.4831,0.057230,2.7
2063304296,reauthored,0.9601,0.9601,0.047682,2.8
2063304296,reauth_ctrl,0.8360,0.8360,0.044692,2.8
2063306907_6908,original,0.0000,0.4977,0.054651,2.9
2063306907_6908,edited,0.0000,0.4825,0.055171,2.7
2063306907_6908,reauthored,0.8934,0.8934,0.053315,2.8
2063306907_6908,reauth_ctrl,0.9977,0.9977,0.047531,2.7
2063576912,original,0.5616,0.5616,0.053400,2.7
2063576912,edited,0.5588,0.5588,0.053419,2.7
2063576912,reauthored,0.5652,0.5652,0.039336,2.7
2063576912,reauth_ctrl,0.5657,0.5657,0.039439,2.7
2063601121,original,0.0000,0.4802,0.065067,2.7
2063601121,edited,0.0000,0.4778,0.064585,2.8
2063601121,reauthored,0.9295,0.9295,0.044806,2.8
2063601121,reauth_ctrl,0.9671,0.9671,0.044801,2.7
2063610066,original,0.0000,0.5043,0.056850,2.7
2063610066,edited,0.0000,0.5131,0.056692,2.7
2063610066,reauthored,0.9566,0.9566,0.046954,2.7
2063610066,reauth_ctrl,0.9607,0.9607,0.045403,2.7
2063780011,original,0.5583,0.5583,0.055035,2.7
2063780011,edited,0.5625,0.5625,0.055339,2.8
2063780011,reauthored,0.8882,0.8882,0.044431,2.7
2063780011,reauth_ctrl,0.9050,0.9050,0.044496,2.7
2063813424,original,0.0000,0.4887,0.077942,2.7
2063813424,edited,0.0000,0.4878,0.077962,2.8
2063813424,reauthored,0.9891,0.9891,0.047612,2.7
2063813424,reauth_ctrl,0.7197,0.7197,0.044032,2.9
2064207146a,original,0.5297,0.5297,0.037549,2.8
2064207146a,edited,0.0000,0.5237,0.037543,2.8
2064207146a,reauthored,0.9831,0.9831,0.045756,2.7
2064207146a,reauth_ctrl,0.9833,0.9833,0.045772,2.8
2064207579a,original,0.0000,0.4120,0.040957,2.8
2064207579a,edited,0.0000,0.4547,0.041084,2.8
2064207579a,reauthored,0.9432,0.9432,0.046248,2.8
2064207579a,reauth_ctrl,0.9317,0.9317,0.045545,2.8
2064231290,original,0.0000,0.4855,0.049491,2.8
2064231290,edited,0.0000,0.5051,0.049330,2.8
2064231290,reauthored,0.9735,0.9735,0.051236,2.7
2064231290,reauth_ctrl,0.9829,0.9829,0.050969,2.8
2064257228,original,0.0000,0.5363,0.054741,2.8
2064257228,edited,0.5527,0.5527,0.054833,2.8
2064257228,reauthored,0.9338,0.9338,0.052019,2.8
2064257228,reauth_ctrl,0.9508,0.9508,0.049116,2.8
2064285327_5328,original,0.6337,0.6337,0.057992,2.8
2064285327_5328,edited,0.6519,0.6519,0.058586,2.8
2064285327_5328,reauthored,0.9157,0.9157,0.045536,2.8
2064285327_5328,reauth_ctrl,0.9990,0.9990,0.046909,2.8
2064342657,original,0.0000,0.5277,0.057932,2.8
2064342657,edited,0.0000,0.5176,0.057889,2.8
2064342657,reauthored,0.9342,0.9342,0.050605,2.8
2064342657,reauth_ctrl,0.9351,0.9351,0.050490,2.8
2064385642_5647,original,0.0000,0.4251,0.066081,2.8
2064385642_5647,edited,0.0000,0.4191,0.065911,2.8
2064385642_5647,reauthored,0.9826,0.9826,0.049345,2.8
2064385642_5647,reauth_ctrl,0.9618,0.9618,0.049574,2.8
2064510336,original,0.0000,0.4434,0.050455,2.8
2064510336,edited,0.0000,0.4466,0.050632,2.8
2064510336,reauthored,0.6070,0.6070,0.047780,2.8
2064510336,reauth_ctrl,0.9323,0.9323,0.047613,2.8
2064812263,original,0.5455,0.5455,0.051512,2.8
2064812263,edited,0.5456,0.5456,0.051666,2.7
2064812263,reauthored,0.8852,0.8852,0.047368,2.7
2064812263,reauth_ctrl,0.9962,0.9962,0.067056,2.8
2064847064,original,0.5593,0.5593,0.051637,2.8
2064847064,edited,0.5561,0.5561,0.051599,2.7
2064847064,reauthored,0.9600,0.9600,0.054024,2.7
2064847064,reauth_ctrl,0.9857,0.9857,0.055119,2.8
2064941763_1765,original,0.6304,0.6304,0.055171,2.8
2064941763_1765,edited,0.6327,0.6327,0.055210,2.7
2064941763_1765,reauthored,0.9485,0.9485,0.043804,2.8
2064941763_1765,reauth_ctrl,0.9492,0.9492,0.044949,2.8
2065063657_3658,original,0.5619,0.5865,0.058216,2.7
2065063657_3658,edited,0.5633,0.5877,0.058148,2.7
2065063657_3658,reauthored,0.9801,0.9801,0.049975,2.8
2065063657_3658,reauth_ctrl,0.9707,0.9707,0.049967,2.8
2065180479_0480,original,0.0000,0.4917,0.071013,2.7
2065180479_0480,edited,0.0000,0.5043,0.071166,2.8
2065180479_0480,reauthored,0.9946,0.9946,0.049939,2.8
2065180479_0480,reauth_ctrl,0.9967,0.9967,0.049002,2.8
2065282836,original,0.0000,0.5232,0.048692,2.8
2065282836,edited,0.0000,0.5253,0.048740,2.7
2065282836,reauthored,0.9664,0.9664,0.048051,2.7
2065282836,reauth_ctrl,0.9687,0.9687,0.047752,2.7
2065329469,original,0.0000,0.4847,0.056278,2.7
2065329469,edited,0.0000,0.4722,0.056412,2.7
2065329469,reauthored,0.5757,0.5757,0.047801,4.6
2065329469,reauth_ctrl,0.7298,0.7298,0.050522,3.2
2065391161_1162,original,0.0000,0.4582,0.067724,3.4
2065391161_1162,edited,0.0000,0.4709,0.067654,3.8
2065391161_1162,reauthored,0.9592,0.9592,0.043844,3.5
2065391161_1162,reauth_ctrl,0.9584,0.9584,0.043774,3.0
2065418675,original,0.5627,0.5627,0.047332,3.1
2065418675,edited,0.0000,0.5272,0.047230,3.0
2065418675,reauthored,0.9566,0.9566,0.044412,3.0
2065418675,reauth_ctrl,0.9786,0.9786,0.045468,2.9
2065494946_4949,original,0.5833,0.5833,0.061011,2.9
2065494946_4949,edited,0.5802,0.5802,0.060806,2.9
2065494946_4949,reauthored,0.0000,0.4400,0.044210,2.9
2065494946_4949,reauth_ctrl,0.5218,0.5218,0.044530,2.8
2065561566_1567,original,0.0000,0.4364,0.064960,2.9
2065561566_1567,edited,0.0000,0.4482,0.065714,2.9
2065561566_1567,reauthored,0.9419,0.9419,0.048133,2.8
2065561566_1567,reauth_ctrl,0.9447,0.9447,0.048315,2.8
2067238977,original,0.9930,0.9930,0.041026,2.8
2067238977,edited,0.9932,0.9932,0.042295,2.8
2067238977,reauthored,0.9490,0.9490,0.045542,2.8
2067238977,reauth_ctrl,0.9411,0.9411,0.046079,2.8
2067618492_2067618493,original,0.5592,0.5592,0.059410,2.8
2067618492_2067618493,edited,0.5632,0.5632,0.059547,2.8
2067618492_2067618493,reauthored,0.9642,0.9642,0.047138,2.8
2067618492_2067618493,reauth_ctrl,0.9622,0.9622,0.046646,2.8
2067679886,original,0.5719,0.5719,0.044307,2.8
2067679886,edited,0.5692,0.5692,0.045253,2.8
2067679886,reauthored,0.9759,0.9759,0.046454,2.8
2067679886,reauth_ctrl,0.9758,0.9758,0.048938,2.7
2067686553,original,0.0000,0.5337,0.045973,785.5
2067686553,edited,0.0000,0.5423,0.046371,3.4
2067686553,reauthored,0.9100,0.9100,0.048339,2.2
2067686553,reauth_ctrl,0.9100,0.9100,0.048316,2.2
2067712430,original,0.0000,0.4166,0.049459,2.0
2067712430,edited,0.0000,0.4304,0.049593,2.0
2067712430,reauthored,0.8953,0.8953,0.046682,2.0
2067712430,reauth_ctrl,0.9651,0.9651,0.047766,2.1
2069554151,original,0.5582,0.5582,0.059950,2.0
2069554151,edited,0.5692,0.5692,0.059979,1.9
2069554151,reauthored,0.9833,0.9833,0.047573,1.9
2069554151,reauth_ctrl,0.9934,0.9934,0.048978,1.9
2069584064,original,0.5661,0.5661,0.048690,1.9
2069584064,edited,0.5682,0.5682,0.048886,1.9
2069584064,reauthored,0.9772,0.9772,0.053408,1.9
2069584064,reauth_ctrl,0.9542,0.9542,0.051214,1.9
2069710116,original,0.5623,0.5623,0.046037,1.9
2069710116,edited,0.5571,0.5571,0.046237,1.9
2069710116,reauthored,0.9794,0.9794,0.045178,2.0
2069710116,reauth_ctrl,0.9796,0.9796,0.045144,2.0
2069711023,original,0.0000,0.4537,0.050189,1.9
2069711023,edited,0.0000,0.4892,0.050286,1.9
2069711023,reauthored,0.9829,0.9829,0.047859,1.9
2069711023,reauth_ctrl,0.9839,0.9839,0.047981,2.0
2069712069,original,0.0000,0.4830,0.048876,901.0
2069712069,edited,0.0000,0.4656,0.049062,2.1
2069712069,reauthored,0.9866,0.9866,0.042925,2.3
2069712069,reauth_ctrl,0.5579,0.5579,0.036179,2.0
2069714127,original,0.0000,0.5234,0.049855,2.1
2069714127,edited,0.0000,0.5209,0.049939,2.1
2069714127,reauthored,0.9708,0.9708,0.042187,2.4
2069714127,reauth_ctrl,0.7999,0.7999,0.040714,2.0
2069714236,original,0.0000,0.4816,0.050663,2.0
2069714236,edited,0.0000,0.4911,0.050863,2.1
2069714236,reauthored,0.9962,0.9962,0.050677,2.1
2069714236,reauth_ctrl,0.9920,0.9920,0.049772,2.1
2069714278,original,0.5498,0.5498,0.049867,2.1
2069714278,edited,0.6186,0.6186,0.050144,2.1
2069714278,reauthored,0.9844,0.9844,0.046615,2.1
2069714278,reauth_ctrl,0.9722,0.9722,0.044095,2.1
2069718799,original,0.0000,0.4891,0.050920,2.2
2069718799,edited,0.0000,0.4862,0.051071,2.0
2069718799,reauthored,0.9709,0.9709,0.044341,2.0
2069718799,reauth_ctrl,0.9679,0.9679,0.044235,4.6
2069718944,original,0.0000,0.4930,0.051480,261.7
2069718944,edited,0.0000,0.5034,0.052040,2.1
2069718944,reauthored,0.9904,0.9904,0.048015,2.1
2069718944,reauth_ctrl,0.9972,0.9972,0.046342,2.0
2069719182,original,0.0000,0.4934,0.051056,2.0
2069719182,edited,0.0000,0.4715,0.051020,2.0
2069719182,reauthored,0.9956,0.9956,0.047043,2.0
2069719182,reauth_ctrl,0.9897,0.9897,0.045042,2.1
2069720735,original,0.0000,0.4860,0.046857,2.0
2069720735,edited,0.0000,0.4716,0.046768,2.1
2069720735,reauthored,0.9741,0.9741,0.047221,2.0
2069720735,reauth_ctrl,0.9439,0.9439,0.047404,2.0
2069721648,original,0.0000,0.4819,0.051380,1.9
2069721648,edited,0.5446,0.5446,0.051473,1.9
2069721648,reauthored,0.9787,0.9787,0.042856,1.9
2069721648,reauth_ctrl,0.9897,0.9897,0.047877,2.0
2069722216,original,0.0000,0.4843,0.049872,2.0
2069722216,edited,0.0000,0.4770,0.049924,4.1
2069722216,reauthored,0.9869,0.9869,0.043438,1.9
2069722216,reauth_ctrl,0.0000,0.3648,0.036471,1.9
2069722356,original,0.0000,0.5178,0.051950,1.9
2069722356,edited,0.0000,0.5123,0.051958,61.8
2069722356,reauthored,0.8725,0.8725,0.040540,2.3
2069722356,reauth_ctrl,0.8606,0.8606,0.040331,2.0
2069722762,original,0.0000,0.4452,0.052871,1.9
2069722762,edited,0.0000,0.4797,0.052990,1.9
2069722762,reauthored,0.0000,0.2900,0.036517,1.9
2069722762,reauth_ctrl,0.0000,0.3075,0.036496,1.9
2069723627,original,0.5550,0.5550,0.047312,1.9
2069723627,edited,0.5717,0.5717,0.047385,1.9
2069723627,reauthored,0.9869,0.9869,0.045621,1.9
2069723627,reauth_ctrl,0.9863,0.9863,0.045521,1.9
2069723936,original,0.5416,0.5416,0.049879,2.0
2069723936,edited,0.0000,0.5372,0.049746,2.3
2069723936,reauthored,0.9630,0.9630,0.040807,4.1
2069723936,reauth_ctrl,0.9885,0.9885,0.046590,2.0
2069726269,original,0.5365,0.5365,0.052947,2.0
2069726269,edited,0.5390,0.5390,0.052908,2.0
2069726269,reauthored,0.9833,0.9833,0.045165,2.0
2069726269,reauth_ctrl,0.9834,0.9834,0.045250,2.0
2069726696,original,0.0000,0.4752,0.050744,2.0
2069726696,edited,0.0000,0.4836,0.050717,2.0
2069726696,reauthored,0.9927,0.9927,0.043250,1.9
2069726696,reauth_ctrl,0.9923,0.9923,0.043190,2.0
2069727606,original,0.0000,0.5069,0.049024,25.4
2069727606,edited,0.5363,0.5363,0.048998,4.9
2069727606,reauthored,0.9896,0.9896,0.045500,3.7
2069727606,reauth_ctrl,0.9893,0.9893,0.043893,2.4
2069728574,original,0.0000,0.4798,0.052473,2.3
2069728574,edited,0.0000,0.4739,0.052499,2.4
2069728574,reauthored,0.9960,0.9960,0.042503,2.7
2069728574,reauth_ctrl,0.9959,0.9959,0.042360,2.8
2069729006,original,0.0000,0.4890,0.049275,2.5
2069729006,edited,0.0000,0.4788,0.049403,2.3
2069729006,reauthored,0.9875,0.9875,0.046756,2.0
2069729006,reauth_ctrl,0.9895,0.9895,0.046694,2.1
2069730945,original,0.0000,0.4670,0.050066,2.1
2069730945,edited,0.0000,0.4606,0.050212,2.2
2069730945,reauthored,0.0000,0.3123,0.036402,2.1
2069730945,reauth_ctrl,0.0000,0.3108,0.036388,2.4
2069732492,original,0.5226,0.5226,0.045135,2.0
2069732492,edited,0.0000,0.5293,0.045147,2.2
2069732492,reauthored,0.9793,0.9793,0.044353,2.0
2069732492,reauth_ctrl,0.9636,0.9636,0.044186,2.0
2069732774,original,0.5450,0.5450,0.049141,2.0
2069732774,edited,0.0000,0.4706,0.049156,2.0
2069732774,reauthored,0.9641,0.9641,0.048118,2.0
2069732774,reauth_ctrl,0.9604,0.9604,0.047485,2.0
2069732841,original,0.0000,0.5023,0.053924,2.1
2069732841,edited,0.0000,0.5178,0.053823,2.1
2069732841,reauthored,0.9808,0.9808,0.046807,2.2
2069732841,reauth_ctrl,0.9911,0.9911,0.047035,2.2
2069735839,original,0.0000,0.4691,0.051494,2.1
2069735839,edited,0.0000,0.4926,0.051443,2.1
2069735839,reauthored,0.9482,0.9482,0.044500,2.1
2069735839,reauth_ctrl,0.9751,0.9751,0.045091,2.1
2069737338,original,0.0000,0.4295,0.051695,2.3
2069737338,edited,0.0000,0.4325,0.051533,2.3
2069737338,reauthored,0.9869,0.9869,0.045959,2.3
2069737338,reauth_ctrl,0.9862,0.9862,0.045848,2.6
2069738854,original,0.5597,0.5597,0.046853,2.4
2069738854,edited,0.5629,0.5629,0.046861,2.5
2069738854,reauthored,0.9963,0.9963,0.047329,2.3
2069738854,reauth_ctrl,0.9673,0.9673,0.046883,2.4
2069739856,original,0.0000,0.5160,0.050345,2.5
2069739856,edited,0.0000,0.5115,0.050302,2.4
2069739856,reauthored,0.9483,0.9483,0.044816,2.3
2069739856,reauth_ctrl,0.9511,0.9511,0.044985,2.3
2069740389,original,0.0000,0.5199,0.046560,2.3
2069740389,edited,0.0000,0.5053,0.046374,2.2
2069740389,reauthored,0.9765,0.9765,0.048791,2.4
2069740389,reauth_ctrl,0.9456,0.9456,0.046733,2.3
2069741044,original,0.0000,0.5030,0.047442,2.4
2069741044,edited,0.0000,0.5005,0.047371,2.3
2069741044,reauthored,0.9842,0.9842,0.046814,2.5
2069741044,reauth_ctrl,0.9392,0.9392,0.044515,2.2
2070046307a,original,0.9186,0.9186,0.042237,2.3
2070046307a,edited,0.8757,0.8757,0.042223,2.4
2070046307a,reauthored,0.9090,0.9090,0.045989,2.4
2070046307a,reauth_ctrl,0.9348,0.9348,0.046599,2.7
2070055167d,original,0.0000,0.4336,0.041554,3.0
2070055167d,edited,0.0000,0.4278,0.041532,2.7
2070055167d,reauthored,0.9577,0.9577,0.049616,2.6
2070055167d,reauth_ctrl,0.9498,0.9498,0.045717,2.6
2070229300,original,0.0000,0.4626,0.066907,2.7
2070229300,edited,0.0000,0.4548,0.066840,2.8
2070229300,reauthored,0.0000,0.5372,0.049753,2.7
2070229300,reauth_ctrl,0.7278,0.7278,0.052892,2.3
2070261137,original,0.0000,0.4530,0.050669,2.3
2070261137,edited,0.0000,0.4467,0.051009,2.3
2070261137,reauthored,0.9934,0.9934,0.050133,2.3
2070261137,reauth_ctrl,0.9983,0.9983,0.053031,2.2
2070316542,original,0.6346,0.6346,0.060068,2.4
2070316542,edited,0.6116,0.6116,0.060491,2.2
2070316542,reauthored,0.7492,0.7492,0.044372,2.2
2070316542,reauth_ctrl,0.5758,0.5758,0.042105,2.3
2070361244,original,0.0000,0.5081,0.043285,2.4
2070361244,edited,0.0000,0.4843,0.043188,2.2
2070361244,reauthored,0.9752,0.9752,0.039342,2.3
2070361244,reauth_ctrl,0.9744,0.9744,0.039421,2.2
2070437930d_7931,original,0.6061,0.6061,0.043294,2.2
2070437930d_7931,edited,0.5757,0.5757,0.043078,2.2
2070437930d_7931,reauthored,0.7489,0.7489,0.041438,2.4
2070437930d_7931,reauth_ctrl,0.7308,0.7308,0.041734,2.2
2070688893,original,0.8228,0.8228,0.044308,2.2
2070688893,edited,0.8235,0.8235,0.043901,2.4
2070688893,reauthored,0.9772,0.9772,0.047114,2.6
2070688893,reauth_ctrl,0.9785,0.9785,0.047174,2.5
2070699016,original,0.5547,0.5547,0.042962,2.3
2070699016,edited,0.5523,0.5523,0.042915,2.3
2070699016,reauthored,0.0000,0.4952,0.036503,2.3
2070699016,reauth_ctrl,0.0000,0.5066,0.036630,2.4
2070708848,original,0.0000,0.5264,0.052291,2.3
2070708848,edited,0.0000,0.5161,0.053318,2.3
2070708848,reauthored,0.9401,0.9401,0.048071,2.4
2070708848,reauth_ctrl,0.8152,0.8152,0.046533,2.3
2070747648_7649,original,0.0000,0.4799,0.074335,2.3
2070747648_7649,edited,0.0000,0.4475,0.074207,2.3
2070747648_7649,reauthored,0.9703,0.9703,0.046719,2.6
2070747648_7649,reauth_ctrl,0.9798,0.9798,0.048201,2.5
2071030591,original,0.5706,0.5706,0.049654,2.7
2071030591,edited,0.5778,0.5778,0.049681,2.6
2071030591,reauthored,0.7914,0.7914,0.043719,2.8
2071030591,reauth_ctrl,0.7396,0.7396,0.043553,2.6
2071154490,original,0.5572,0.5572,0.051473,2.5
2071154490,edited,0.5499,0.5499,0.051446,2.5
2071154490,reauthored,0.8996,0.8996,0.053263,2.5
2071154490,reauth_ctrl,0.6184,0.6184,0.046054,2.5
2071218251,original,0.0000,0.4881,0.045082,2.5
2071218251,edited,0.0000,0.4835,0.045139,2.8
2071218251,reauthored,0.9519,0.9519,0.052531,2.5
2071218251,reauth_ctrl,0.9567,0.9567,0.049943,2.5
2071258067,original,0.0000,0.4975,0.055421,2.8
2071258067,edited,0.0000,0.4965,0.055295,2.3
2071258067,reauthored,0.7027,0.7027,0.044463,2.7
2071258067,reauth_ctrl,0.6994,0.6994,0.044913,2.7
2071279280_9280a,original,0.5765,0.5765,0.040435,2.4
2071279280_9280a,edited,0.5696,0.5696,0.040197,2.5
2071279280_9280a,reauthored,0.9901,0.9901,0.037243,2.2
2071279280_9280a,reauth_ctrl,0.7511,0.7511,0.039654,2.2
2071420588,original,0.0000,0.4593,0.064523,2.5
2071420588,edited,0.0000,0.4397,0.064811,2.3
2071420588,reauthored,0.0000,0.4591,0.045215,2.2
2071420588,reauth_ctrl,0.0000,0.5026,0.045493,2.1
2071517750,original,0.0000,0.4891,0.059011,2.7
2071517750,edited,0.0000,0.4879,0.059155,2.6
2071517750,reauthored,0.9935,0.9935,0.051185,2.5
2071517750,reauth_ctrl,0.9723,0.9723,0.050067,2.3
2071647135_7166,original,0.0000,0.4554,0.060304,2.3
2071647135_7166,edited,0.0000,0.4868,0.060480,2.3
2071647135_7166,reauthored,0.8064,0.8064,0.041888,2.3
2071647135_7166,reauth_ctrl,0.8232,0.8232,0.044002,2.5
2071789756,original,0.6017,0.6017,0.051732,2.3
2071789756,edited,0.5980,0.5980,0.051610,2.6
2071789756,reauthored,0.9957,0.9957,0.050690,2.3
2071789756,reauth_ctrl,0.9951,0.9951,0.050486,2.3
2071863991d,original,0.9484,0.9484,0.042957,2.2
2071863991d,edited,0.9267,0.9267,0.042997,2.2
2071863991d,reauthored,0.9947,0.9947,0.038614,2.3
2071863991d,reauth_ctrl,0.9711,0.9711,0.048888,3.7
2071864008a,original,0.8532,0.8532,0.043073,2.7
2071864008a,edited,0.8059,0.8059,0.042866,2.5
2071864008a,reauthored,0.9137,0.9137,0.046544,2.7
2071864008a,reauth_ctrl,0.9428,0.9428,0.046855,2.4
2071972159,original,0.5839,0.5839,0.049370,2.5
2071972159,edited,0.5783,0.5783,0.049271,2.4
2071972159,reauthored,0.9438,0.9438,0.048502,2.6
2071972159,reauth_ctrl,0.9438,0.9438,0.050067,3.0
2072217485,original,0.5412,0.5580,0.037641,2.8
2072217485,edited,0.5707,0.5707,0.037759,3.2
2072217485,reauthored,0.5840,0.5840,0.035187,2.3
2072217485,reauth_ctrl,0.6873,0.6873,0.035240,2.2
2072254946,original,0.9033,0.9033,0.044205,2.1
2072254946,edited,0.9137,0.9137,0.044257,2.1
2072254946,reauthored,0.9882,0.9882,0.045049,2.1
2072254946,reauth_ctrl,0.9539,0.9539,0.048169,2.1
2072334910c_4911,original,0.8914,0.8914,0.042831,2.3
2072334910c_4911,edited,0.8787,0.8787,0.042763,2.3
2072334910c_4911,reauthored,0.6909,0.6909,0.042178,2.4
2072334910c_4911,reauth_ctrl,0.6190,0.6190,0.041505,2.5
2072389113b,original,0.6359,0.6359,0.038544,2.4
2072389113b,edited,0.6447,0.6447,0.038538,2.3
2072389113b,reauthored,0.9177,0.9177,0.044154,2.4
2072389113b,reauth_ctrl,0.9061,0.9061,0.043693,2.4
2072436611,original,0.0000,0.4835,0.038771,2.6
2072436611,edited,0.5702,0.5702,0.039072,2.5
2072436611,reauthored,0.6160,0.6160,0.035469,3.5
2072436611,reauth_ctrl,0.5921,0.5921,0.035561,2.7
2072682793_2794,original,0.0000,0.4343,0.065570,2.5
2072682793_2794,edited,0.0000,0.4452,0.065535,2.4
2072682793_2794,reauthored,0.9620,0.9620,0.057011,2.4
2072682793_2794,reauth_ctrl,0.9529,0.9529,0.053066,2.4
2072686310_6317,original,0.6632,0.6632,0.070621,2.5
2072686310_6317,edited,0.5997,0.5997,0.071350,2.6
2072686310_6317,reauthored,0.9731,0.9731,0.049388,2.8
2072686310_6317,reauth_ctrl,0.9815,0.9815,0.049898,2.5
2072795857,original,0.5378,0.5378,0.051627,3.0
2072795857,edited,0.0000,0.5173,0.051613,2.6
2072795857,reauthored,0.9900,0.9900,0.050236,2.6
2072795857,reauth_ctrl,0.9729,0.9729,0.050452,2.6
2072815594a,original,0.5901,0.5901,0.039471,2.6
2072815594a,edited,0.5872,0.5872,0.039523,2.7
2072815594a,reauthored,0.7977,0.7977,0.043570,2.5
2072815594a,reauth_ctrl,0.7977,0.7977,0.043594,2.4
2072822511_2512,original,0.0000,0.4693,0.051825,2.4
2072822511_2512,edited,0.0000,0.4747,0.051838,2.5
2072822511_2512,reauthored,0.7820,0.7820,0.044088,2.5
2072822511_2512,reauth_ctrl,0.9495,0.9495,0.047829,2.6
2072957896,original,0.0000,0.5221,0.053128,2.5
2072957896,edited,0.5427,0.5427,0.053287,2.7
2072957896,reauthored,0.9793,0.9793,0.051164,2.6
2072957896,reauth_ctrl,0.9918,0.9918,0.056269,2.5
2073085423,original,0.5605,0.5708,0.059541,2.6
2073085423,edited,0.5311,0.5469,0.059414,2.6
2073085423,reauthored,0.9077,0.9077,0.047591,2.6
2073085423,reauth_ctrl,0.9456,0.9456,0.047759,2.6
2073184183,original,0.0000,0.5357,0.058552,2.6
2073184183,edited,0.0000,0.5244,0.058588,2.6
2073184183,reauthored,0.7633,0.7633,0.043614,2.9
2073184183,reauth_ctrl,0.8005,0.8005,0.044848,3.2
2073316290,original,0.5753,0.5753,0.058226,2.8
2073316290,edited,0.5774,0.5774,0.058052,2.8
2073316290,reauthored,0.8942,0.8942,0.052391,2.6
2073316290,reauth_ctrl,0.6377,0.6377,0.047610,2.7
2073620583_0584,original,0.5588,0.5588,0.066560,2.9
2073620583_0584,edited,0.0000,0.5115,0.066480,2.8
2073620583_0584,reauthored,0.9918,0.9918,0.048215,2.7
2073620583_0584,reauth_ctrl,0.9702,0.9702,0.047241,2.7
2073701388,original,0.6634,0.6634,0.048387,2.8
2073701388,edited,0.6730,0.6730,0.048450,2.8
2073701388,reauthored,0.9543,0.9543,0.048884,2.8
2073701388,reauth_ctrl,0.9159,0.9159,0.049050,2.9
2073788894,original,0.0000,0.5357,0.041580,2.6
2073788894,edited,0.5657,0.5657,0.041815,2.5
2073788894,reauthored,0.5793,0.5793,0.037967,2.6
2073788894,reauth_ctrl,0.6068,0.6068,0.037644,2.5
2073806199d,original,0.5784,0.5784,0.036759,2.6
2073806199d,edited,0.5868,0.5868,0.036835,2.5
2073806199d,reauthored,0.9966,0.9966,0.041773,2.6
2073806199d,reauth_ctrl,0.9967,0.9967,0.041733,2.7
2073846549_6552,original,0.6138,0.6138,0.053537,2.6
2073846549_6552,edited,0.6067,0.6067,0.053801,2.8
2073846549_6552,reauthored,0.8224,0.8224,0.046133,2.7
2073846549_6552,reauth_ctrl,0.8216,0.8216,0.044977,2.9
2074162425a,original,0.0000,0.5154,0.049435,2.6
2074162425a,edited,0.0000,0.5046,0.049418,2.7
2074162425a,reauthored,0.8112,0.8112,0.041575,2.8
2074162425a,reauth_ctrl,0.7944,0.7944,0.041552,2.7
2074249645_9646,original,0.0000,0.4575,0.056632,3.0
2074249645_9646,edited,0.0000,0.4597,0.056621,2.9
2074249645_9646,reauthored,0.9227,0.9227,0.055221,2.8
2074249645_9646,reauth_ctrl,0.9324,0.9324,0.048694,3.0
2074407752,original,0.5315,0.5315,0.047885,2.7
2074407752,edited,0.5453,0.5453,0.048043,2.8
2074407752,reauthored,0.8798,0.8798,0.049383,2.9
2074407752,reauth_ctrl,0.9248,0.9248,0.049508,2.7
2074407784,original,0.5482,0.5482,0.047097,2.6
2074407784,edited,0.5478,0.5478,0.047177,2.6
2074407784,reauthored,0.8466,0.8466,0.049052,2.7
2074407784,reauth_ctrl,0.8815,0.8815,0.049373,2.7
2074651324c,original,0.9661,0.9661,0.038834,3.2
2074651324c,edited,0.8897,0.8897,0.038182,2.5
2074651324c,reauthored,0.8282,0.8282,0.043664,2.6
2074651324c,reauth_ctrl,0.8985,0.8985,0.044353,2.7
2074657875,original,0.0000,0.5210,0.069231,2.6
2074657875,edited,0.0000,0.5239,0.069078,2.6
2074657875,reauthored,0.0000,0.4994,0.039323,2.6
2074657875,reauth_ctrl,0.0000,0.4724,0.039089,2.7
2074666677,original,0.0000,0.4945,0.053134,2.7
2074666677,edited,0.0000,0.4928,0.053251,2.6
2074666677,reauthored,0.9967,0.9967,0.049281,2.6
2074666677,reauth_ctrl,0.9077,0.9077,0.048225,2.5
2074669877,original,0.0000,0.4560,0.042241,2.6
2074669877,edited,0.0000,0.4944,0.042409,2.5
2074669877,reauthored,0.5754,0.5754,0.035066,2.5
2074669877,reauth_ctrl,0.5729,0.5729,0.035605,2.9
2074693116,original,0.5561,0.5561,0.055123,2.9
2074693116,edited,0.5618,0.5618,0.055130,2.8
2074693116,reauthored,0.9670,0.9670,0.047819,3.0
2074693116,reauth_ctrl,0.9774,0.9774,0.043099,2.8
2074752007,original,0.0000,0.4931,0.051864,2.6
2074752007,edited,0.0000,0.4957,0.051906,3.0
2074752007,reauthored,0.9948,0.9948,0.048451,3.2
2074752007,reauth_ctrl,0.9988,0.9988,0.047088,3.4
2074787886a,original,0.6310,0.6310,0.044965,2.8
2074787886a,edited,0.7740,0.7740,0.045538,3.2
2074787886a,reauthored,0.9776,0.9776,0.049414,3.0
2074787886a,reauth_ctrl,0.6613,0.6613,0.039298,2.9
2074849687,original,0.5636,0.5636,0.051954,2.9
2074849687,edited,0.5687,0.5687,0.052012,3.0
2074849687,reauthored,0.9960,0.9960,0.046781,2.9
2074849687,reauth_ctrl,0.9916,0.9916,0.043140,2.7
2074853115b_3116,original,0.0000,0.5294,0.040791,2.8
2074853115b_3116,edited,0.0000,0.5161,0.041038,2.8
2074853115b_3116,reauthored,0.9873,0.9873,0.046239,2.7
2074853115b_3116,reauth_ctrl,0.9964,0.9964,0.046072,2.7
2074868325,original,0.0000,0.4640,0.052312,2.9
2074868325,edited,0.0000,0.4902,0.052245,2.8
2074868325,reauthored,0.9936,0.9936,0.043491,2.9
2074868325,reauth_ctrl,0.9939,0.9939,0.043126,2.9
2074885711_5714,original,0.5772,0.5772,0.044423,2.8
2074885711_5714,edited,0.5652,0.5652,0.044525,2.8
2074885711_5714,reauthored,0.8221,0.8221,0.047792,2.9
2074885711_5714,reauth_ctrl,0.9615,0.9615,0.046780,3.1
2074941879,original,0.0000,0.4778,0.041488,2.9
2074941879,edited,0.0000,0.3964,0.041524,3.4
2074941879,reauthored,0.8017,0.8017,0.040461,3.0
2074941879,reauth_ctrl,0.5841,0.5841,0.037458,3.7
2075029957b,original,0.6228,0.6228,0.043048,3.2
2075029957b,edited,0.6895,0.6895,0.043524,2.9
2075029957b,reauthored,0.7135,0.7135,0.041832,2.9
2075029957b,reauth_ctrl,0.8702,0.8702,0.043436,2.9
2075060349,original,0.5529,0.5529,0.039002,3.0
2075060349,edited,0.9548,0.9548,0.040955,3.0
2075060349,reauthored,0.7945,0.7945,0.035852,2.9
2075060349,reauth_ctrl,0.5750,0.5750,0.034856,3.0
2075168849,original,0.6362,0.6362,0.044895,3.1
2075168849,edited,0.6367,0.6367,0.044623,2.9
2075168849,reauthored,0.9723,0.9723,0.050645,2.9
2075168849,reauth_ctrl,0.9709,0.9709,0.046637,3.6
2075301965_1966,original,0.0000,0.5377,0.059806,3.8
2075301965_1966,edited,0.5471,0.5471,0.059841,5.2
2075301965_1966,reauthored,0.8637,0.8637,0.044860,4.2
2075301965_1966,reauth_ctrl,0.9503,0.9503,0.047071,3.7
2075371538,original,0.5883,0.5883,0.048206,3.7
2075371538,edited,0.5898,0.5898,0.047996,2.8
2075371538,reauthored,0.7900,0.7900,0.042980,3.0
2075371538,reauth_ctrl,0.7483,0.7483,0.043267,3.7
2075461096,original,0.5392,0.5392,0.047961,3.5
2075461096,edited,0.0000,0.5247,0.047914,2.9
2075461096,reauthored,0.9666,0.9666,0.054345,3.8
2075461096,reauth_ctrl,0.9926,0.9926,0.054632,3.4
2075487553,original,0.8948,0.8948,0.049948,3.2
2075487553,edited,0.9031,0.9031,0.050148,3.1
2075487553,reauthored,0.9170,0.9170,0.041980,3.1
2075487553,reauth_ctrl,0.9302,0.9302,0.044891,3.5
2075574129b_4130,original,0.5771,0.5771,0.047116,2.8
2075574129b_4130,edited,0.5983,0.5983,0.046321,3.5
2075574129b_4130,reauthored,0.0000,0.5049,0.038948,3.1
2075574129b_4130,reauth_ctrl,0.8248,0.8248,0.039913,5.0
2075574320a_4326,original,0.5978,0.5978,0.048775,4.5
2075574320a_4326,edited,0.5868,0.5868,0.048903,7.4
2075574320a_4326,reauthored,0.9139,0.9139,0.045385,6.7
2075574320a_4326,reauth_ctrl,0.8601,0.8601,0.045732,6.9
2075579431,original,0.5396,0.5396,0.045130,7.1
2075579431,edited,0.5438,0.5438,0.045200,8.4
2075579431,reauthored,0.8048,0.8048,0.044199,8.5
2075579431,reauth_ctrl,0.9818,0.9818,0.044211,10.1
2075756089,original,0.0000,0.4514,0.056890,9.3
2075756089,edited,0.0000,0.4834,0.056834,10.9
2075756089,reauthored,0.9297,0.9297,0.050406,7.6
2075756089,reauth_ctrl,0.9536,0.9536,0.053902,7.0
2076143292a,original,0.6250,0.6250,0.040606,7.0
2076143292a,edited,0.5826,0.5826,0.040511,7.2
2076143292a,reauthored,0.7873,0.7873,0.044290,8.4
2076143292a,reauth_ctrl,0.9357,0.9357,0.043940,8.9
2076152477e,original,0.7947,0.7947,0.037594,8.2
2076152477e,edited,0.8560,0.8560,0.037644,8.3
2076152477e,reauthored,0.7768,0.7768,0.042545,9.2
2076152477e,reauth_ctrl,0.7768,0.7768,0.042566,9.3
2076512966_2967,original,0.0000,0.4707,0.061098,9.2
2076512966_2967,edited,0.0000,0.4788,0.060838,9.4
2076512966_2967,reauthored,0.9331,0.9331,0.046320,7.4
2076512966_2967,reauth_ctrl,0.8570,0.8570,0.046415,7.6
2076727459,original,0.5467,0.5467,0.060702,9.2
2076727459,edited,0.0000,0.4813,0.060291,9.1
2076727459,reauthored,0.9645,0.9645,0.046110,10.0
2076727459,reauth_ctrl,0.9664,0.9664,0.046061,9.1
2076796036,original,0.6077,0.6077,0.043701,9.9
2076796036,edited,0.0000,0.5053,0.043524,10.4
2076796036,reauthored,0.5930,0.5930,0.038803,9.0
2076796036,reauth_ctrl,0.6670,0.6670,0.038009,8.0
2076861667a,original,0.5889,0.5889,0.047780,8.5
2076861667a,edited,0.5835,0.5835,0.047651,8.2
2076861667a,reauthored,0.8967,0.8967,0.044194,12.7
2076861667a,reauth_ctrl,0.8482,0.8482,0.043156,13.1
2076890467,original,0.5795,0.5795,0.048691,11.7
2076890467,edited,0.5544,0.5555,0.048463,11.0
2076890467,reauthored,0.7890,0.7890,0.039410,11.1
2076890467,reauth_ctrl,0.7998,0.7998,0.039429,13.7
2076900650,original,0.0000,0.1594,0.034827,11.5
2076900650,edited,0.5626,0.5626,0.039705,14.2
2076900650,reauthored,0.0000,0.1519,0.033598,12.5
2076900650,reauth_ctrl,0.5660,0.5660,0.035262,8.5
2076999660c,original,0.9346,0.9346,0.038138,10.1
2076999660c,edited,0.9434,0.9434,0.038118,10.4
2076999660c,reauthored,0.7867,0.7867,0.044713,10.7
2076999660c,reauth_ctrl,0.9031,0.9031,0.045383,11.1
2077127773,original,0.0000,0.4712,0.049124,4.8
2077127773,edited,0.0000,0.4730,0.049173,4.3
2077127773,reauthored,0.9435,0.9435,0.052713,3.9
2077127773,reauth_ctrl,0.9632,0.9632,0.052823,6.0
2077189526,original,0.0000,0.4923,0.064133,4.2
2077189526,edited,0.0000,0.5009,0.064309,4.7
2077189526,reauthored,0.9505,0.9505,0.052604,4.7
2077189526,reauth_ctrl,0.9943,0.9943,0.060895,4.7
2077306630,original,0.0000,0.4358,0.041394,5.2
2077306630,edited,0.0000,0.4447,0.041449,4.4
2077306630,reauthored,0.5922,0.5922,0.035046,4.5
2077306630,reauth_ctrl,0.9430,0.9430,0.036914,4.2
2077459439_9442,original,0.0000,0.4476,0.058749,4.0
2077459439_9442,edited,0.0000,0.4552,0.058950,4.2
2077459439_9442,reauthored,0.5883,0.5883,0.039546,3.8
2077459439_9442,reauth_ctrl,0.5669,0.5669,0.039730,3.8
2077620841a,original,0.8867,0.8867,0.038250,4.2
2077620841a,edited,0.9073,0.9073,0.038196,3.9
2077620841a,reauthored,0.8682,0.8682,0.044833,4.7
2077620841a,reauth_ctrl,0.8658,0.8658,0.044789,4.3
2077620862c_0863,original,0.8815,0.8815,0.051487,4.6
2077620862c_0863,edited,0.9327,0.9327,0.051835,6.3
2077620862c_0863,reauthored,0.6604,0.6604,0.039810,6.2
2077620862c_0863,reauth_ctrl,0.5820,0.5820,0.039443,5.0
2077785647,original,0.0000,0.4728,0.055383,6.0
2077785647,edited,0.0000,0.4681,0.055362,5.9
2077785647,reauthored,0.9721,0.9721,0.049510,5.0
2077785647,reauth_ctrl,0.9943,0.9943,0.044370,5.3
2077788970_8971,original,0.0000,0.5154,0.059557,3.5
2077788970_8971,edited,0.0000,0.5138,0.059409,3.1
2077788970_8971,reauthored,0.0000,0.5343,0.046980,3.8
2077788970_8971,reauth_ctrl,0.9096,0.9096,0.050933,3.2
2077852530,original,0.5307,0.5307,0.060293,3.3
2077852530,edited,0.5359,0.5359,0.060268,3.3
2077852530,reauthored,0.9529,0.9529,0.049165,3.0
2077852530,reauth_ctrl,0.9190,0.9190,0.048266,3.0
2077986647a,original,0.0000,0.5296,0.040056,3.1
2077986647a,edited,0.0000,0.5340,0.040175,3.0
2077986647a,reauthored,0.9858,0.9858,0.048071,3.0
2077986647a,reauth_ctrl,0.9857,0.9857,0.048403,3.0
2078021052a,original,0.5497,0.5497,0.037261,3.3
2078021052a,edited,0.5476,0.5476,0.037360,3.1
2078021052a,reauthored,0.9420,0.9420,0.046320,3.1
2078021052a,reauth_ctrl,0.9494,0.9494,0.046451,3.3
2078023348,original,0.7178,0.7178,0.046766,3.1
2078023348,edited,0.7044,0.7044,0.046608,3.1
2078023348,reauthored,0.9965,0.9965,0.048772,3.1
2078023348,reauth_ctrl,0.9798,0.9798,0.048605,3.1
2078123201c,original,0.5788,0.5788,0.037869,3.3
2078123201c,edited,0.5759,0.5759,0.037963,3.1
2078123201c,reauthored,0.6426,0.6426,0.043163,3.3
2078123201c,reauth_ctrl,0.7064,0.7064,0.042054,3.9
2078165311a_5312,original,0.5525,0.5525,0.061272,3.1
2078165311a_5312,edited,0.0000,0.5082,0.061337,3.3
2078165311a_5312,reauthored,0.9329,0.9329,0.047611,3.1
2078165311a_5312,reauth_ctrl,0.9382,0.9382,0.047310,3.6
2078186233a,original,0.5742,0.5742,0.047331,3.5
2078186233a,edited,0.5693,0.5693,0.047747,3.1
2078186233a,reauthored,0.9259,0.9259,0.043677,3.3
2078186233a,reauth_ctrl,0.9180,0.9180,0.043292,3.1
2078193737,original,0.0000,0.5212,0.041817,3.5
2078193737,edited,0.0000,0.5043,0.041727,3.1
2078193737,reauthored,0.5496,0.5496,0.035910,3.2
2078193737,reauth_ctrl,0.5441,0.5441,0.035964,3.7
2078199131a,original,0.7937,0.7937,0.037444,3.6
2078199131a,edited,0.6385,0.6385,0.037468,3.3
2078199131a,reauthored,0.8856,0.8856,0.043184,4.2
2078199131a,reauth_ctrl,0.8769,0.8769,0.043331,4.1
2078199258b,original,0.5482,0.5482,0.043853,3.8
2078199258b,edited,0.0000,0.5309,0.043861,4.4
2078199258b,reauthored,0.8893,0.8893,0.044978,3.9
2078199258b,reauth_ctrl,0.9163,0.9163,0.045774,3.4
2078206713d,original,0.9781,0.9781,0.037159,3.3
2078206713d,edited,0.9752,0.9752,0.037139,3.3
2078206713d,reauthored,0.8815,0.8815,0.045107,4.9
2078206713d,reauth_ctrl,0.9303,0.9303,0.045492,2.9
2078207760,original,0.0000,0.5094,0.060923,3.1
2078207760,edited,0.0000,0.5135,0.060887,4.7
2078207760,reauthored,0.5481,0.5481,0.042085,3.1
2078207760,reauth_ctrl,0.5490,0.5490,0.042012,4.6
2078209404,original,0.5472,0.5472,0.036655,2.9
2078209404,edited,0.5512,0.5512,0.036566,3.2
2078209404,reauthored,0.9674,0.9674,0.035799,3.3
2078209404,reauth_ctrl,0.9651,0.9651,0.035762,3.2
2078306027,original,0.5484,0.5484,0.040782,3.1
2078306027,edited,0.5523,0.5523,0.040683,3.6
2078306027,reauthored,0.5879,0.5879,0.035767,3.0
2078306027,reauth_ctrl,0.5727,0.5727,0.035614,3.0
2078310297,original,0.5699,0.5699,0.035941,3.1
2078310297,edited,0.5688,0.5688,0.035900,3.1
2078310297,reauthored,0.9811,0.9811,0.035435,3.0
2078310297,reauth_ctrl,0.9783,0.9783,0.035372,3.2
2078313974,original,0.0000,0.4700,0.045545,3.8
2078313974,edited,0.0000,0.4698,0.046016,4.5
2078313974,reauthored,0.5683,0.5683,0.036474,3.5
2078313974,reauth_ctrl,0.5654,0.5654,0.036269,3.2
2078336987,original,0.0000,0.4915,0.040372,3.1
2078336987,edited,0.0000,0.4785,0.040207,4.3
2078336987,reauthored,0.5783,0.5783,0.036248,4.5
2078336987,reauth_ctrl,0.5757,0.5757,0.036296,2.8
2078379381a,original,0.5462,0.5462,0.048108,3.2
2078379381a,edited,0.5553,0.5553,0.048245,3.3
2078379381a,reauthored,0.9785,0.9785,0.044855,2.9
2078379381a,reauth_ctrl,0.9774,0.9774,0.044941,3.0
2078439651,original,0.9186,0.9186,0.040166,3.0
2078439651,edited,0.9221,0.9221,0.040194,2.9
2078439651,reauthored,0.6589,0.6589,0.034851,3.0
2078439651,reauth_ctrl,0.6589,0.6589,0.034773,3.0
2078445819,original,0.8978,0.8978,0.039257,2.9
2078445819,edited,0.9087,0.9087,0.039129,3.4
2078445819,reauthored,0.6165,0.6165,0.035041,2.9
2078445819,reauth_ctrl,0.6165,0.6165,0.034877,2.9
2078455794,original,0.8066,0.8066,0.040569,2.9
2078455794,edited,0.7987,0.7987,0.040573,2.9
2078455794,reauthored,0.6522,0.6522,0.035722,2.9
2078455794,reauth_ctrl,0.6522,0.6522,0.035639,4.1
2078460440,original,0.9324,0.9324,0.037350,2.7
2078460440,edited,0.9337,0.9337,0.037455,2.9
2078460440,reauthored,0.8514,0.8514,0.034415,3.1
2078460440,reauth_ctrl,0.8514,0.8514,0.034421,3.2
2078563452_3453,original,0.0000,0.5280,0.065450,3.0
2078563452_3453,edited,0.0000,0.5101,0.065541,3.2
2078563452_3453,reauthored,0.0000,0.3699,0.041625,2.9
2078563452_3453,reauth_ctrl,0.0000,0.3722,0.041437,2.9
2078569332_9371,original,0.0000,0.5168,0.057699,2.8
2078569332_9371,edited,0.0000,0.5227,0.057579,2.8
2078569332_9371,reauthored,0.0000,0.4398,0.040278,2.8
2078569332_9371,reauth_ctrl,0.0000,0.4456,0.039909,2.8
2078569516_9517,original,0.5413,0.5413,0.065663,2.8
2078569516_9517,edited,0.5561,0.5561,0.066038,3.0
2078569516_9517,reauthored,0.0000,0.4245,0.041454,2.8
2078569516_9517,reauth_ctrl,0.0000,0.4317,0.041408,2.8
2078584100,original,0.8763,0.8763,0.039361,2.8
2078584100,edited,0.8857,0.8857,0.039413,2.8
2078584100,reauthored,0.8417,0.8417,0.036899,2.8
2078584100,reauth_ctrl,0.8417,0.8417,0.035208,2.8
2078611247,original,0.0000,0.5262,0.052722,2.8
2078611247,edited,0.0000,0.5347,0.053025,2.7
2078611247,reauthored,0.0000,0.4514,0.040412,2.7
2078611247,reauth_ctrl,0.0000,0.4511,0.040942,2.8
2078637086_7087,original,0.5741,0.5741,0.047005,2.8
2078637086_7087,edited,0.5718,0.5718,0.046986,2.8
2078637086_7087,reauthored,0.8557,0.8557,0.039932,2.8
2078637086_7087,reauth_ctrl,0.9120,0.9120,0.046254,3.0
2078638600,original,0.6300,0.6300,0.042738,3.1
2078638600,edited,0.6130,0.6130,0.042706,2.9
2078638600,reauthored,0.9940,0.9940,0.043782,2.9
2078638600,reauth_ctrl,0.7265,0.7265,0.035063,3.0
2078712079,original,0.5555,0.5555,0.039266,2.9
2078712079,edited,0.5566,0.5566,0.039556,2.9
2078712079,reauthored,0.0000,0.5114,0.035223,2.9
2078712079,reauth_ctrl,0.6929,0.6929,0.036094,2.9
2078718785b,original,0.5550,0.5550,0.046957,2.9
2078718785b,edited,0.0000,0.5316,0.047980,2.9
2078718785b,reauthored,0.9836,0.9836,0.042656,2.9
2078718785b,reauth_ctrl,0.9990,0.9990,0.039955,3.1
2078738415,original,0.5381,0.5381,0.040577,2.9
2078738415,edited,0.5358,0.5358,0.040669,2.8
2078738415,reauthored,0.7871,0.7871,0.038747,2.9
2078738415,reauth_ctrl,0.8476,0.8476,0.038292,2.8
2078738426,original,0.0000,0.4971,0.039516,2.9
2078738426,edited,0.0000,0.4915,0.039559,2.9
2078738426,reauthored,0.6752,0.6752,0.035692,2.9
2078738426,reauth_ctrl,0.6666,0.6666,0.035722,2.9
2078776378,original,0.0000,0.5097,0.037759,2.9
2078776378,edited,0.0000,0.5166,0.037853,2.9
2078776378,reauthored,0.0000,0.2342,0.034386,2.9
2078776378,reauth_ctrl,0.0000,0.2199,0.034371,2.8
2078778038,original,0.0000,0.5030,0.040939,3.0
2078778038,edited,0.0000,0.5059,0.040997,2.9
2078778038,reauthored,0.6290,0.6290,0.036261,2.9
2078778038,reauth_ctrl,0.5689,0.5689,0.037016,3.0
2078791283,original,0.5691,0.5691,0.037028,2.9
2078791283,edited,0.5743,0.5743,0.037062,3.1
2078791283,reauthored,0.6121,0.6121,0.034695,2.8
2078791283,reauth_ctrl,0.6037,0.6037,0.035352,2.9
2078829415,original,0.0000,0.4191,0.048704,2.9
2078829415,edited,0.0000,0.4151,0.048622,2.9
2078829415,reauthored,0.0000,0.4558,0.037620,2.9
2078829415,reauth_ctrl,0.0000,0.4687,0.037349,2.9
2078868211,original,0.5650,0.5650,0.036773,3.0
2078868211,edited,0.5644,0.5644,0.036847,3.0
2078868211,reauthored,0.5814,0.5814,0.034399,2.9
2078868211,reauth_ctrl,0.5804,0.5804,0.034236,3.0
2078870222,original,0.5561,0.5561,0.043002,2.9
2078870222,edited,0.5512,0.5512,0.043141,2.9
2078870222,reauthored,0.9400,0.9400,0.035874,2.9
2078870222,reauth_ctrl,0.9380,0.9380,0.035784,2.9
2078873173,original,0.6179,0.6179,0.038028,2.9
2078873173,edited,0.6192,0.6192,0.038058,2.9
2078873173,reauthored,0.5844,0.5844,0.034641,3.0
2078873173,reauth_ctrl,0.5814,0.5814,0.034576,2.9
2078874498,original,0.5298,0.5298,0.037561,2.9
2078874498,edited,0.5275,0.5275,0.037763,2.9
2078874498,reauthored,0.5285,0.5505,0.034341,2.9
2078874498,reauth_ctrl,0.0000,0.5279,0.034153,2.9
2078875030,original,0.0000,0.4751,0.044986,3.0
2078875030,edited,0.0000,0.4773,0.044770,2.9
2078875030,reauthored,0.0000,0.5261,0.037878,2.8
2078875030,reauth_ctrl,0.6255,0.6255,0.035741,2.8
2078876592,original,0.0000,0.4864,0.045785,2.8
2078876592,edited,0.0000,0.4926,0.045934,2.8
2078876592,reauthored,0.6467,0.6467,0.037058,2.8
2078876592,reauth_ctrl,0.6457,0.6457,0.037084,2.9
2080024502,original,0.5561,0.5561,0.053628,3.1
2080024502,edited,0.5471,0.5471,0.053544,2.8
2080024502,reauthored,0.9614,0.9614,0.051461,2.9
2080024502,reauth_ctrl,0.9627,0.9627,0.050831,2.8
2080192488_2489,original,0.5539,0.5539,0.066301,2.8
2080192488_2489,edited,0.5532,0.5532,0.066309,3.0
2080192488_2489,reauthored,0.9655,0.9655,0.047316,2.8
2080192488_2489,reauth_ctrl,0.9777,0.9777,0.047604,2.8
2080199276a_9277,original,0.5537,0.5537,0.059265,2.8
2080199276a_9277,edited,0.5360,0.5360,0.059458,2.8
2080199276a_9277,reauthored,0.7087,0.7087,0.041168,2.8
2080199276a_9277,reauth_ctrl,0.8686,0.8686,0.043528,2.8
2080436359b_6360,original,0.0000,0.4751,0.041627,2.8
2080436359b_6360,edited,0.0000,0.4849,0.041762,2.8
2080436359b_6360,reauthored,0.9584,0.9584,0.046980,2.8
2080436359b_6360,reauth_ctrl,0.9504,0.9504,0.048416,2.8
2080464525,original,0.0000,0.5213,0.062302,2.8
2080464525,edited,0.5347,0.5347,0.062557,2.9
2080464525,reauthored,0.9523,0.9523,0.055353,2.8
2080464525,reauth_ctrl,0.9122,0.9122,0.056558,2.8
2080475727,original,0.7974,0.7974,0.051235,2.8
2080475727,edited,0.7793,0.7793,0.050922,2.8
2080475727,reauthored,0.9968,0.9968,0.044689,2.8
2080475727,reauth_ctrl,0.9975,0.9975,0.045141,2.7
2080787169,original,0.0000,0.5120,0.041261,2.8
2080787169,edited,0.0000,0.5229,0.041759,2.7
2080787169,reauthored,0.6251,0.6251,0.036214,2.7
2080787169,reauth_ctrl,0.6302,0.6302,0.038391,2.9
2080843299,original,0.0000,0.4916,0.040563,2.8
2080843299,edited,0.0000,0.4883,0.040549,2.8
2080843299,reauthored,0.9829,0.9829,0.038226,2.7
2080843299,reauth_ctrl,0.9591,0.9591,0.038167,2.7
2080920004a,original,0.0000,0.4751,0.049301,2.7
2080920004a,edited,0.0000,0.4110,0.049193,2.7
2080920004a,reauthored,0.9151,0.9151,0.046176,2.7
2080920004a,reauth_ctrl,0.9268,0.9268,0.046787,2.8
2080958385,original,0.0000,0.4659,0.052852,2.7
2080958385,edited,0.0000,0.4780,0.052907,2.8
2080958385,reauthored,0.9444,0.9444,0.049368,2.7
2080958385,reauth_ctrl,0.9757,0.9757,0.052648,2.7
2081149382,original,0.5270,0.5270,0.057333,2.7
2081149382,edited,0.0000,0.5190,0.057258,2.7
2081149382,reauthored,0.8766,0.8766,0.046391,2.7
2081149382,reauth_ctrl,0.9176,0.9176,0.047249,2.8
2081172407a,original,0.0000,0.5171,0.058366,2.7
2081172407a,edited,0.0000,0.5034,0.058436,2.7
2081172407a,reauthored,0.9305,0.9305,0.048304,2.8
2081172407a,reauth_ctrl,0.7503,0.7503,0.048159,2.7
2081183829c_3830,original,0.5523,0.5523,0.043103,2.7
2081183829c_3830,edited,0.5537,0.5537,0.043147,2.7
2081183829c_3830,reauthored,0.5763,0.5763,0.040012,2.7
2081183829c_3830,reauth_ctrl,0.5822,0.5822,0.039441,2.7
2081484345,original,0.5457,0.5540,0.040409,2.7
2081484345,edited,0.5484,0.5518,0.040599,2.6
2081484345,reauthored,0.9365,0.9365,0.039900,2.6
2081484345,reauth_ctrl,0.5871,0.5871,0.035093,2.8
2081493039b,original,0.8161,0.8161,0.036930,2.8
2081493039b,edited,0.8377,0.8377,0.036977,3.1
2081493039b,reauthored,0.8864,0.8864,0.044715,3.2
2081493039b,reauth_ctrl,0.8885,0.8885,0.044736,2.8
2081502580,original,0.6399,0.6399,0.036188,2.9
2081502580,edited,0.6380,0.6380,0.036164,2.8
2081502580,reauthored,0.5941,0.5941,0.034405,2.9
2081502580,reauth_ctrl,0.5945,0.5945,0.034512,2.7
2081505304,original,0.0000,0.4049,0.044042,3.0
2081505304,edited,0.0000,0.4180,0.043873,2.6
2081505304,reauthored,0.8908,0.8908,0.037341,2.9
2081505304,reauth_ctrl,0.7848,0.7848,0.036839,2.8
2081783158_3166,original,0.0000,0.4953,0.067169,2.7
2081783158_3166,edited,0.0000,0.4904,0.067060,3.6
2081783158_3166,reauthored,0.9664,0.9664,0.046870,2.7
2081783158_3166,reauth_ctrl,0.9672,0.9672,0.047310,2.9
2081977143,original,0.6882,0.6882,0.040741,3.6
2081977143,edited,0.6879,0.6879,0.040776,6.2
2081977143,reauthored,0.8870,0.8870,0.044844,3.1
2081977143,reauth_ctrl,0.9024,0.9024,0.046668,2.8
2081995794b,original,0.5494,0.5494,0.036248,2.8
2081995794b,edited,0.5515,0.5515,0.036336,3.5
2081995794b,reauthored,0.9744,0.9744,0.045843,2.8
2081995794b,reauth_ctrl,0.9625,0.9625,0.044950,3.0
2082058850a,original,0.6476,0.6476,0.038651,2.9
2082058850a,edited,0.6435,0.6435,0.038694,2.8
2082058850a,reauthored,0.9335,0.9335,0.046131,2.7
2082058850a,reauth_ctrl,0.9335,0.9335,0.045697,3.1
2082066425a,original,0.5993,0.5993,0.042864,2.8
2082066425a,edited,0.5968,0.5968,0.042740,2.8
2082066425a,reauthored,0.5278,0.5278,0.042131,2.8
2082066425a,reauth_ctrl,0.6358,0.6358,0.042444,2.8
2082108151,original,0.0000,0.5077,0.039333,2.8
2082108151,edited,0.0000,0.4849,0.039375,2.8
2082108151,reauthored,0.5518,0.5518,0.037238,2.8
2082108151,reauth_ctrl,0.5443,0.5443,0.036058,2.8
2082197125,original,0.5628,0.5628,0.045849,2.8
2082197125,edited,0.5743,0.5743,0.046261,2.8
2082197125,reauthored,0.5823,0.5823,0.036877,2.9
2082197125,reauth_ctrl,0.5845,0.5845,0.036790,2.8
2082424994,original,0.0000,0.4796,0.059832,5.1
2082424994,edited,0.0000,0.4805,0.059763,4.7
2082424994,reauthored,0.9512,0.9512,0.050364,6.2
2082424994,reauth_ctrl,0.9464,0.9464,0.049873,5.8
2082697943,original,0.0000,0.5133,0.051327,6.0
2082697943,edited,0.0000,0.5077,0.051206,5.9
2082697943,reauthored,0.9857,0.9857,0.049453,5.8
2082697943,reauth_ctrl,0.9974,0.9974,0.043034,5.8
2082713618b,original,0.0000,0.5033,0.043916,5.7
2082713618b,edited,0.0000,0.4981,0.043987,5.8
2082713618b,reauthored,0.9817,0.9817,0.045511,5.7
2082713618b,reauth_ctrl,0.9338,0.9338,0.042833,5.7
2082835153c,original,0.0000,0.5248,0.041242,5.7
2082835153c,edited,0.5338,0.5338,0.041352,5.7
2082835153c,reauthored,0.8997,0.8997,0.042168,5.8
2082835153c,reauth_ctrl,0.6880,0.6880,0.040969,5.8
2082919511a,original,0.5734,0.5734,0.045929,6.7
2082919511a,edited,0.5664,0.5664,0.045796,5.8
2082919511a,reauthored,0.8693,0.8693,0.044015,6.4
2082919511a,reauth_ctrl,0.8553,0.8553,0.043858,5.9
2082921074a,original,0.5678,0.5678,0.043043,5.0
2082921074a,edited,0.5725,0.5725,0.043297,2.7
2082921074a,reauthored,0.8875,0.8875,0.044636,2.7
2082921074a,reauth_ctrl,0.8920,0.8920,0.045268,2.7
2082981534c,original,0.7926,0.7926,0.037694,2.7
2082981534c,edited,0.7512,0.7512,0.037739,2.7
2082981534c,reauthored,0.9105,0.9105,0.045173,3.0
2082981534c,reauth_ctrl,0.8135,0.8135,0.044999,3.1
2083183184a,original,0.5308,0.5308,0.046014,3.4
2083183184a,edited,0.0000,0.5277,0.046065,3.0
2083183184a,reauthored,0.9577,0.9577,0.044793,2.6
2083183184a,reauth_ctrl,0.9513,0.9513,0.044610,2.6
2083291895b_1896,original,0.0000,0.4254,0.044393,2.7
2083291895b_1896,edited,0.0000,0.4255,0.044346,2.7
2083291895b_1896,reauthored,0.9992,0.9992,0.042727,2.6
2083291895b_1896,reauth_ctrl,0.9991,0.9991,0.042817,2.6
2083292422a,original,0.5398,0.5398,0.037579,2.9
2083292422a,edited,0.5466,0.5466,0.038276,2.7
2083292422a,reauthored,0.9798,0.9798,0.045669,2.6
2083292422a,reauth_ctrl,0.9312,0.9312,0.043194,2.7
2083318286a,original,0.5486,0.5486,0.037860,2.7
2083318286a,edited,0.5439,0.5439,0.037645,2.7
2083318286a,reauthored,0.9646,0.9646,0.045685,2.7
2083318286a,reauth_ctrl,0.9799,0.9799,0.045264,2.9
2083318705a,original,0.0000,0.5440,0.040728,5.0
2083318705a,edited,0.0000,0.5375,0.041276,2.8
2083318705a,reauthored,0.9288,0.9288,0.044375,2.7
2083318705a,reauth_ctrl,0.9202,0.9202,0.043854,2.7
2083319555a,original,0.5738,0.5738,0.038345,2.7
2083319555a,edited,0.5792,0.5792,0.038368,2.8
2083319555a,reauthored,0.9661,0.9661,0.045646,2.8
2083319555a,reauth_ctrl,0.9662,0.9662,0.045669,2.7
2083397497,original,0.5410,0.5410,0.047706,2.7
2083397497,edited,0.5267,0.5267,0.047724,5.0
2083397497,reauthored,0.9606,0.9606,0.047252,2.9
2083397497,reauth_ctrl,0.9775,0.9775,0.048552,2.9
2083634643c,original,0.0000,0.4841,0.039155,3.9
2083634643c,edited,0.0000,0.4643,0.039055,2.8
2083634643c,reauthored,0.9553,0.9553,0.046568,3.1
2083634643c,reauth_ctrl,0.9386,0.9386,0.045779,3.0
2083647354a,original,0.5692,0.5692,0.038112,2.9
2083647354a,edited,0.5629,0.5629,0.038469,2.9
2083647354a,reauthored,0.8449,0.8449,0.044767,3.6
2083647354a,reauth_ctrl,0.8656,0.8656,0.045272,2.9
2083647591b,original,0.5785,0.5785,0.038191,2.9
2083647591b,edited,0.5689,0.5689,0.038317,2.9
2083647591b,reauthored,0.9355,0.9355,0.047540,3.0
2083647591b,reauth_ctrl,0.9296,0.9296,0.046778,3.7
2083647735c,original,0.6917,0.6917,0.039616,3.7
2083647735c,edited,0.6937,0.6937,0.039747,3.5
2083647735c,reauthored,0.9612,0.9612,0.044918,3.5
2083647735c,reauth_ctrl,0.9411,0.9411,0.044280,3.5
2083648056b,original,0.6554,0.6554,0.036888,3.0
2083648056b,edited,0.6466,0.6466,0.037014,3.0
2083648056b,reauthored,0.9756,0.9756,0.046686,3.1
2083648056b,reauth_ctrl,0.9659,0.9659,0.046333,3.2
2083648404a,original,0.5810,0.5810,0.038129,3.3
2083648404a,edited,0.5790,0.5790,0.038202,3.5
2083648404a,reauthored,0.9592,0.9592,0.046705,3.6
2083648404a,reauth_ctrl,0.9592,0.9592,0.046697,3.7
2083813274,original,0.5571,0.5571,0.051225,3.4
2083813274,edited,0.5621,0.5621,0.051575,3.9
2083813274,reauthored,0.7596,0.7596,0.047006,4.4
2083813274,reauth_ctrl,0.7714,0.7714,0.050735,4.3
2083838624,original,0.0000,0.5024,0.051408,3.4
2083838624,edited,0.0000,0.4967,0.051603,3.8
2083838624,reauthored,0.9402,0.9402,0.055265,3.6
2083838624,reauth_ctrl,0.9949,0.9949,0.053581,3.8
2084054554a,original,0.0000,0.5051,0.052752,4.6
2084054554a,edited,0.0000,0.5018,0.052907,5.2
2084054554a,reauthored,0.8698,0.8698,0.046130,4.5
2084054554a,reauth_ctrl,0.8462,0.8462,0.045715,4.1
2084085291,original,0.5743,0.5743,0.051135,3.4
2084085291,edited,0.5621,0.5621,0.051132,5.5
2084085291,reauthored,0.9583,0.9583,0.055037,5.5
2084085291,reauth_ctrl,0.9028,0.9028,0.052298,4.7
2084090727,original,0.6233,0.6233,0.047480,5.8
2084090727,edited,0.6220,0.6220,0.047341,5.8
2084090727,reauthored,0.9908,0.9908,0.057360,3.9
2084090727,reauth_ctrl,0.9867,0.9867,0.054943,4.5
2084342625,original,0.5813,0.5813,0.051938,4.0
2084342625,edited,0.6222,0.6222,0.052107,4.0
2084342625,reauthored,0.9676,0.9676,0.053296,3.8
2084342625,reauth_ctrl,0.9037,0.9037,0.047903,4.2
2084384404_4405,original,0.0000,0.4359,0.052592,6.2
2084384404_4405,edited,0.0000,0.4487,0.052702,4.2
2084384404_4405,reauthored,0.9731,0.9731,0.044942,3.8
2084384404_4405,reauth_ctrl,0.9681,0.9681,0.045826,3.8
2084609948,original,0.0000,0.4958,0.046440,4.1
2084609948,edited,0.0000,0.4946,0.046419,3.7
2084609948,reauthored,0.7409,0.7409,0.044823,4.4
2084609948,reauth_ctrl,0.7626,0.7626,0.046133,4.1
2085365349,original,0.9698,0.9698,0.058456,4.3
2085365349,edited,0.9730,0.9730,0.058616,3.8
2085365349,reauthored,0.9557,0.9557,0.049033,5.3
2085365349,reauth_ctrl,0.9562,0.9562,0.048586,4.3
2086078706,original,0.5821,0.5821,0.046184,4.3
2086078706,edited,0.5915,0.5915,0.046224,4.3
2086078706,reauthored,0.9686,0.9686,0.049460,5.0
2086078706,reauth_ctrl,0.9690,0.9690,0.049488,3.8
2086079145,original,0.5448,0.5448,0.050386,3.9
2086079145,edited,0.5382,0.5382,0.050293,4.1
2086079145,reauthored,0.9503,0.9503,0.048804,3.6
2086079145,reauth_ctrl,0.9445,0.9445,0.046844,3.6
2086080681,original,0.5469,0.5469,0.056266,4.2
2086080681,edited,0.5376,0.5376,0.056380,3.4
2086080681,reauthored,0.6024,0.6024,0.046638,3.6
2086080681,reauth_ctrl,0.8600,0.8600,0.052666,3.5
2086086547,original,0.5463,0.5463,0.055991,3.4
2086086547,edited,0.5539,0.5539,0.055889,3.5
2086086547,reauthored,0.7891,0.7891,0.054380,3.7
2086086547,reauth_ctrl,0.8257,0.8257,0.053748,3.4
24011264,original,0.5829,0.5829,0.049767,3.6
24011264,edited,0.5741,0.5741,0.049911,3.6
24011264,reauthored,0.7021,0.7021,0.040916,3.6
24011264,reauth_ctrl,0.9468,0.9468,0.040454,4.1
2500053972,original,0.5618,0.5618,0.045431,3.6
2500053972,edited,0.5611,0.5611,0.045417,3.7
2500053972,reauthored,0.9696,0.9696,0.048744,3.6
2500053972,reauth_ctrl,0.9455,0.9455,0.048772,3.7
2501123498_2501123500,original,0.5629,0.5629,0.052726,3.5
2501123498_2501123500,edited,0.5638,0.5638,0.052472,3.5
2501123498_2501123500,reauthored,0.0000,0.4657,0.038215,3.6
2501123498_2501123500,reauth_ctrl,0.0000,0.4751,0.038338,3.3
2501277134_2501277135,original,0.5505,0.5505,0.051436,3.3
2501277134_2501277135,edited,0.5483,0.5483,0.051527,3.3
2501277134_2501277135,reauthored,0.9411,0.9411,0.042907,3.2
2501277134_2501277135,reauth_ctrl,0.9393,0.9393,0.043054,3.9
2501335075,original,0.0000,0.5100,0.043412,3.5
2501335075,edited,0.5225,0.5342,0.043493,3.3
2501335075,reauthored,0.8359,0.8359,0.039002,3.5
2501335075,reauth_ctrl,0.7501,0.7501,0.038645,3.4
2501368941_2501368955,original,0.5507,0.5507,0.041306,3.2
2501368941_2501368955,edited,0.5542,0.5722,0.041436,4.6
2501368941_2501368955,reauthored,0.9375,0.9375,0.048361,3.5
2501368941_2501368955,reauth_ctrl,0.9458,0.9458,0.049956,3.6
2501410359,original,0.0000,0.5001,0.060962,3.6
2501410359,edited,0.0000,0.5106,0.061116,4.2
2501410359,reauthored,0.9975,0.9975,0.042893,4.0
2501410359,reauth_ctrl,0.9975,0.9975,0.041981,4.0
2501464853,original,0.0000,0.5017,0.048756,3.9
2501464853,edited,0.0000,0.4752,0.049114,3.4
2501464853,reauthored,0.9846,0.9846,0.048730,3.5
2501464853,reauth_ctrl,0.9720,0.9720,0.050237,3.8
2501485188,original,0.0000,0.5093,0.057672,3.5
2501485188,edited,0.0000,0.4724,0.057534,4.0
2501485188,reauthored,0.0000,0.4630,0.041440,4.1
2501485188,reauth_ctrl,0.0000,0.4990,0.041859,4.7
2501630202_2501630214,original,0.5487,0.5487,0.046214,4.7
2501630202_2501630214,edited,0.5325,0.5325,0.046296,6.8
2501630202_2501630214,reauthored,0.6679,0.6679,0.047029,7.7
2501630202_2501630214,reauth_ctrl,0.6018,0.6018,0.044842,7.0
2501639088,original,0.5416,0.5416,0.043821,5.4
2501639088,edited,0.5523,0.5523,0.043835,4.7
2501639088,reauthored,0.6721,0.6721,0.043360,5.4
2501639088,reauth_ctrl,0.6722,0.6722,0.043506,4.5
2501669056,original,0.6094,0.6094,0.039463,4.3
2501669056,edited,0.5960,0.5960,0.039623,5.0
2501669056,reauthored,0.6259,0.6259,0.039588,4.8
2501669056,reauth_ctrl,0.8490,0.8490,0.041134,5.6
2501669767,original,0.5967,0.5967,0.039692,5.0
2501669767,edited,0.5991,0.5991,0.039729,6.2
2501669767,reauthored,0.5764,0.5764,0.037174,4.8
2501669767,reauth_ctrl,0.5738,0.5738,0.037631,4.1
2501743261_3262,original,0.0000,0.5123,0.054536,4.1
2501743261_3262,edited,0.0000,0.5235,0.055030,3.7
2501743261_3262,reauthored,0.9660,0.9660,0.045289,3.7
2501743261_3262,reauth_ctrl,0.9675,0.9675,0.045600,4.2
2501761045_1090,original,0.0000,0.5005,0.043016,5.5
2501761045_1090,edited,0.0000,0.5058,0.042827,4.8
2501761045_1090,reauthored,0.9311,0.9311,0.047751,5.4
2501761045_1090,reauth_ctrl,0.9342,0.9342,0.048315,4.3
2501768589_8611,original,0.5665,0.5665,0.054544,4.5
2501768589_8611,edited,0.5725,0.5725,0.055189,4.7
2501768589_8611,reauthored,0.8711,0.8711,0.044980,5.7
2501768589_8611,reauth_ctrl,0.7940,0.7940,0.045076,4.0
2502024746_4775,original,0.5345,0.5345,0.045810,5.1
2502024746_4775,edited,0.5277,0.5277,0.045290,3.3
2502024746_4775,reauthored,0.7248,0.7248,0.047912,3.8
2502024746_4775,reauth_ctrl,0.8340,0.8340,0.047887,3.4
2502174466,original,0.5416,0.5423,0.046415,3.1
2502174466,edited,0.5350,0.5350,0.046539,3.7
2502174466,reauthored,0.8772,0.8772,0.045725,3.9
2502174466,reauth_ctrl,0.9691,0.9691,0.047240,3.4
2503000390,original,0.5342,0.5426,0.047926,4.4
2503000390,edited,0.0000,0.5294,0.047969,4.2
2503000390,reauthored,0.7143,0.7143,0.048302,4.3
2503000390,reauth_ctrl,0.7080,0.7080,0.047929,3.7
2504027415,original,0.0000,0.4849,0.053232,3.0
2504027415,edited,0.0000,0.4859,0.053356,3.9
2504027415,reauthored,0.8557,0.8557,0.048999,3.4
2504027415,reauth_ctrl,0.8635,0.8635,0.048572,3.0
2504040564_2504040566,original,0.0000,0.4840,0.063740,3.3
2504040564_2504040566,edited,0.0000,0.4917,0.063542,3.6
2504040564_2504040566,reauthored,0.9491,0.9491,0.052957,2.9
2504040564_2504040566,reauth_ctrl,0.9489,0.9489,0.050706,3.5
2505103251,original,0.5675,0.5675,0.043105,3.8
2505103251,edited,0.5607,0.5607,0.042948,3.1
2505103251,reauthored,0.9760,0.9760,0.047546,3.4
2505103251,reauth_ctrl,0.9756,0.9756,0.047470,3.5
2505106979,original,0.0000,0.5035,0.046110,3.5
2505106979,edited,0.0000,0.4997,0.046143,3.7
2505106979,reauthored,0.0000,0.4004,0.036529,3.1
2505106979,reauth_ctrl,0.0000,0.4004,0.036397,3.4
2505118265,original,0.8410,0.8410,0.057062,3.6
2505118265,edited,0.7344,0.7344,0.056993,4.1
2505118265,reauthored,0.7067,0.7067,0.046575,4.1
2505118265,reauth_ctrl,0.6212,0.6212,0.044506,3.7
2505123021,original,0.0000,0.5078,0.055527,3.7
2505123021,edited,0.0000,0.5120,0.055585,3.6
2505123021,reauthored,0.9968,0.9968,0.051152,3.2
2505123021,reauth_ctrl,0.9968,0.9968,0.047096,3.3
2505136723_6740,original,0.6080,0.6080,0.047752,3.4
2505136723_6740,edited,0.5871,0.5871,0.049324,3.1
2505136723_6740,reauthored,0.9315,0.9315,0.048465,3.2
2505136723_6740,reauth_ctrl,0.9509,0.9509,0.046996,3.2
2505146601,original,0.5423,0.5423,0.048563,3.2
2505146601,edited,0.5300,0.5300,0.048435,3.3
2505146601,reauthored,0.9787,0.9787,0.049127,3.2
2505146601,reauth_ctrl,0.9831,0.9831,0.050106,3.2
2505158951,original,0.5708,0.5708,0.044777,3.5
2505158951,edited,0.5912,0.5912,0.045127,3.7
2505158951,reauthored,0.9781,0.9781,0.047534,6.2
2505158951,reauth_ctrl,0.9636,0.9636,0.047000,5.4
2505158993,original,0.7812,0.7812,0.045570,3.8
2505158993,edited,0.7559,0.7559,0.045630,3.8
2505158993,reauthored,0.9882,0.9882,0.049527,3.3
2505158993,reauth_ctrl,0.9863,0.9863,0.050578,3.7
2505161535_1537,original,0.0000,0.4644,0.046824,3.3
2505161535_1537,edited,0.0000,0.4489,0.046640,3.5
2505161535_1537,reauthored,0.5898,0.5898,0.042707,4.5
2505161535_1537,reauth_ctrl,0.5680,0.5680,0.041366,3.4
2505163123,original,0.5620,0.5620,0.050096,3.4
2505163123,edited,0.5602,0.5602,0.050138,3.1
2505163123,reauthored,0.9793,0.9793,0.051137,3.3
2505163123,reauth_ctrl,0.8679,0.8679,0.049181,3.2
2505188964,original,0.6761,0.6761,0.055096,3.4
2505188964,edited,0.6249,0.6249,0.055194,3.3
2505188964,reauthored,0.9976,0.9976,0.041612,3.3
2505188964,reauth_ctrl,0.9975,0.9975,0.041072,3.1
2505203784,original,0.0000,0.5226,0.056850,3.2
2505203784,edited,0.0000,0.5067,0.057212,3.0
2505203784,reauthored,0.9753,0.9753,0.057565,3.2
2505203784,reauth_ctrl,0.9727,0.9727,0.049220,3.2
2505233933_3934,original,0.6397,0.6397,0.053331,3.0
2505233933_3934,edited,0.6901,0.6901,0.053212,3.2
2505233933_3934,reauthored,0.6302,0.6302,0.038744,2.9
2505233933_3934,reauth_ctrl,0.9147,0.9147,0.047516,3.2
2505233972_3973,original,0.5818,0.5818,0.055018,3.2
2505233972_3973,edited,0.5809,0.5809,0.054900,3.1
2505233972_3973,reauthored,0.0000,0.5333,0.041962,3.1
2505233972_3973,reauth_ctrl,0.5868,0.5868,0.044729,3.0
2505287858,original,0.5430,0.5430,0.052016,3.5
2505287858,edited,0.5427,0.5427,0.052149,3.1
2505287858,reauthored,0.9699,0.9699,0.043176,3.0
2505287858,reauth_ctrl,0.9950,0.9950,0.047887,3.2
2505323006,original,0.5482,0.5482,0.052895,3.0
2505323006,edited,0.0000,0.5183,0.052896,3.2
2505323006,reauthored,0.0000,0.5240,0.039650,3.2
2505323006,reauth_ctrl,0.0000,0.5336,0.039785,3.0
2505354745,original,0.0000,0.4956,0.053428,3.1
2505354745,edited,0.0000,0.4651,0.053977,3.0
2505354745,reauthored,0.9838,0.9838,0.043331,3.2
2505354745,reauth_ctrl,0.9821,0.9821,0.043084,3.2
2505377723,original,0.5615,0.5615,0.045219,3.0
2505377723,edited,0.5629,0.5629,0.045060,3.3
2505377723,reauthored,0.9353,0.9353,0.044047,3.2
2505377723,reauth_ctrl,0.9380,0.9380,0.044649,3.0
2505396023,original,0.6115,0.6115,0.044922,3.3
2505396023,edited,0.6163,0.6163,0.044731,2.9
2505396023,reauthored,0.9586,0.9586,0.047418,3.1
2505396023,reauth_ctrl,0.9591,0.9591,0.046823,3.0
2505406844,original,0.5794,0.5794,0.048820,3.0
2505406844,edited,0.5536,0.5536,0.048840,3.0
2505406844,reauthored,0.9861,0.9861,0.041106,2.9
2505406844,reauth_ctrl,0.9770,0.9770,0.041586,3.1
2505411616,original,0.6558,0.6558,0.047260,3.0
2505411616,edited,0.6674,0.6674,0.047628,3.1
2505411616,reauthored,0.9791,0.9791,0.051077,3.2
2505411616,reauth_ctrl,0.9747,0.9747,0.050894,2.9
2505411672,original,0.5526,0.5526,0.044341,3.1
2505411672,edited,0.5542,0.5542,0.044434,3.0
2505411672,reauthored,0.9704,0.9704,0.048721,3.1
2505411672,reauth_ctrl,0.9474,0.9474,0.048473,3.0
2505411799_1800,original,0.0000,0.5114,0.054849,2.9
2505411799_1800,edited,0.0000,0.5072,0.054815,3.1
2505411799_1800,reauthored,0.6298,0.6298,0.044150,2.8
2505411799_1800,reauth_ctrl,0.9101,0.9101,0.044525,3.0
2505416252_6253,original,0.5745,0.5745,0.039525,2.9
2505416252_6253,edited,0.5656,0.5656,0.039517,3.0
2505416252_6253,reauthored,0.9310,0.9310,0.045134,2.9
2505416252_6253,reauth_ctrl,0.9336,0.9336,0.045728,2.9
2505434022,original,0.5775,0.5775,0.048836,3.1
2505434022,edited,0.5865,0.5865,0.048732,2.9
2505434022,reauthored,0.9874,0.9874,0.048703,3.0
2505434022,reauth_ctrl,0.9868,0.9868,0.049186,2.9
2505445324,original,0.0000,0.5016,0.049060,3.0
2505445324,edited,0.0000,0.4986,0.049207,3.1
2505445324,reauthored,0.9485,0.9485,0.046086,3.2
2505445324,reauth_ctrl,0.8165,0.8165,0.039478,3.6
2505458435_8463,original,0.0000,0.4492,0.060462,3.0
2505458435_8463,edited,0.0000,0.4550,0.060767,3.1
2505458435_8463,reauthored,0.9602,0.9602,0.050899,3.1
2505458435_8463,reauth_ctrl,0.9776,0.9776,0.049186,2.8
40011466-1466,original,0.0000,0.5241,0.051995,3.0
40011466-1466,edited,0.0000,0.5103,0.052134,2.9
40011466-1466,reauthored,0.5979,0.5979,0.045151,2.9
40011466-1466,reauth_ctrl,0.6198,0.6198,0.044640,2.9
40025851-5855,original,0.5591,0.5591,0.046418,3.0
40025851-5855,edited,0.5671,0.5671,0.046726,3.0
40025851-5855,reauthored,0.9585,0.9585,0.038320,2.9
40025851-5855,reauth_ctrl,0.9435,0.9435,0.038388,3.1
50020207,original,0.0000,0.4938,0.047097,3.0
50020207,edited,0.0000,0.4926,0.047362,2.9
50020207,reauthored,0.0000,0.4785,0.036896,3.1
50020207,reauth_ctrl,0.0000,0.4914,0.036705,2.9
500238706+-8706,original,0.0000,0.5100,0.048030,3.1
500238706+-8706,edited,0.0000,0.5198,0.048019,2.9
500238706+-8706,reauthored,0.9974,0.9974,0.049741,3.0
500238706+-8706,reauth_ctrl,0.9928,0.9928,0.047139,3.0
500255726,original,0.5522,0.5522,0.057850,2.8
500255726,edited,0.5460,0.5460,0.057994,3.1
500255726,reauthored,0.9878,0.9878,0.051651,3.0
500255726,reauth_ctrl,0.9930,0.9930,0.049922,3.2
50033143,original,0.5378,0.5378,0.046211,3.7
50033143,edited,0.5435,0.5435,0.046893,3.6
50033143,reauthored,0.0000,0.4745,0.037100,3.8
50033143,reauth_ctrl,0.0000,0.4737,0.037224,3.5
500413987+-3987,original,0.0000,0.5026,0.068232,3.0
500413987+-3987,edited,0.0000,0.4758,0.068950,3.1
500413987+-3987,reauthored,0.5583,0.5583,0.049797,3.1
500413987+-3987,reauth_ctrl,0.7848,0.7848,0.045394,2.9
50045595,original,0.5384,0.5384,0.042830,3.1
50045595,edited,0.5447,0.5447,0.042609,2.9
50045595,reauthored,0.0000,0.4966,0.036517,3.0
50045595,reauth_ctrl,0.0000,0.4864,0.036485,3.4
500540601,original,0.6400,0.6400,0.044114,3.0
500540601,edited,0.6389,0.6389,0.044185,3.2
500540601,reauthored,0.9980,0.9980,0.039810,3.1
500540601,reauth_ctrl,0.9980,0.9980,0.039933,3.4
500815144,original,0.0000,0.5317,0.053421,3.4
500815144,edited,0.0000,0.5415,0.053460,3.1
500815144,reauthored,0.9922,0.9922,0.044466,3.0
500815144,reauth_ctrl,0.9919,0.9919,0.044978,3.0
500845588_500845589,original,0.6313,0.6313,0.068909,3.0
500845588_500845589,edited,0.6094,0.6094,0.068923,3.0
500845588_500845589,reauthored,0.9971,0.9971,0.046094,3.1
500845588_500845589,reauth_ctrl,0.9970,0.9970,0.046034,3.2
500904582,original,0.5458,0.5458,0.056870,2.9
500904582,edited,0.5339,0.5339,0.056816,3.0
500904582,reauthored,0.9981,0.9981,0.043822,3.0
500904582,reauth_ctrl,0.9981,0.9981,0.043830,2.9
50094919-4919,original,0.5556,0.5556,0.058211,3.0
50094919-4919,edited,0.5556,0.5556,0.058688,2.9
50094919-4919,reauthored,0.9975,0.9975,0.041467,3.1
50094919-4919,reauth_ctrl,0.9975,0.9975,0.041525,2.9
50109215-9215,original,0.0000,0.4712,0.065764,3.0
50109215-9215,edited,0.0000,0.4665,0.065727,3.1
50109215-9215,reauthored,0.0000,0.4917,0.041809,2.9
50109215-9215,reauth_ctrl,0.0000,0.4983,0.041792,3.1
501109644,original,0.0000,0.5548,0.066332,2.9
501109644,edited,0.0000,0.5583,0.066096,3.0
501109644,reauthored,0.9892,0.9892,0.048059,3.0
501109644,reauth_ctrl,0.9984,0.9984,0.051123,2.9
50112894-2894,original,0.0000,0.4906,0.058626,3.0
50112894-2894,edited,0.0000,0.4735,0.058491,2.9
50112894-2894,reauthored,0.0000,0.4735,0.042499,3.1
50112894-2894,reauth_ctrl,0.0000,0.4594,0.042494,2.9
501163645_501163648,original,0.0000,0.5043,0.070489,3.1
501163645_501163648,edited,0.0000,0.5204,0.070887,3.1
501163645_501163648,reauthored,0.9890,0.9890,0.046059,2.9
501163645_501163648,reauth_ctrl,0.9983,0.9983,0.046666,3.3
501200033,original,0.0000,0.5209,0.064365,3.0
501200033,edited,0.0000,0.4986,0.064358,3.1
501200033,reauthored,0.9487,0.9487,0.056957,3.2
501200033,reauth_ctrl,0.8968,0.8968,0.056912,3.0
50120566-0566,original,0.8175,0.8175,0.054828,3.3
50120566-0566,edited,0.8273,0.8273,0.054895,3.1
50120566-0566,reauthored,0.9954,0.9954,0.047944,3.0
50120566-0566,reauth_ctrl,0.9962,0.9962,0.047343,3.3
501288733+-8738,original,0.0000,0.5245,0.057820,2.9
501288733+-8738,edited,0.0000,0.5332,0.057839,3.1
501288733+-8738,reauthored,0.9935,0.9935,0.048604,3.1
501288733+-8738,reauth_ctrl,0.6987,0.6987,0.048483,2.9
50130208-0208,original,0.6007,0.6007,0.050689,3.0
50130208-0208,edited,0.5902,0.5902,0.050420,2.9
50130208-0208,reauthored,0.8415,0.8415,0.038614,3.0
50130208-0208,reauth_ctrl,0.8467,0.8467,0.038630,3.0
501359545,original,0.0000,0.4518,0.058967,3.0
501359545,edited,0.0000,0.4633,0.059368,3.1
501359545,reauthored,0.8991,0.8991,0.043245,2.9
501359545,reauth_ctrl,0.9949,0.9949,0.047842,3.1
501373719,original,0.9863,0.9863,0.053349,2.9
501373719,edited,0.9858,0.9858,0.053473,3.1
501373719,reauthored,0.9964,0.9964,0.048678,2.9
501373719,reauth_ctrl,0.9966,0.9966,0.047840,2.9
50140939-0939,original,0.5970,0.5970,0.041765,3.0
50140939-0939,edited,0.6018,0.6018,0.041814,2.8
50140939-0939,reauthored,0.5864,0.5864,0.036030,3.0
50140939-0939,reauth_ctrl,0.6007,0.6007,0.036043,2.9
50141926-1926,original,0.0000,0.5187,0.039457,3.0
50141926-1926,edited,0.0000,0.4958,0.039328,3.0
50141926-1926,reauthored,0.0000,0.4017,0.035224,2.9
50141926-1926,reauth_ctrl,0.0000,0.4004,0.035899,3.0
50146815-6815,original,0.5431,0.5431,0.053074,2.9
50146815-6815,edited,0.0000,0.5240,0.053144,3.0
50146815-6815,reauthored,0.9893,0.9893,0.046681,3.0
50146815-6815,reauth_ctrl,0.9892,0.9892,0.046577,3.3
50151245-1245,original,0.5908,0.5908,0.052313,3.4
50151245-1245,edited,0.5806,0.5806,0.052259,3.1
50151245-1245,reauthored,0.0000,0.4819,0.044813,3.4
50151245-1245,reauth_ctrl,0.6181,0.6181,0.042968,3.1
501522185_501522186,original,0.0000,0.5014,0.064633,3.4
501522185_501522186,edited,0.0000,0.5055,0.064794,3.2
501522185_501522186,reauthored,0.9762,0.9762,0.045758,3.5
501522185_501522186,reauth_ctrl,0.9863,0.9863,0.050535,3.2
50185221-5221,original,0.5572,0.5572,0.045228,3.2
50185221-5221,edited,0.5670,0.5670,0.045618,3.0
50185221-5221,reauthored,0.5202,0.5202,0.039269,3.6
50185221-5221,reauth_ctrl,0.5731,0.5731,0.040094,3.8
50189128-9128,original,0.5443,0.5461,0.050949,3.2
50189128-9128,edited,0.0000,0.5332,0.051126,3.6
50189128-9128,reauthored,0.8470,0.8470,0.042624,3.2
50189128-9128,reauth_ctrl,0.7058,0.7058,0.041943,3.1
501961404,original,0.5233,0.5233,0.049782,3.4
501961404,edited,0.0000,0.5291,0.049726,3.1
501961404,reauthored,0.9081,0.9081,0.044824,3.1
501961404,reauth_ctrl,0.9834,0.9834,0.043355,3.0
501999230,original,0.0000,0.4553,0.051432,3.0
501999230,edited,0.0000,0.4881,0.051432,2.9
501999230,reauthored,0.9984,0.9984,0.047845,3.2
501999230,reauth_ctrl,0.9984,0.9984,0.050849,3.1
502197661,original,0.0000,0.5206,0.064933,3.0
502197661,edited,0.0000,0.5009,0.064967,3.0
502197661,reauthored,0.8683,0.8683,0.048515,3.1
502197661,reauth_ctrl,0.9963,0.9963,0.053027,3.4
50221525-1526,original,0.0000,0.4507,0.066609,3.2
50221525-1526,edited,0.0000,0.4295,0.066712,3.1
50221525-1526,reauthored,0.5363,0.5401,0.043711,3.1
50221525-1526,reauth_ctrl,0.5373,0.5373,0.043639,3.1
502233354+-3354,original,0.5723,0.5723,0.042385,3.8
502233354+-3354,edited,0.5723,0.5723,0.042529,3.4
502233354+-3354,reauthored,0.9974,0.9974,0.039826,3.9
502233354+-3354,reauth_ctrl,0.9978,0.9978,0.039544,3.1
502296116+-6116,original,0.0000,0.5197,0.058557,3.4
502296116+-6116,edited,0.0000,0.5004,0.058823,3.4
502296116+-6116,reauthored,0.9872,0.9872,0.044750,3.7
502296116+-6116,reauth_ctrl,0.5392,0.5392,0.039931,3.0
502379161_502379164,original,0.8738,0.8738,0.055012,3.2
502379161_502379164,edited,0.8588,0.8588,0.054566,3.1
502379161_502379164,reauthored,0.9949,0.9949,0.043579,3.2
502379161_502379164,reauth_ctrl,0.9951,0.9951,0.043847,3.2
502420223,original,0.0000,0.5290,0.045564,3.2
502420223,edited,0.5378,0.5378,0.045619,3.2
502420223,reauthored,0.9872,0.9872,0.042487,3.2
502420223,reauth_ctrl,0.9959,0.9959,0.042951,4.1
50269112-9114,original,0.0000,0.4744,0.058480,3.0
50269112-9114,edited,0.0000,0.4644,0.058599,3.1
50269112-9114,reauthored,0.8990,0.8990,0.045398,3.2
50269112-9114,reauth_ctrl,0.9510,0.9510,0.046279,3.2
50271119-1120,original,0.0000,0.4309,0.064286,3.1
50271119-1120,edited,0.0000,0.4193,0.064483,3.2
50271119-1120,reauthored,0.0000,0.5013,0.044106,2.9
50271119-1120,reauth_ctrl,0.0000,0.4844,0.044782,3.3
50275320-5320,original,0.5708,0.5708,0.050123,3.3
50275320-5320,edited,0.5747,0.5747,0.050893,2.9
50275320-5320,reauthored,0.0000,0.4221,0.037941,3.0
50275320-5320,reauth_ctrl,0.6874,0.6874,0.041710,3.7
503065061_503065066,original,0.0000,0.4576,0.059191,3.1
503065061_503065066,edited,0.0000,0.4458,0.059185,3.0
503065061_503065066,reauthored,0.9916,0.9916,0.045022,3.0
503065061_503065066,reauth_ctrl,0.9871,0.9871,0.044627,3.0
503150345+-0346,original,0.0000,0.5451,0.067428,2.9
503150345+-0346,edited,0.0000,0.5431,0.066944,3.0
503150345+-0346,reauthored,0.9932,0.9932,0.045414,3.1
503150345+-0346,reauth_ctrl,0.9942,0.9942,0.045404,2.9
50315897-5898,original,0.5664,0.5664,0.042911,3.4
50315897-5898,edited,0.5390,0.5390,0.042862,3.2
50315897-5898,reauthored,0.6013,0.6013,0.036467,3.0
50315897-5898,reauth_ctrl,0.6018,0.6018,0.036442,2.9
503750257,original,0.5461,0.5461,0.058016,3.5
503750257,edited,0.5408,0.5408,0.058213,3.4
503750257,reauthored,0.9988,0.9988,0.047604,3.0
503750257,reauth_ctrl,0.9988,0.9988,0.047341,3.0
503951290+-1294,original,0.5882,0.5882,0.047407,3.1
503951290+-1294,edited,0.5869,0.5869,0.047463,2.9
503951290+-1294,reauthored,0.9994,0.9994,0.042047,2.9
503951290+-1294,reauth_ctrl,0.9994,0.9994,0.042052,2.9
504020937+-0937,original,0.5743,0.5743,0.046485,2.9
504020937+-0937,edited,0.5730,0.5730,0.046507,2.9
504020937+-0937,reauthored,0.9952,0.9952,0.041474,3.0
504020937+-0937,reauth_ctrl,0.9950,0.9950,0.041386,3.0
50409554-9554,original,0.0000,0.4888,0.047841,2.9
50409554-9554,edited,0.0000,0.5135,0.048172,3.4
50409554-9554,reauthored,0.5689,0.5689,0.040102,3.3
50409554-9554,reauth_ctrl,0.5727,0.5727,0.039890,3.2
50411414-1434,original,0.0000,0.5156,0.052149,3.5
50411414-1434,edited,0.5848,0.5848,0.051807,3.2
50411414-1434,reauthored,0.6487,0.6487,0.040046,3.1
50411414-1434,reauth_ctrl,0.6176,0.6180,0.041295,3.2
504189809,original,0.0000,0.5019,0.073413,3.4
504189809,edited,0.5290,0.5290,0.073099,3.2
504189809,reauthored,0.9308,0.9308,0.046814,3.2
504189809,reauth_ctrl,0.9313,0.9313,0.046108,3.2
50420835-0835,original,0.0000,0.5439,0.048982,3.2
50420835-0835,edited,0.5330,0.5330,0.049246,3.5
50420835-0835,reauthored,0.5410,0.5410,0.038388,3.1
50420835-0835,reauth_ctrl,0.0000,0.5169,0.038054,3.1
504210014,original,0.5791,0.5791,0.046153,2.9
504210014,edited,0.5737,0.5737,0.046504,2.9
504210014,reauthored,0.9967,0.9967,0.043514,2.9
504210014,reauth_ctrl,0.9971,0.9971,0.043415,2.9
504363343_504363345,original,0.5691,0.5691,0.077984,3.0
504363343_504363345,edited,0.5707,0.5707,0.078003,2.8
504363343_504363345,reauthored,0.9990,0.9990,0.053072,2.9
504363343_504363345,reauth_ctrl,0.9977,0.9977,0.052990,3.2
504417903_504417905,original,0.0000,0.4559,0.070921,3.0
504417903_504417905,edited,0.0000,0.4661,0.071265,3.3
504417903_504417905,reauthored,0.9898,0.9898,0.047357,3.2
504417903_504417905,reauth_ctrl,0.9943,0.9943,0.045319,3.1
504497258,original,0.0000,0.4748,0.055962,3.1
504497258,edited,0.0000,0.4923,0.055839,2.9
504497258,reauthored,0.9588,0.9588,0.049575,3.2
504497258,reauth_ctrl,0.8536,0.8536,0.053780,2.9
504524940,original,0.0000,0.5290,0.049898,2.9
504524940,edited,0.0000,0.5248,0.049830,3.1
504524940,reauthored,0.9856,0.9856,0.040212,3.0
504524940,reauth_ctrl,0.9875,0.9875,0.041079,3.2
504525083,original,0.0000,0.4504,0.046928,3.2
504525083,edited,0.0000,0.4661,0.046657,3.2
504525083,reauthored,0.9871,0.9871,0.046388,3.2
504525083,reauth_ctrl,0.9880,0.9880,0.044010,4.6
504525531,original,0.0000,0.4620,0.054515,5.5
504525531,edited,0.0000,0.4862,0.054978,4.0
504525531,reauthored,0.9850,0.9850,0.047322,3.0
504525531,reauth_ctrl,0.9841,0.9841,0.047635,3.0
504525619,original,0.0000,0.4658,0.054530,5.0
504525619,edited,0.0000,0.4678,0.054708,3.4
504525619,reauthored,0.9994,0.9994,0.046659,2.9
504525619,reauth_ctrl,0.9938,0.9938,0.047002,2.9
504527608,original,0.0000,0.5135,0.054811,2.9
504527608,edited,0.0000,0.4957,0.054804,2.9
504527608,reauthored,0.9106,0.9106,0.042197,3.3
504527608,reauth_ctrl,0.9973,0.9973,0.054368,3.1
50453544-3544,original,0.0000,0.4958,0.048633,3.3
50453544-3544,edited,0.0000,0.4833,0.048895,3.4
50453544-3544,reauthored,0.5418,0.5418,0.038229,3.0
50453544-3544,reauth_ctrl,0.5609,0.5609,0.038030,5.2
504544445+-4445,original,0.0000,0.5127,0.056363,3.7
504544445+-4445,edited,0.5543,0.5543,0.056371,3.1
504544445+-4445,reauthored,0.9880,0.9880,0.046617,3.1
504544445+-4445,reauth_ctrl,0.9885,0.9885,0.047220,3.1
50463616-3616,original,0.0000,0.5007,0.048639,3.1
50463616-3616,edited,0.0000,0.4987,0.048603,3.0
50463616-3616,reauthored,0.5638,0.5638,0.038113,3.1
50463616-3616,reauth_ctrl,0.5623,0.5623,0.038368,2.9
504650731+-0739,original,0.6587,0.6587,0.037894,3.0
504650731+-0739,edited,0.6614,0.6614,0.037954,2.9
504650731+-0739,reauthored,0.9970,0.9970,0.037928,3.0
504650731+-0739,reauth_ctrl,0.9970,0.9970,0.037810,2.9
504781423_504781424,original,0.0000,0.5105,0.047145,2.9
504781423_504781424,edited,0.0000,0.5127,0.047673,3.1
504781423_504781424,reauthored,0.9708,0.9708,0.039130,2.9
504781423_504781424,reauth_ctrl,0.9743,0.9743,0.039055,2.9
504866904,original,0.0000,0.4933,0.083504,2.9
504866904,edited,0.0000,0.4842,0.083958,2.9
504866904,reauthored,0.9982,0.9982,0.044457,2.9
504866904,reauth_ctrl,0.9982,0.9982,0.044965,2.9
50502972-2972,original,0.0000,0.5173,0.052136,3.0
50502972-2972,edited,0.0000,0.5085,0.052143,3.2
50502972-2972,reauthored,0.0000,0.5213,0.040584,3.0
50502972-2972,reauth_ctrl,0.0000,0.5257,0.040898,3.0
50528389-8389,original,0.0000,0.4964,0.059132,3.1
50528389-8389,edited,0.0000,0.5098,0.059223,2.9
50528389-8389,reauthored,0.0000,0.5081,0.044560,3.4
50528389-8389,reauth_ctrl,0.0000,0.5051,0.044864,3.1
505312479_505312480,original,0.0000,0.4710,0.057560,3.0
505312479_505312480,edited,0.0000,0.4852,0.058046,3.2
505312479_505312480,reauthored,0.9715,0.9715,0.042041,3.4
505312479_505312480,reauth_ctrl,0.5562,0.5562,0.040335,3.2
50533639-3641,original,0.5646,0.5646,0.057887,3.3
50533639-3641,edited,0.0000,0.5035,0.058114,3.1
50533639-3641,reauthored,0.0000,0.4552,0.041683,3.5
50533639-3641,reauth_ctrl,0.0000,0.5277,0.041498,3.0
50540937-0937,original,0.0000,0.5236,0.062735,3.0
50540937-0937,edited,0.0000,0.5328,0.062394,3.1
50540937-0937,reauthored,0.0000,0.4956,0.043907,3.1
50540937-0937,reauth_ctrl,0.0000,0.4458,0.044352,3.4
50546257-6300,original,0.5523,0.5523,0.055328,3.1
50546257-6300,edited,0.5483,0.5483,0.055262,3.3
50546257-6300,reauthored,0.5558,0.5558,0.042588,3.0
50546257-6300,reauth_ctrl,0.5650,0.5650,0.042930,3.5
50554811-4811,original,0.0000,0.4887,0.049048,3.2
50554811-4811,edited,0.0000,0.4886,0.049076,3.2
50554811-4811,reauthored,0.5834,0.5834,0.038298,3.0
50554811-4811,reauth_ctrl,0.6055,0.6055,0.038524,3.0
505552416,original,0.0000,0.5187,0.044740,3.1
505552416,edited,0.5264,0.5264,0.044744,3.0
505552416,reauthored,0.9948,0.9948,0.045000,3.0
505552416,reauth_ctrl,0.9941,0.9941,0.044497,3.1
505709083+-9083,original,0.7083,0.7083,0.050181,3.0
505709083+-9083,edited,0.6598,0.6598,0.050301,3.0
505709083+-9083,reauthored,0.9872,0.9872,0.058559,3.0
505709083+-9083,reauth_ctrl,0.9871,0.9871,0.055033,2.9
505758993+-8996,original,0.0000,0.4899,0.067656,2.9
505758993+-8996,edited,0.0000,0.4837,0.067594,3.0
505758993+-8996,reauthored,0.9249,0.9249,0.048369,3.3
505758993+-8996,reauth_ctrl,0.8188,0.8188,0.047751,2.9
505772750,original,0.5350,0.5350,0.056812,3.0
505772750,edited,0.0000,0.5255,0.057026,3.0
505772750,reauthored,0.8856,0.8856,0.045342,3.0
505772750,reauth_ctrl,0.8642,0.8642,0.045873,2.9
505850844,original,0.5426,0.5426,0.060396,3.0
505850844,edited,0.5574,0.5574,0.060729,3.2
505850844,reauthored,0.9945,0.9945,0.058903,4.1
505850844,reauth_ctrl,0.9951,0.9951,0.056070,3.4
506053435+-3435,original,0.5784,0.5784,0.048238,3.1
506053435+-3435,edited,0.5789,0.5789,0.048244,3.1
506053435+-3435,reauthored,0.9983,0.9983,0.047818,3.0
506053435+-3435,reauth_ctrl,0.9984,0.9984,0.046846,3.1
506060423,original,0.5687,0.5687,0.052091,3.0
506060423,edited,0.5552,0.5556,0.052055,3.0
506060423,reauthored,0.9917,0.9917,0.043063,3.0
506060423,reauth_ctrl,0.0000,0.4745,0.040216,3.1
506077522+-7525,original,0.5951,0.5951,0.051506,3.2
506077522+-7525,edited,0.6005,0.6005,0.051628,3.9
506077522+-7525,reauthored,0.0000,0.4960,0.040007,3.0
506077522+-7525,reauth_ctrl,0.0000,0.4940,0.039829,3.0
506144679_506144681,original,0.0000,0.5004,0.071644,3.0
506144679_506144681,edited,0.0000,0.4896,0.071613,3.0
506144679_506144681,reauthored,0.9989,0.9989,0.046790,3.1
506144679_506144681,reauth_ctrl,0.9976,0.9976,0.046009,2.9
506456673+-6673,original,0.6335,0.6335,0.041019,3.0
506456673+-6673,edited,0.6338,0.6338,0.041186,2.9
506456673+-6673,reauthored,0.0000,0.4467,0.034672,3.1
506456673+-6673,reauth_ctrl,0.0000,0.4477,0.034701,3.1
506472801_506472802,original,0.5714,0.5714,0.049589,3.0
506472801_506472802,edited,0.5670,0.5670,0.049496,3.0
506472801_506472802,reauthored,0.9839,0.9839,0.049437,3.0
506472801_506472802,reauth_ctrl,0.9956,0.9956,0.048447,2.9
50649346-9347,original,0.5668,0.5668,0.053693,2.9
50649346-9347,edited,0.5685,0.5685,0.054132,2.9
50649346-9347,reauthored,0.9599,0.9599,0.043547,2.9
50649346-9347,reauth_ctrl,0.7548,0.7548,0.043376,2.9
50650909-0909,original,0.6025,0.6025,0.050224,2.9
50650909-0909,edited,0.5802,0.5802,0.051541,2.9
50650909-0909,reauthored,0.7585,0.7585,0.045110,2.9
50650909-0909,reauth_ctrl,0.9886,0.9886,0.053822,2.9
506567705_506567707,original,0.5868,0.5868,0.052326,2.9
506567705_506567707,edited,0.6130,0.6130,0.052115,2.9
506567705_506567707,reauthored,0.9980,0.9980,0.045487,2.9
506567705_506567707,reauth_ctrl,0.9923,0.9923,0.048755,2.9
50661961-1961,original,0.0000,0.4525,0.056574,2.9
50661961-1961,edited,0.0000,0.4524,0.056866,2.9
50661961-1961,reauthored,0.0000,0.4536,0.041009,2.9
50661961-1961,reauth_ctrl,0.0000,0.4635,0.041096,3.0
506681748+-1748,original,0.0000,0.5014,0.046147,2.9
506681748+-1748,edited,0.0000,0.4905,0.046153,2.9
506681748+-1748,reauthored,0.9941,0.9941,0.041548,2.9
506681748+-1748,reauth_ctrl,0.9940,0.9940,0.040391,2.9
506733702,original,0.5861,0.5861,0.050760,2.9
506733702,edited,0.5755,0.5755,0.050467,2.9
506733702,reauthored,0.6153,0.6153,0.039761,2.9
506733702,reauth_ctrl,0.8627,0.8627,0.040198,2.9
50688901-8931,original,0.0000,0.5076,0.054111,2.9
50688901-8931,edited,0.0000,0.4925,0.054158,2.9
50688901-8931,reauthored,0.9854,0.9854,0.045800,2.9
50688901-8931,reauth_ctrl,0.9963,0.9963,0.043625,2.9
506990502,original,0.0000,0.5342,0.064841,2.9
506990502,edited,0.5435,0.5435,0.064653,2.9
506990502,reauthored,0.9986,0.9986,0.043220,2.8
506990502,reauth_ctrl,0.0000,0.4883,0.041956,2.9
506996019,original,0.9537,0.9537,0.071792,2.8
506996019,edited,0.9672,0.9672,0.072793,2.9
506996019,reauthored,0.9980,0.9980,0.044683,2.8
506996019,reauth_ctrl,0.9979,0.9979,0.043920,2.9
507026388_507026398,original,0.5766,0.5766,0.049512,2.9
507026388_507026398,edited,0.5777,0.5777,0.049744,2.9
507026388_507026398,reauthored,0.9929,0.9929,0.042007,2.9
507026388_507026398,reauth_ctrl,0.9928,0.9928,0.042027,2.8
507066741,original,0.8838,0.8838,0.050100,2.9
507066741,edited,0.8736,0.8736,0.050021,2.8
507066741,reauthored,0.9976,0.9976,0.045922,2.8
507066741,reauth_ctrl,0.9927,0.9927,0.041629,2.8
507208232,original,0.8661,0.8661,0.048175,2.8
507208232,edited,0.8553,0.8553,0.048148,2.8
507208232,reauthored,0.9962,0.9962,0.042876,2.8
507208232,reauth_ctrl,0.9944,0.9944,0.041469,2.9
507264701,original,0.0000,0.5241,0.057999,2.9
507264701,edited,0.0000,0.5335,0.058090,2.8
507264701,reauthored,0.9907,0.9907,0.045086,2.8
507264701,reauth_ctrl,0.9185,0.9185,0.043080,2.8
507460808_507460809,original,0.0000,0.5255,0.052250,3.0
507460808_507460809,edited,0.0000,0.5167,0.052598,2.8
507460808_507460809,reauthored,0.9889,0.9889,0.047454,2.9
507460808_507460809,reauth_ctrl,0.9994,0.9994,0.042591,2.8
507619830_507619831,original,0.0000,0.4905,0.067437,2.8
507619830_507619831,edited,0.0000,0.5029,0.067201,2.8
507619830_507619831,reauthored,0.9963,0.9963,0.046888,2.8
507619830_507619831,reauth_ctrl,0.9941,0.9941,0.047482,2.9
507619875,original,0.5442,0.5442,0.054731,2.9
507619875,edited,0.5480,0.5480,0.055098,2.9
507619875,reauthored,0.9969,0.9969,0.040118,2.8
507619875,reauth_ctrl,0.9949,0.9949,0.040293,2.8
507629354,original,0.0000,0.4732,0.070765,2.8
507629354,edited,0.0000,0.4675,0.071007,2.9
507629354,reauthored,0.6458,0.6458,0.061890,2.8
507629354,reauth_ctrl,0.6491,0.6491,0.059313,2.8
507961107+-1107,original,0.5758,0.5758,0.052321,2.9
507961107+-1107,edited,0.5756,0.5756,0.052509,2.8
507961107+-1107,reauthored,0.9936,0.9936,0.044118,2.8
507961107+-1107,reauth_ctrl,0.5463,0.5463,0.039839,2.8
508206764,original,0.9536,0.9536,0.057469,2.9
508206764,edited,0.9465,0.9465,0.057679,2.8
508206764,reauthored,0.9963,0.9963,0.046907,2.8
508206764,reauth_ctrl,0.9962,0.9962,0.047121,2.9
508362307,original,0.5463,0.5559,0.050490,2.9
508362307,edited,0.5525,0.5525,0.050670,2.9
508362307,reauthored,0.9855,0.9855,0.047413,2.8
508362307,reauth_ctrl,0.9857,0.9857,0.046185,2.9
508452624,original,0.6241,0.6241,0.047502,3.0
508452624,edited,0.6581,0.6581,0.047765,2.8
508452624,reauthored,0.9982,0.9982,0.042243,2.8
508452624,reauth_ctrl,0.9980,0.9980,0.042296,2.8
508559977,original,0.0000,0.4746,0.079011,2.8
508559977,edited,0.0000,0.4775,0.079128,2.8
508559977,reauthored,0.9884,0.9884,0.047808,2.8
508559977,reauth_ctrl,0.9876,0.9876,0.047481,2.8
508760788,original,0.0000,0.5217,0.064067,2.8
508760788,edited,0.0000,0.4931,0.064428,2.9
508760788,reauthored,0.9986,0.9986,0.052217,2.9
508760788,reauth_ctrl,0.9986,0.9986,0.052202,2.9
508881563+-1563,original,0.0000,0.5163,0.044452,3.1
508881563+-1563,edited,0.0000,0.5224,0.044403,3.7
508881563+-1563,reauthored,0.9974,0.9974,0.040598,3.1
508881563+-1563,reauth_ctrl,0.9974,0.9974,0.040588,3.0
508935322,original,0.5500,0.5500,0.070736,2.9
508935322,edited,0.5555,0.5555,0.070983,2.9
508935322,reauthored,0.9715,0.9715,0.046433,2.8
508935322,reauth_ctrl,0.9862,0.9862,0.047225,2.8
509159691_509159693,original,0.6618,0.6618,0.045502,2.8
509159691_509159693,edited,0.6649,0.6649,0.045456,2.8
509159691_509159693,reauthored,0.9959,0.9959,0.049245,2.8
509159691_509159693,reauth_ctrl,0.9960,0.9960,0.049348,3.0
509206571,original,0.0000,0.5320,0.039263,2.8
509206571,edited,0.0000,0.5422,0.039249,2.8
509206571,reauthored,0.9985,0.9985,0.041539,2.8
509206571,reauth_ctrl,0.9985,0.9985,0.040980,2.7
509427574+-7577,original,0.5515,0.5515,0.047399,2.8
509427574+-7577,edited,0.5569,0.5569,0.047421,2.8
509427574+-7577,reauthored,0.9898,0.9898,0.046553,2.8
509427574+-7577,reauth_ctrl,0.9759,0.9759,0.041310,2.8
509592495_509592499,original,0.0000,0.4889,0.048934,2.7
509592495_509592499,edited,0.5534,0.5534,0.049133,2.8
509592495_509592499,reauthored,0.8476,0.8476,0.043844,2.7
509592495_509592499,reauth_ctrl,0.9768,0.9768,0.045424,2.7
509644844,original,0.0000,0.5241,0.074080,2.9
509644844,edited,0.0000,0.5024,0.074531,2.7
509644844,reauthored,0.9976,0.9976,0.049756,2.8
509644844,reauth_ctrl,0.9967,0.9967,0.049560,2.7
509646836+-6836,original,0.5607,0.5607,0.055272,2.7
509646836+-6836,edited,0.5619,0.5619,0.055377,2.6
509646836+-6836,reauthored,0.9988,0.9988,0.044043,2.7
509646836+-6836,reauth_ctrl,0.0000,0.5211,0.038952,2.6
509874882_509874883,original,0.6197,0.6197,0.066887,2.6
509874882_509874883,edited,0.6239,0.6239,0.066562,2.6
509874882_509874883,reauthored,0.9930,0.9930,0.054264,3.0
509874882_509874883,reauth_ctrl,0.9907,0.9907,0.049255,5.7
510806648,original,0.0000,0.5268,0.068262,4.3
510806648,edited,0.0000,0.5267,0.068164,3.3
510806648,reauthored,0.9871,0.9871,0.053417,3.1
510806648,reauth_ctrl,0.9858,0.9858,0.054398,2.9
511044820,original,0.5951,0.5951,0.056644,2.7
511044820,edited,0.0000,0.5203,0.055349,2.7
511044820,reauthored,0.8021,0.8021,0.042573,2.8
511044820,reauth_ctrl,0.9385,0.9385,0.043002,2.6
511460918+-0918,original,0.0000,0.5255,0.055522,3.6
511460918+-0918,edited,0.0000,0.5287,0.055714,3.1
511460918+-0918,reauthored,0.9964,0.9964,0.055636,2.5
511460918+-0918,reauth_ctrl,0.9989,0.9989,0.052330,2.8
511639940+-9941,original,0.5450,0.5450,0.061066,2.6
511639940+-9941,edited,0.5404,0.5404,0.061011,2.6
511639940+-9941,reauthored,0.9987,0.9987,0.048001,3.4
511639940+-9941,reauth_ctrl,0.9988,0.9988,0.048487,2.5
511995576_511995578,original,0.0000,0.5103,0.066633,2.6
511995576_511995578,edited,0.0000,0.5241,0.066696,2.6
511995576_511995578,reauthored,0.9889,0.9889,0.043206,2.5
511995576_511995578,reauth_ctrl,0.9897,0.9897,0.043211,2.5
512421308_512421309,original,0.7890,0.7890,0.070044,2.5
512421308_512421309,edited,0.7540,0.7540,0.070044,2.5
512421308_512421309,reauthored,0.6776,0.6776,0.047447,2.5
512421308_512421309,reauth_ctrl,0.9941,0.9941,0.056673,2.6
512560073+-0073,original,0.0000,0.4797,0.054907,2.5
512560073+-0073,edited,0.0000,0.5016,0.053787,2.5
512560073+-0073,reauthored,0.9940,0.9940,0.044707,2.5
512560073+-0073,reauth_ctrl,0.9831,0.9831,0.044381,2.5
512562990_512562991,original,0.5994,0.5994,0.043247,2.5
512562990_512562991,edited,0.5833,0.5833,0.043390,2.5
512562990_512562991,reauthored,0.9957,0.9957,0.044843,2.5
512562990_512562991,reauth_ctrl,0.9957,0.9957,0.043623,2.6
512628884,original,0.5432,0.5706,0.076228,2.5
512628884,edited,0.5581,0.5727,0.076221,2.6
512628884,reauthored,0.9158,0.9158,0.046128,2.5
512628884,reauth_ctrl,0.0000,0.4523,0.043982,2.5
512718981_512718984,original,0.0000,0.5160,0.065104,2.5
512718981_512718984,edited,0.0000,0.5291,0.065315,2.5
512718981_512718984,reauthored,0.9715,0.9715,0.044594,2.5
512718981_512718984,reauth_ctrl,0.9677,0.9677,0.043895,2.7
512747766_512747769,original,0.5603,0.5603,0.064705,2.4
512747766_512747769,edited,0.5670,0.5670,0.064765,2.5
512747766_512747769,reauthored,0.9433,0.9433,0.046129,2.5
512747766_512747769,reauth_ctrl,0.5880,0.5880,0.042988,2.5
512980631,original,0.0000,0.5080,0.064118,2.4
512980631,edited,0.0000,0.5135,0.064252,2.4
512980631,reauthored,0.9329,0.9329,0.056633,2.4
512980631,reauth_ctrl,0.9933,0.9933,0.057687,2.6
513168276_513168277,original,0.0000,0.5064,0.049842,2.4
513168276_513168277,edited,0.0000,0.5152,0.049875,2.5
513168276_513168277,reauthored,0.9566,0.9566,0.045141,2.5
513168276_513168277,reauth_ctrl,0.9954,0.9954,0.049637,2.4
513261894_513261895,original,0.0000,0.4937,0.046335,2.4
513261894_513261895,edited,0.0000,0.5018,0.046509,2.4
513261894_513261895,reauthored,0.9870,0.9870,0.047266,2.4
513261894_513261895,reauth_ctrl,0.6352,0.6352,0.046187,2.6
513269283,original,0.7248,0.7248,0.053032,2.4
513269283,edited,0.6586,0.6586,0.053029,2.4
513269283,reauthored,0.9718,0.9718,0.053481,2.5
513269283,reauth_ctrl,0.9725,0.9725,0.057087,2.5
514137116+-7116,original,0.6029,0.6029,0.050966,2.4
514137116+-7116,edited,0.5963,0.5963,0.051057,2.5
514137116+-7116,reauthored,0.9889,0.9889,0.047605,2.5
514137116+-7116,reauth_ctrl,0.9930,0.9930,0.053558,2.6
514756944+-6944,original,0.0000,0.4751,0.059494,2.4
514756944+-6944,edited,0.0000,0.5122,0.060018,2.4
514756944+-6944,reauthored,0.9533,0.9533,0.051542,2.6
514756944+-6944,reauth_ctrl,0.8010,0.8010,0.048366,2.5
514766512+-6514,original,0.0000,0.5051,0.063132,2.4
514766512+-6514,edited,0.0000,0.4824,0.063101,2.4
514766512+-6514,reauthored,0.9970,0.9970,0.047181,2.4
514766512+-6514,reauth_ctrl,0.9837,0.9837,0.046633,2.5
514790163,original,0.5458,0.5491,0.052644,2.4
514790163,edited,0.5374,0.5468,0.053249,2.5
514790163,reauthored,0.9952,0.9952,0.048442,2.8
514790163,reauth_ctrl,0.9966,0.9966,0.050192,2.7
515074075_515074078,original,0.5616,0.5616,0.052577,2.6
515074075_515074078,edited,0.5766,0.5766,0.052529,3.0
515074075_515074078,reauthored,0.9841,0.9841,0.051947,3.2
515074075_515074078,reauth_ctrl,0.7942,0.7942,0.056776,3.2
515248202+-8202,original,0.0000,0.4820,0.054665,3.0
515248202+-8202,edited,0.0000,0.4910,0.054627,3.3
515248202+-8202,reauthored,0.6890,0.6890,0.048248,3.1
515248202+-8202,reauth_ctrl,0.7165,0.7165,0.048394,2.6
515615932+-5933,original,0.0000,0.4805,0.065249,2.8
515615932+-5933,edited,0.0000,0.4803,0.065185,2.7
515615932+-5933,reauthored,0.9991,0.9991,0.052775,2.6
515615932+-5933,reauth_ctrl,0.9991,0.9991,0.054523,2.7
515662234_515662237,original,0.5780,0.5780,0.060102,2.8
515662234_515662237,edited,0.5834,0.5834,0.060266,2.6
515662234_515662237,reauthored,0.9983,0.9983,0.043031,2.6
515662234_515662237,reauth_ctrl,0.9982,0.9982,0.043005,2.6
516015487+-5487,original,0.9839,0.9839,0.061614,2.6
516015487+-5487,edited,0.9836,0.9836,0.062143,2.6
516015487+-5487,reauthored,0.9949,0.9949,0.047133,2.6
516015487+-5487,reauth_ctrl,0.9948,0.9948,0.046561,2.6
516550039+-0041,original,0.0000,0.4880,0.056027,2.6
516550039+-0041,edited,0.0000,0.4851,0.056246,2.6
516550039+-0041,reauthored,0.9984,0.9984,0.044241,2.6
516550039+-0041,reauth_ctrl,0.9984,0.9984,0.044635,2.6
517138548_517138549,original,0.0000,0.5009,0.074447,2.5
517138548_517138549,edited,0.5245,0.5245,0.073692,2.7
517138548_517138549,reauthored,0.9490,0.9490,0.066581,2.7
517138548_517138549,reauth_ctrl,0.9687,0.9687,0.067199,2.7
517446435+-6435,original,0.5629,0.5629,0.067530,2.7
517446435+-6435,edited,0.5789,0.5789,0.067662,3.0
517446435+-6435,reauthored,0.9197,0.9197,0.052675,2.6
517446435+-6435,reauth_ctrl,0.6259,0.6259,0.049507,2.6
517753608+-3610,original,0.0000,0.4037,0.044605,2.7
517753608+-3610,edited,0.0000,0.3975,0.044838,2.6
517753608+-3610,reauthored,0.8475,0.8475,0.046177,2.6
517753608+-3610,reauth_ctrl,0.5773,0.5773,0.043646,2.7
518203509_518203510,original,0.7290,0.7290,0.047290,2.8
518203509_518203510,edited,0.6988,0.6988,0.048025,2.6
518203509_518203510,reauthored,0.9965,0.9965,0.048767,2.6
518203509_518203510,reauth_ctrl,0.5972,0.5972,0.044154,2.7
518304458+-4459,original,0.0000,0.4816,0.075777,2.6
518304458+-4459,edited,0.5408,0.5408,0.077229,3.0
518304458+-4459,reauthored,0.5973,0.5973,0.062247,2.7
518304458+-4459,reauth_ctrl,0.9696,0.9696,0.059230,2.7
518334135+-4135,original,0.5439,0.5439,0.049855,2.6
518334135+-4135,edited,0.5288,0.5320,0.050220,2.6
518334135+-4135,reauthored,0.6129,0.6129,0.038912,2.9
518334135+-4135,reauth_ctrl,0.6240,0.6240,0.038378,2.5
518446049+-6049,original,0.0000,0.4843,0.053677,2.5
518446049+-6049,edited,0.0000,0.4827,0.053562,2.6
518446049+-6049,reauthored,0.9947,0.9947,0.048398,2.6
518446049+-6049,reauth_ctrl,0.9681,0.9681,0.050373,2.5
518931222+-1222,original,0.0000,0.4562,0.048740,2.5
518931222+-1222,edited,0.0000,0.4793,0.049157,2.6
518931222+-1222,reauthored,0.9975,0.9975,0.040418,3.0
518931222+-1222,reauth_ctrl,0.9975,0.9975,0.040295,2.7
518931978+-1978,original,0.0000,0.4386,0.053487,2.6
518931978+-1978,edited,0.0000,0.4381,0.053471,2.9
518931978+-1978,reauthored,0.8881,0.8881,0.049175,2.8
518931978+-1978,reauth_ctrl,0.9198,0.9198,0.054016,2.8
519785808+-5810,original,0.0000,0.5250,0.055522,2.7
519785808+-5810,edited,0.0000,0.5381,0.055433,2.8
519785808+-5810,reauthored,0.9952,0.9952,0.043852,3.1
519785808+-5810,reauth_ctrl,0.9851,0.9851,0.044003,2.7
520547211+-7214,original,0.0000,0.4999,0.064964,2.9
520547211+-7214,edited,0.0000,0.4997,0.065352,2.8
520547211+-7214,reauthored,0.0000,0.4944,0.044402,2.8
520547211+-7214,reauth_ctrl,0.0000,0.4938,0.044475,2.9
520775826+-5836,original,0.6419,0.6419,0.044859,2.8
520775826+-5836,edited,0.6449,0.6449,0.045466,2.7
520775826+-5836,reauthored,0.9546,0.9546,0.040281,2.6
520775826+-5836,reauth_ctrl,0.9595,0.9595,0.043414,2.7
521536950+-6950,original,0.5458,0.5458,0.064278,2.6
521536950+-6950,edited,0.5320,0.5320,0.064222,2.6
521536950+-6950,reauthored,0.9992,0.9992,0.046948,2.6
521536950+-6950,reauth_ctrl,0.9992,0.9992,0.051214,2.6
521702177+-2180,original,0.5356,0.5356,0.059270,2.7
521702177+-2180,edited,0.7513,0.7513,0.059392,2.6
521702177+-2180,reauthored,0.9670,0.9670,0.063062,2.6
521702177+-2180,reauth_ctrl,0.9964,0.9964,0.058863,2.6
521820980+-0985,original,0.0000,0.5103,0.051632,2.6
521820980+-0985,edited,0.6245,0.6245,0.055230,2.6
521820980+-0985,reauthored,0.9895,0.9895,0.043009,2.6
521820980+-0985,reauth_ctrl,0.9781,0.9781,0.044401,2.6
522662080+-2080,original,0.6592,0.6592,0.041321,2.6
522662080+-2080,edited,0.6571,0.6571,0.041280,2.6
522662080+-2080,reauthored,0.9951,0.9951,0.045666,2.6
522662080+-2080,reauth_ctrl,0.9951,0.9951,0.045769,2.6
522691962+-1962,original,0.6089,0.6089,0.057790,2.6
522691962+-1962,edited,0.6051,0.6051,0.057695,2.6
522691962+-1962,reauthored,0.9361,0.9361,0.050059,2.5
522691962+-1962,reauth_ctrl,0.0000,0.5024,0.046787,2.6
522713490+-3491,original,0.0000,0.4833,0.041769,2.6
522713490+-3491,edited,0.0000,0.4875,0.042032,2.5
522713490+-3491,reauthored,0.9917,0.9917,0.044580,2.5
522713490+-3491,reauth_ctrl,0.9878,0.9878,0.048279,2.5
522754138+-4138,original,0.0000,0.4998,0.064126,2.5
522754138+-4138,edited,0.0000,0.4770,0.064073,2.5
522754138+-4138,reauthored,0.9977,0.9977,0.054752,2.5
522754138+-4138,reauth_ctrl,0.9897,0.9897,0.053998,2.5
522761332+-1333,original,0.9864,0.9864,0.063424,2.5
522761332+-1333,edited,0.9909,0.9909,0.063190,2.5
522761332+-1333,reauthored,0.9975,0.9975,0.082697,2.5
522761332+-1333,reauth_ctrl,0.9990,0.9990,0.084418,2.5
522866058+-6058,original,0.0000,0.4326,0.073736,2.5
522866058+-6058,edited,0.0000,0.5033,0.068727,2.5
522866058+-6058,reauthored,0.9974,0.9974,0.080889,2.5
522866058+-6058,reauth_ctrl,0.9887,0.9887,0.075110,2.5
523166849+-6849,original,0.6738,0.6738,0.045649,2.5
523166849+-6849,edited,0.6493,0.6493,0.045423,2.5
523166849+-6849,reauthored,0.9986,0.9986,0.040566,2.4
523166849+-6849,reauth_ctrl,0.9984,0.9984,0.040355,2.5
524064628+-4628,original,0.7356,0.7356,0.042310,2.5
524064628+-4628,edited,0.7182,0.7182,0.042284,2.5
524064628+-4628,reauthored,0.9993,0.9993,0.041292,2.5
524064628+-4628,reauth_ctrl,0.9951,0.9951,0.041522,2.5
524217890+-7890,original,0.0000,0.5333,0.051401,2.4
524217890+-7890,edited,0.0000,0.5416,0.051456,2.4
524217890+-7890,reauthored,0.9977,0.9977,0.042531,2.5
524217890+-7890,reauth_ctrl,0.9977,0.9977,0.042104,2.4
526457032+-7033,original,0.5379,0.5379,0.053116,2.4
526457032+-7033,edited,0.0000,0.5282,0.052945,2.4
526457032+-7033,reauthored,0.7471,0.7471,0.045953,2.4
526457032+-7033,reauth_ctrl,0.9133,0.9133,0.043898,2.4
527792930+-2930,original,0.9325,0.9325,0.042685,2.6
527792930+-2930,edited,0.9053,0.9053,0.042762,2.4
527792930+-2930,reauthored,0.9971,0.9971,0.041576,2.4
527792930+-2930,reauth_ctrl,0.9980,0.9980,0.042069,2.4
527814380+-4380,original,0.9551,0.9551,0.045651,2.4
527814380+-4380,edited,0.9391,0.9391,0.045743,2.4
527814380+-4380,reauthored,0.9947,0.9947,0.042711,2.4
527814380+-4380,reauth_ctrl,0.9961,0.9961,0.042064,2.4
527826533+-6533,original,0.9519,0.9519,0.042307,2.4
527826533+-6533,edited,0.9282,0.9282,0.042278,2.4
527826533+-6533,reauthored,0.9976,0.9976,0.040828,2.4
527826533+-6533,reauth_ctrl,0.9980,0.9980,0.040324,2.4
527826573+-6574,original,0.0000,0.5295,0.061100,2.4
527826573+-6574,edited,0.5487,0.5487,0.061181,2.4
527826573+-6574,reauthored,0.5849,0.5849,0.044941,2.4
527826573+-6574,reauth_ctrl,0.8806,0.8806,0.048083,2.4
527865252+-5252,original,0.8761,0.8761,0.041273,2.4
527865252+-5252,edited,0.8768,0.8768,0.041715,2.4
527865252+-5252,reauthored,0.9953,0.9953,0.041469,2.4
527865252+-5252,reauth_ctrl,0.9951,0.9951,0.041036,2.4
527865346+-5347,original,0.0000,0.5160,0.054925,2.4
527865346+-5347,edited,0.0000,0.5011,0.054950,2.4
527865346+-5347,reauthored,0.9966,0.9966,0.047324,2.4
527865346+-5347,reauth_ctrl,0.9971,0.9971,0.046978,2.4
527868157+-8206,original,0.0000,0.5398,0.067561,2.4
527868157+-8206,edited,0.0000,0.5352,0.067778,2.4
527868157+-8206,reauthored,0.0000,0.4539,0.045876,2.4
527868157+-8206,reauth_ctrl,0.0000,0.4704,0.046055,2.4
527907594+-7594,original,0.9535,0.9535,0.044739,2.5
527907594+-7594,edited,0.9795,0.9795,0.042051,2.4
527907594+-7594,reauthored,0.9986,0.9986,0.041828,2.4
527907594+-7594,reauth_ctrl,0.9983,0.9983,0.042284,2.4
527913905+-3905,original,0.5650,0.5650,0.062373,2.4
527913905+-3905,edited,0.5692,0.5692,0.062380,2.4
527913905+-3905,reauthored,0.9960,0.9960,0.045871,2.4
527913905+-3905,reauth_ctrl,0.8163,0.8163,0.044968,2.4
528006336+-6336,original,0.9341,0.9341,0.049928,2.4
528006336+-6336,edited,0.9324,0.9324,0.049924,2.4
528006336+-6336,reauthored,0.9981,0.9981,0.044067,2.4
528006336+-6336,reauth_ctrl,0.9981,0.9981,0.044105,2.4
528008062+-8062,original,0.6502,0.6502,0.049985,2.4
528008062+-8062,edited,0.6028,0.6028,0.049897,2.5
528008062+-8062,reauthored,0.9645,0.9645,0.047148,2.4
528008062+-8062,reauth_ctrl,0.9645,0.9645,0.047082,2.4
528016823+-6823,original,0.5814,0.5814,0.057136,2.5
528016823+-6823,edited,0.5821,0.5821,0.057226,2.4
528016823+-6823,reauthored,0.9971,0.9971,0.046796,2.4
528016823+-6823,reauth_ctrl,0.9971,0.9971,0.046858,2.4
528023163+-3163,original,0.0000,0.4446,0.055244,2.4
528023163+-3163,edited,0.0000,0.4582,0.055347,2.4
528023163+-3163,reauthored,0.9955,0.9955,0.044573,2.4
528023163+-3163,reauth_ctrl,0.9985,0.9985,0.043967,2.4
528026434+-6434,original,0.8608,0.8608,0.041855,2.4
528026434+-6434,edited,0.8223,0.8223,0.041804,2.4
528026434+-6434,reauthored,0.9985,0.9985,0.040516,2.4
528026434+-6434,reauth_ctrl,0.9984,0.9984,0.040556,2.4
528028533+-8534,original,0.0000,0.4549,0.065993,2.4
528028533+-8534,edited,0.0000,0.4631,0.065945,2.4
528028533+-8534,reauthored,0.9895,0.9895,0.049625,2.5
528028533+-8534,reauth_ctrl,0.9208,0.9208,0.050293,2.4
528343357+-3358,original,0.5489,0.5489,0.063683,2.4
528343357+-3358,edited,0.5462,0.5462,0.063720,2.4
528343357+-3358,reauthored,0.6695,0.6695,0.046144,2.4
528343357+-3358,reauth_ctrl,0.9081,0.9081,0.046795,2.4
528345909+-5909,original,0.0000,0.5098,0.056510,2.4
528345909+-5909,edited,0.0000,0.5317,0.056848,2.4
528345909+-5909,reauthored,0.9869,0.9869,0.048214,2.4
528345909+-5909,reauth_ctrl,0.9873,0.9873,0.046979,2.4
528348116+-8116,original,0.8360,0.8360,0.046477,2.4
528348116+-8116,edited,0.8516,0.8516,0.046787,2.4
528348116+-8116,reauthored,0.9895,0.9895,0.041870,2.4
528348116+-8116,reauth_ctrl,0.9893,0.9893,0.041613,2.4
528395935+-5935,original,0.8792,0.8792,0.044522,2.4
528395935+-5935,edited,0.9036,0.9036,0.044653,2.5
528395935+-5935,reauthored,0.9987,0.9987,0.043646,2.4
528395935+-5935,reauth_ctrl,0.9987,0.9987,0.043862,2.4
528399921+-9921,original,0.6079,0.6079,0.048485,2.4
528399921+-9921,edited,0.5942,0.5942,0.048565,2.4
528399921+-9921,reauthored,0.9977,0.9977,0.042289,2.4
528399921+-9921,reauth_ctrl,0.9977,0.9977,0.042253,2.4
528403451+-3453,original,0.5587,0.5587,0.061674,2.4
528403451+-3453,edited,0.5604,0.5604,0.061708,2.4
528403451+-3453,reauthored,0.9969,0.9969,0.046963,2.4
528403451+-3453,reauth_ctrl,0.9802,0.9802,0.047724,2.5
528407164+-7164,original,0.9833,0.9833,0.044512,2.4
528407164+-7164,edited,0.9846,0.9846,0.044479,2.4
528407164+-7164,reauthored,0.9939,0.9939,0.043097,2.4
528407164+-7164,reauth_ctrl,0.9939,0.9939,0.043090,2.4
528432180+-2180,original,0.8065,0.8065,0.043304,2.4
528432180+-2180,edited,0.8232,0.8232,0.043321,2.4
528432180+-2180,reauthored,0.9989,0.9989,0.040131,2.4
528432180+-2180,reauth_ctrl,0.9989,0.9989,0.040274,2.5
528583179+-3179,original,0.5584,0.5584,0.048530,2.4
528583179+-3179,edited,0.5577,0.5577,0.048492,2.4
528583179+-3179,reauthored,0.9916,0.9916,0.043113,2.4
528583179+-3179,reauth_ctrl,0.9916,0.9916,0.043128,2.4
528693250+-3251,original,0.5644,0.5644,0.077379,2.4
528693250+-3251,edited,0.5625,0.5625,0.077473,2.4
528693250+-3251,reauthored,0.9993,0.9993,0.046818,2.4
528693250+-3251,reauth_ctrl,0.9993,0.9993,0.046867,2.4
528748157+-8157,original,0.8355,0.8355,0.052033,2.4
528748157+-8157,edited,0.8345,0.8345,0.051897,2.4
528748157+-8157,reauthored,0.9995,0.9995,0.044273,2.4
528748157+-8157,reauth_ctrl,0.9995,0.9995,0.044283,2.4
528759006+-9007,original,0.5828,0.5828,0.065849,2.4
528759006+-9007,edited,0.5810,0.5810,0.065741,2.5
528759006+-9007,reauthored,0.9947,0.9947,0.048014,2.4
528759006+-9007,reauth_ctrl,0.9734,0.9734,0.045155,2.4
528790254+-0260,original,0.8642,0.8642,0.047519,2.4
528790254+-0260,edited,0.8692,0.8692,0.047444,2.4
528790254+-0260,reauthored,0.9976,0.9976,0.042757,2.4
528790254+-0260,reauth_ctrl,0.9979,0.9979,0.041951,2.4
528795352+-5352,original,0.8615,0.8615,0.053575,2.4
528795352+-5352,edited,0.8696,0.8696,0.053573,2.4
528795352+-5352,reauthored,0.9972,0.9972,0.042913,2.4
528795352+-5352,reauth_ctrl,0.9972,0.9972,0.042855,2.4
528797477+-7478,original,0.7141,0.7141,0.044161,2.4
528797477+-7478,edited,0.7001,0.7001,0.044188,2.4
528797477+-7478,reauthored,0.9980,0.9980,0.039868,2.4
528797477+-7478,reauth_ctrl,0.9949,0.9949,0.039874,2.4
528798018+-8018,original,0.0000,0.5230,0.054018,2.5
528798018+-8018,edited,0.0000,0.5316,0.054007,2.4
528798018+-8018,reauthored,0.9964,0.9964,0.045691,2.4
528798018+-8018,reauth_ctrl,0.9354,0.9354,0.046524,2.4
528806817+-6824,original,0.9729,0.9729,0.055052,2.4
528806817+-6824,edited,0.9718,0.9718,0.055213,2.4
528806817+-6824,reauthored,0.9988,0.9988,0.045692,2.4
528806817+-6824,reauth_ctrl,0.9988,0.9988,0.045890,2.4
528808024+-8024,original,0.6230,0.6230,0.057327,2.4
528808024+-8024,edited,0.6086,0.6086,0.057327,2.4
528808024+-8024,reauthored,0.9628,0.9628,0.047917,2.4
528808024+-8024,reauth_ctrl,0.9926,0.9926,0.048592,2.4
528808446+-8446,original,0.6429,0.6429,0.051875,2.4
528808446+-8446,edited,0.6526,0.6526,0.051787,2.4
528808446+-8446,reauthored,0.9699,0.9699,0.044330,2.4
528808446+-8446,reauth_ctrl,0.9900,0.9900,0.043481,2.4
528832035+-2035,original,0.9345,0.9345,0.042681,2.4
528832035+-2035,edited,0.9364,0.9364,0.042699,2.4
528832035+-2035,reauthored,0.9984,0.9984,0.039661,2.4
528832035+-2035,reauth_ctrl,0.9984,0.9984,0.039614,2.4
528853966+-3966,original,0.8545,0.8545,0.043591,2.4
528853966+-3966,edited,0.7752,0.7752,0.043626,2.4
528853966+-3966,reauthored,0.9968,0.9968,0.041048,2.4
528853966+-3966,reauth_ctrl,0.9968,0.9968,0.041474,2.4
528868015+-8016,original,0.7298,0.7298,0.047084,2.4
528868015+-8016,edited,0.7497,0.7497,0.047634,2.4
528868015+-8016,reauthored,0.9991,0.9991,0.042444,2.4
528868015+-8016,reauth_ctrl,0.9991,0.9991,0.042195,2.4
528897844+-7847,original,0.7549,0.7549,0.045600,2.4
528897844+-7847,edited,0.7596,0.7596,0.045421,2.4
528897844+-7847,reauthored,0.9891,0.9891,0.042922,2.4
528897844+-7847,reauth_ctrl,0.9934,0.9934,0.042276,2.4
528981650+-1651,original,0.0000,0.4655,0.070236,2.4
528981650+-1651,edited,0.0000,0.4383,0.070054,2.4
528981650+-1651,reauthored,0.9986,0.9986,0.047801,2.4
528981650+-1651,reauth_ctrl,0.8771,0.8771,0.047287,2.4
529210325+-0326,original,0.9586,0.9586,0.043640,2.4
529210325+-0326,edited,0.9492,0.9492,0.043873,2.4
529210325+-0326,reauthored,0.9984,0.9984,0.040569,2.4
529210325+-0326,reauth_ctrl,0.9984,0.9984,0.040742,2.4
529319719+-9719,original,0.9568,0.9568,0.043273,2.4
529319719+-9719,edited,0.9558,0.9558,0.043181,2.4
529319719+-9719,reauthored,0.9975,0.9975,0.039579,2.4
529319719+-9719,reauth_ctrl,0.9979,0.9979,0.039606,2.4
529336494+-6496,original,0.6948,0.6948,0.051648,2.4
529336494+-6496,edited,0.7093,0.7093,0.051586,2.4
529336494+-6496,reauthored,0.9940,0.9940,0.048274,2.4
529336494+-6496,reauth_ctrl,0.9940,0.9940,0.047810,2.4
530248760+-8760,original,0.7483,0.7483,0.045303,2.4
530248760+-8760,edited,0.7596,0.7596,0.046037,2.4
530248760+-8760,reauthored,0.9962,0.9962,0.041596,2.4
530248760+-8760,reauth_ctrl,0.9993,0.9993,0.040525,2.4
530274849+-4851,original,0.0000,0.5083,0.068379,2.4
530274849+-4851,edited,0.0000,0.4818,0.068462,2.4
530274849+-4851,reauthored,0.9820,0.9820,0.048622,2.4
530274849+-4851,reauth_ctrl,0.9821,0.9821,0.048629,2.4
530285747+-5749,original,0.0000,0.4326,0.073069,2.4
530285747+-5749,edited,0.0000,0.4720,0.073123,2.4
530285747+-5749,reauthored,0.9418,0.9418,0.049713,2.4
530285747+-5749,reauth_ctrl,0.9082,0.9082,0.049774,2.4
530289371+-9384,original,0.5356,0.5356,0.060417,2.4
530289371+-9384,edited,0.0000,0.5289,0.060555,2.4
530289371+-9384,reauthored,0.9966,0.9966,0.052264,2.4
530289371+-9384,reauth_ctrl,0.9967,0.9967,0.050963,2.4
530299585+-9585,original,0.9314,0.9314,0.046037,2.4
530299585+-9585,edited,0.9314,0.9314,0.046218,2.4
530299585+-9585,reauthored,0.9986,0.9986,0.043074,2.4
530299585+-9585,reauth_ctrl,0.9985,0.9985,0.043444,2.4
530542123+-2123,original,0.7844,0.7844,0.057010,2.4
530542123+-2123,edited,0.8075,0.8075,0.057307,2.4
530542123+-2123,reauthored,0.9984,0.9984,0.045934,2.4
530542123+-2123,reauth_ctrl,0.9984,0.9984,0.047039,2.4
530774974+-4976,original,0.0000,0.5164,0.067828,2.4
530774974+-4976,edited,0.0000,0.5065,0.067835,2.4
530774974+-4976,reauthored,0.9118,0.9118,0.046950,2.4
530774974+-4976,reauth_ctrl,0.8909,0.8909,0.046893,2.4
530776501+-6501,original,0.9580,0.9580,0.042716,2.4
530776501+-6501,edited,0.9593,0.9593,0.042777,2.4
530776501+-6501,reauthored,0.9982,0.9982,0.039302,2.4
530776501+-6501,reauth_ctrl,0.9987,0.9987,0.043024,2.4
530905773+-5774,original,0.8455,0.8455,0.045838,2.4
530905773+-5774,edited,0.8074,0.8074,0.045779,2.4
530905773+-5774,reauthored,0.9974,0.9974,0.043174,2.4
530905773+-5774,reauth_ctrl,0.9973,0.9973,0.043002,2.4
530970428+-0428,original,0.5619,0.5619,0.053335,2.4
530970428+-0428,edited,0.5626,0.5626,0.053417,2.5
530970428+-0428,reauthored,0.9929,0.9929,0.042130,2.5
530970428+-0428,reauth_ctrl,0.9929,0.9929,0.042147,2.4
530971275+-1276,original,0.5714,0.5714,0.063559,2.5
530971275+-1276,edited,0.5731,0.5731,0.063539,2.4
530971275+-1276,reauthored,0.9982,0.9982,0.046334,2.4
530971275+-1276,reauth_ctrl,0.9980,0.9980,0.046982,2.4
531244393+-4394,original,0.0000,0.5235,0.066505,2.4
531244393+-4394,edited,0.0000,0.5060,0.066644,2.4
531244393+-4394,reauthored,0.9986,0.9986,0.047843,2.4
531244393+-4394,reauth_ctrl,0.9986,0.9986,0.047770,2.4
531295618+-5618,original,0.8197,0.8197,0.043130,2.5
531295618+-5618,edited,0.8169,0.8169,0.043140,2.5
531295618+-5618,reauthored,0.9991,0.9991,0.041863,2.4
531295618+-5618,reauth_ctrl,0.9958,0.9958,0.040081,2.4
531295788+-5788,original,0.0000,0.5072,0.056564,2.4
531295788+-5788,edited,0.0000,0.5020,0.056571,2.4
531295788+-5788,reauthored,0.8669,0.8669,0.042373,2.4
531295788+-5788,reauth_ctrl,0.8652,0.8652,0.042321,2.4
531320619+-0670,original,0.9875,0.9875,0.042717,2.4
531320619+-0670,edited,0.9868,0.9868,0.042713,2.4
531320619+-0670,reauthored,0.9986,0.9986,0.040147,2.4
531320619+-0670,reauth_ctrl,0.9986,0.9986,0.040126,2.4
531326623+-6626,original,0.7191,0.7191,0.044104,2.4
531326623+-6626,edited,0.7075,0.7075,0.044311,2.4
531326623+-6626,reauthored,0.9989,0.9989,0.042503,2.4
531326623+-6626,reauth_ctrl,0.9989,0.9989,0.042291,2.4
531415644+-5679,original,0.0000,0.4564,0.065209,2.4
531415644+-5679,edited,0.0000,0.4577,0.065341,2.4
531415644+-5679,reauthored,0.5720,0.5720,0.046693,2.4
531415644+-5679,reauth_ctrl,0.5720,0.5720,0.046844,2.4
531416209+-6242,original,0.9546,0.9546,0.052516,2.4
531416209+-6242,edited,0.9587,0.9587,0.052726,2.4
531416209+-6242,reauthored,0.9985,0.9985,0.043665,2.4
531416209+-6242,reauth_ctrl,0.9985,0.9985,0.043661,2.4
531536178+-6178,original,0.5882,0.5882,0.057434,2.4
531536178+-6178,edited,0.5836,0.5836,0.057882,2.4
531536178+-6178,reauthored,0.7561,0.7561,0.041273,2.4
531536178+-6178,reauth_ctrl,0.7683,0.7683,0.041389,2.4
531571089+-1090,original,0.0000,0.4998,0.061927,2.4
531571089+-1090,edited,0.0000,0.5036,0.061864,2.4
531571089+-1090,reauthored,0.9974,0.9974,0.046693,2.4
531571089+-1090,reauth_ctrl,0.9260,0.9260,0.043295,2.5
531572389+-2390,original,0.5611,0.5611,0.055188,2.4
531572389+-2390,edited,0.5711,0.5711,0.055122,2.5
531572389+-2390,reauthored,0.9961,0.9961,0.045492,2.4
531572389+-2390,reauth_ctrl,0.9962,0.9962,0.045338,2.4
531604736+-4738,original,0.6552,0.6552,0.044445,2.4
531604736+-4738,edited,0.6655,0.6655,0.044333,2.4
531604736+-4738,reauthored,0.9962,0.9962,0.042085,2.4
531604736+-4738,reauth_ctrl,0.9975,0.9975,0.043759,2.4
531605859+-5866,original,0.0000,0.4845,0.064448,2.4
531605859+-5866,edited,0.0000,0.4845,0.064810,2.5
531605859+-5866,reauthored,0.9981,0.9981,0.046037,2.4
531605859+-5866,reauth_ctrl,0.9925,0.9925,0.046129,2.5
531716126+-6129,original,0.0000,0.4980,0.066857,2.4
531716126+-6129,edited,0.0000,0.4779,0.067044,2.4
531716126+-6129,reauthored,0.0000,0.4971,0.047041,2.4
531716126+-6129,reauth_ctrl,0.9984,0.9984,0.048282,2.4
60018957,original,0.0000,0.4374,0.070055,2.4
60018957,edited,0.0000,0.4397,0.069877,2.4
60018957,reauthored,0.9717,0.9717,0.045332,2.4
60018957,reauth_ctrl,0.9696,0.9696,0.045845,2.4
60025120_60025122,original,0.0000,0.5236,0.063811,2.5
60025120_60025122,edited,0.0000,0.5216,0.063894,2.4
60025120_60025122,reauthored,0.5519,0.5519,0.041293,2.4
60025120_60025122,reauth_ctrl,0.0000,0.4962,0.041137,2.4
613347,original,0.0000,0.4323,0.052109,2.4
613347,edited,0.0000,0.4361,0.052100,2.4
613347,reauthored,0.8590,0.8590,0.048496,2.5
613347,reauth_ctrl,0.8590,0.8590,0.048475,2.4
70012383-2383,original,0.5867,0.5867,0.044417,2.5
70012383-2383,edited,0.5930,0.5930,0.044312,2.4
70012383-2383,reauthored,0.0000,0.5437,0.037140,2.4
70012383-2383,reauth_ctrl,0.0000,0.5384,0.037169,2.4
70012825-2825,original,0.5275,0.5275,0.056733,2.4
70012825-2825,edited,0.0000,0.5014,0.056604,2.4
70012825-2825,reauthored,0.0000,0.4710,0.043317,2.4
70012825-2825,reauth_ctrl,0.0000,0.4590,0.043284,2.4
71121211,original,0.0000,0.4693,0.057081,2.4
71121211,edited,0.0000,0.4704,0.056691,2.4
71121211,reauthored,0.0000,0.5136,0.046225,2.4
71121211,reauth_ctrl,0.0000,0.5183,0.045683,2.4
714556,original,0.0000,0.4717,0.054924,2.4
714556,edited,0.0000,0.4642,0.054739,2.4
714556,reauthored,0.8543,0.8543,0.046824,2.5
714556,reauth_ctrl,0.8244,0.8244,0.046553,2.4
71470351,original,0.5763,0.5763,0.042884,2.5
71470351,edited,0.5746,0.5746,0.042901,2.5
71470351,reauthored,0.0000,0.4651,0.035235,2.4
71470351,reauth_ctrl,0.0000,0.4517,0.035232,2.4
71934306,original,0.0000,0.5598,0.053529,2.5
71934306,edited,0.0000,0.5700,0.053261,2.5
71934306,reauthored,0.5256,0.5256,0.042410,2.5
71934306,reauth_ctrl,0.0000,0.4275,0.042112,2.4
71954264,original,0.5498,0.5498,0.050164,2.4
71954264,edited,0.5514,0.5514,0.050354,2.4
71954264,reauthored,0.5437,0.5524,0.039842,2.4
71954264,reauth_ctrl,0.5668,0.5668,0.039912,2.4
80211559,original,0.0000,0.5057,0.048829,2.4
80211559,edited,0.0000,0.5027,0.048578,2.5
80211559,reauthored,0.9523,0.9523,0.042163,2.5
80211559,reauth_ctrl,0.9855,0.9855,0.047696,2.5
81867414,original,0.9765,0.9765,0.042708,2.5
81867414,edited,0.9787,0.9787,0.042903,2.4
81867414,reauthored,0.9237,0.9237,0.035267,2.5
81867414,reauth_ctrl,0.9237,0.9237,0.035208,2.4
81873878,original,0.9895,0.9895,0.040556,2.5
81873878,edited,0.9891,0.9891,0.040290,2.4
81873878,reauthored,0.9642,0.9642,0.039331,2.5
81873878,reauth_ctrl,0.9381,0.9381,0.038999,2.5
81875447,original,0.9893,0.9893,0.040121,2.5
81875447,edited,0.9902,0.9902,0.040189,2.5
81875447,reauthored,0.8190,0.8190,0.035255,2.4
81875447,reauth_ctrl,0.9919,0.9919,0.038296,2.5
82340750,original,0.0000,0.4511,0.054179,2.5
82340750,edited,0.0000,0.4587,0.054869,2.5
82340750,reauthored,0.9609,0.9609,0.047066,2.5
82340750,reauth_ctrl,0.9324,0.9324,0.050025,2.5
82569960_9967,original,0.7110,0.7110,0.046114,2.5
82569960_9967,edited,0.7155,0.7155,0.046164,2.5
82569960_9967,reauthored,0.9700,0.9700,0.042340,2.5
82569960_9967,reauth_ctrl,0.9753,0.9753,0.042361,2.4
82918358_82918362,original,0.0000,0.5153,0.056016,2.5
82918358_82918362,edited,0.0000,0.5480,0.056078,2.5
82918358_82918362,reauthored,0.9818,0.9818,0.043043,2.5
82918358_82918362,reauth_ctrl,0.9802,0.9802,0.043039,2.5
83197397_7398,original,0.5284,0.5284,0.066027,2.5
83197397_7398,edited,0.0000,0.4783,0.065319,2.5
83197397_7398,reauthored,0.5719,0.5719,0.046392,2.5
83197397_7398,reauth_ctrl,0.5696,0.5696,0.048261,2.5
83238187_8215,original,0.9251,0.9251,0.052785,2.5
83238187_8215,edited,0.9169,0.9169,0.052878,2.5
83238187_8215,reauthored,0.9489,0.9489,0.045642,2.5
83238187_8215,reauth_ctrl,0.9489,0.9489,0.045472,2.5
83393822_3842,original,0.0000,0.5479,0.046226,2.5
83393822_3842,edited,0.0000,0.5533,0.046405,2.5
83393822_3842,reauthored,0.9498,0.9498,0.053296,2.5
83393822_3842,reauth_ctrl,0.7255,0.7255,0.040561,2.5
83545660,original,0.9903,0.9903,0.047146,2.5
83545660,edited,0.9876,0.9876,0.047351,2.5
83545660,reauthored,0.9328,0.9328,0.048307,2.5
83545660,reauth_ctrl,0.9355,0.9355,0.048104,2.5
83553535_3536,original,0.5809,0.5809,0.046767,2.5
83553535_3536,edited,0.5753,0.5753,0.046816,2.5
83553535_3536,reauthored,0.9463,0.9463,0.049006,2.5
83553535_3536,reauth_ctrl,0.8313,0.8313,0.049410,2.5
83553602_3608,original,0.9312,0.9312,0.053661,2.5
83553602_3608,edited,0.9562,0.9562,0.053827,2.5
83553602_3608,reauthored,0.9768,0.9768,0.050951,2.5
83553602_3608,reauth_ctrl,0.9538,0.9538,0.049135,2.5
83584930,original,0.6361,0.6361,0.049337,2.5
83584930,edited,0.6184,0.6184,0.049392,2.5
83584930,reauthored,0.9200,0.9200,0.048928,2.5
83584930,reauth_ctrl,0.9366,0.9366,0.052289,2.5
83925160_5161,original,0.6861,0.6861,0.047573,2.5
83925160_5161,edited,0.7424,0.7424,0.048112,2.5
83925160_5161,reauthored,0.7609,0.7609,0.043678,2.5
83925160_5161,reauth_ctrl,0.6756,0.6756,0.044653,2.5
85282788,original,0.5512,0.5512,0.057105,2.5
85282788,edited,0.5379,0.5438,0.056844,2.5
85282788,reauthored,0.9975,0.9975,0.044080,2.5
85282788,reauth_ctrl,0.0000,0.5056,0.043971,2.5
85669187_85669188,original,0.0000,0.4881,0.053989,2.5
85669187_85669188,edited,0.0000,0.4675,0.053127,2.5
85669187_85669188,reauthored,0.9554,0.9554,0.046205,2.5
85669187_85669188,reauth_ctrl,0.9565,0.9565,0.046571,2.5
85670661,original,0.0000,0.4933,0.049583,2.5
85670661,edited,0.0000,0.5040,0.049533,2.5
85670661,reauthored,0.8101,0.8101,0.042079,2.5
85670661,reauth_ctrl,0.9827,0.9827,0.040285,2.5
85695259_5262,original,0.5604,0.5604,0.043737,2.5
85695259_5262,edited,0.5566,0.5566,0.043925,2.5
85695259_5262,reauthored,0.9192,0.9192,0.040701,2.5
85695259_5262,reauth_ctrl,0.9192,0.9192,0.040527,2.5
86387756_7759,original,0.0000,0.5237,0.050755,2.5
86387756_7759,edited,0.0000,0.5417,0.050664,2.5
86387756_7759,reauthored,0.9294,0.9294,0.048745,2.5
86387756_7759,reauth_ctrl,0.9093,0.9093,0.048739,2.5
87064937,original,0.5843,0.5843,0.052864,2.5
87064937,edited,0.5745,0.5745,0.052884,2.5
87064937,reauthored,0.9790,0.9790,0.044678,2.5
87064937,reauth_ctrl,0.6013,0.6013,0.044616,2.5
87065276,original,0.5542,0.5542,0.057264,2.5
87065276,edited,0.5584,0.5584,0.057082,2.5
87065276,reauthored,0.9963,0.9963,0.054222,2.5
87065276,reauth_ctrl,0.9236,0.9236,0.051053,2.5
87112860,original,0.5496,0.5496,0.052751,2.5
87112860,edited,0.0000,0.5232,0.052521,2.5
87112860,reauthored,0.9547,0.9547,0.045733,2.5
87112860,reauth_ctrl,0.9741,0.9741,0.046219,2.5
87400654,original,0.5611,0.5611,0.053086,2.5
87400654,edited,0.5689,0.5689,0.053381,2.5
87400654,reauthored,0.9760,0.9760,0.054446,2.5
87400654,reauth_ctrl,0.9644,0.9644,0.050492,2.5
87403628,original,0.5816,0.5816,0.051518,2.5
87403628,edited,0.5747,0.5747,0.051338,2.5
87403628,reauthored,0.5989,0.5989,0.044045,2.5
87403628,reauth_ctrl,0.8742,0.8742,0.045395,2.5
87422550,original,0.5521,0.5521,0.053879,2.5
87422550,edited,0.5499,0.5499,0.053288,2.5
87422550,reauthored,0.9489,0.9489,0.049218,2.5
87422550,reauth_ctrl,0.9448,0.9448,0.050338,2.5
87426496,original,0.5478,0.5478,0.059323,2.5
87426496,edited,0.5547,0.5547,0.059437,2.6
87426496,reauthored,0.9632,0.9632,0.045083,2.5
87426496,reauth_ctrl,0.7925,0.7925,0.049743,2.6
87429367,original,0.5562,0.5562,0.062658,2.5
87429367,edited,0.5568,0.5568,0.062873,2.5
87429367,reauthored,0.8724,0.8724,0.044631,2.5
87429367,reauth_ctrl,0.9569,0.9569,0.047734,2.5
87431033,original,0.5212,0.5330,0.049236,2.5
87431033,edited,0.5571,0.5571,0.049416,2.6
87431033,reauthored,0.9159,0.9159,0.043080,2.7
87431033,reauth_ctrl,0.9384,0.9384,0.044920,2.6
87678788,original,0.0000,0.4802,0.069427,2.6
87678788,edited,0.5412,0.5412,0.069335,2.6
87678788,reauthored,0.8462,0.8462,0.043959,2.5
87678788,reauth_ctrl,0.8611,0.8611,0.044148,2.5
87858147_87858153,original,0.8732,0.8732,0.064165,2.5
87858147_87858153,edited,0.9032,0.9032,0.064289,2.5
87858147_87858153,reauthored,0.8547,0.8547,0.044599,2.5
87858147_87858153,reauth_ctrl,0.8796,0.8796,0.053028,2.5
88116534_88116536,original,0.0000,0.4965,0.070083,2.5
88116534_88116536,edited,0.0000,0.4947,0.069746,2.5
88116534_88116536,reauthored,0.9715,0.9715,0.046109,2.5
88116534_88116536,reauth_ctrl,0.9699,0.9699,0.046102,2.5
88182093,original,0.5489,0.5489,0.058683,2.5
88182093,edited,0.5484,0.5484,0.058393,2.5
88182093,reauthored,0.5890,0.5890,0.047451,2.5
88182093,reauth_ctrl,0.6119,0.6119,0.047537,2.5
88550002,original,0.0000,0.4765,0.051909,2.5
88550002,edited,0.0000,0.4674,0.052017,2.5
88550002,reauthored,0.9460,0.9460,0.045349,2.5
88550002,reauth_ctrl,0.9694,0.9694,0.051594,2.5
88800118_88800121,original,0.0000,0.5087,0.078329,2.5
88800118_88800121,edited,0.5327,0.5327,0.078847,2.5
88800118_88800121,reauthored,0.9708,0.9708,0.056693,2.5
88800118_88800121,reauth_ctrl,0.9826,0.9826,0.050935,2.5
88959060_9061,original,0.0000,0.4999,0.068251,2.5
88959060_9061,edited,0.5250,0.5250,0.068051,2.5
88959060_9061,reauthored,0.9437,0.9437,0.045944,2.5
88959060_9061,reauth_ctrl,0.9596,0.9596,0.046555,2.5
89000431,original,0.0000,0.4987,0.044342,2.5
89000431,edited,0.0000,0.5051,0.044591,2.5
89000431,reauthored,0.9825,0.9825,0.038055,2.5
89000431,reauth_ctrl,0.9968,0.9968,0.043583,2.5
89086479,original,0.0000,0.4904,0.052111,2.5
89086479,edited,0.0000,0.4916,0.052273,2.5
89086479,reauthored,0.6934,0.6934,0.045468,2.5
89086479,reauth_ctrl,0.9251,0.9251,0.045867,2.5
89088278,original,0.5881,0.5881,0.061224,2.5
89088278,edited,0.5985,0.5985,0.061794,2.5
89088278,reauthored,0.9491,0.9491,0.050058,2.5
89088278,reauth_ctrl,0.9455,0.9455,0.050272,2.5
89263399_89263406,original,0.5768,0.5768,0.064800,2.5
89263399_89263406,edited,0.5561,0.5561,0.065401,2.5
89263399_89263406,reauthored,0.9948,0.9948,0.049380,2.5
89263399_89263406,reauth_ctrl,0.9950,0.9950,0.048106,2.5
89532777,original,0.0000,0.5212,0.063911,2.5
89532777,edited,0.0000,0.5177,0.063679,2.5
89532777,reauthored,0.9787,0.9787,0.050867,2.5
89532777,reauth_ctrl,0.9786,0.9786,0.051161,2.5
89836751_89836752,original,0.0000,0.5197,0.052804,2.5
89836751_89836752,edited,0.0000,0.5144,0.052609,2.5
89836751_89836752,reauthored,0.9057,0.9057,0.043400,2.5
89836751_89836752,reauth_ctrl,0.9183,0.9183,0.044023,2.5
89933555,original,0.0000,0.5106,0.051399,2.5
89933555,edited,0.5223,0.5261,0.051360,2.5
89933555,reauthored,0.9060,0.9060,0.046751,2.5
89933555,reauth_ctrl,0.8936,0.8936,0.046080,2.5
91574528,original,0.0000,0.4929,0.052149,2.5
91574528,edited,0.0000,0.4431,0.051840,2.5
91574528,reauthored,0.9474,0.9474,0.047853,2.5
91574528,reauth_ctrl,0.9364,0.9364,0.048041,2.5
91751847-a_91751849,original,0.0000,0.4745,0.070717,2.5
91751847-a_91751849,edited,0.0000,0.4898,0.071194,2.5
91751847-a_91751849,reauthored,0.6835,0.6835,0.049505,2.5
91751847-a_91751849,reauth_ctrl,0.9113,0.9113,0.051716,2.5
91823041_91823042,original,0.5504,0.5504,0.045500,2.5
91823041_91823042,edited,0.5508,0.5508,0.045923,2.5
91823041_91823042,reauthored,0.7180,0.7180,0.042214,2.5
91823041_91823042,reauth_ctrl,0.7097,0.7097,0.042146,2.5
91880685,original,0.0000,0.5055,0.058580,2.5
91880685,edited,0.0000,0.5147,0.058610,2.5
91880685,reauthored,0.9675,0.9675,0.044171,2.6
91880685,reauth_ctrl,0.9727,0.9727,0.044371,2.5
92324150,original,0.0000,0.4757,0.051894,2.5
92324150,edited,0.0000,0.4851,0.051732,2.5
92324150,reauthored,0.9713,0.9713,0.043441,2.5
92324150,reauth_ctrl,0.9730,0.9730,0.043416,2.5
92324851,original,0.0000,0.4862,0.048983,2.5
92324851,edited,0.0000,0.4949,0.048767,2.5
92324851,reauthored,0.7511,0.7511,0.042500,2.5
92324851,reauth_ctrl,0.7523,0.7523,0.040563,2.5
92338021_8022,original,0.0000,0.4378,0.061507,2.5
92338021_8022,edited,0.0000,0.4715,0.061682,2.6
92338021_8022,reauthored,0.9930,0.9930,0.049156,2.5
92338021_8022,reauth_ctrl,0.9925,0.9925,0.049331,2.5
92678319,original,0.0000,0.5257,0.051417,2.5
92678319,edited,0.0000,0.5186,0.051416,2.5
92678319,reauthored,0.6286,0.6286,0.036829,2.6
92678319,reauth_ctrl,0.7653,0.7653,0.036761,2.6
92765755_92765756,original,0.0000,0.4674,0.057980,2.5
92765755_92765756,edited,0.0000,0.4615,0.057495,2.6
92765755_92765756,reauthored,0.9698,0.9698,0.043826,2.5
92765755_92765756,reauth_ctrl,0.9917,0.9917,0.044044,2.5
92855011,original,0.0000,0.4631,0.055416,2.5
92855011,edited,0.0000,0.4664,0.055535,2.5
92855011,reauthored,0.5763,0.5763,0.051119,2.6
92855011,reauth_ctrl,0.8746,0.8746,0.052122,2.5
92871560,original,0.0000,0.5288,0.063713,2.5
92871560,edited,0.0000,0.5107,0.064210,2.5
92871560,reauthored,0.7876,0.7876,0.058237,2.5
92871560,reauth_ctrl,0.9920,0.9920,0.070304,2.5
93121403,original,0.9841,0.9841,0.048413,2.5
93121403,edited,0.9828,0.9828,0.048298,2.5
93121403,reauthored,0.7583,0.7583,0.042392,2.6
93121403,reauth_ctrl,0.7621,0.7621,0.042309,2.5
93220979,original,0.5604,0.5604,0.045385,2.5
93220979,edited,0.5634,0.5634,0.045406,2.5
93220979,reauthored,0.9777,0.9777,0.054502,2.5
93220979,reauth_ctrl,0.8615,0.8615,0.055182,2.5
93261706,original,0.8113,0.8113,0.052393,2.5
93261706,edited,0.8333,0.8333,0.052371,2.5
93261706,reauthored,0.9709,0.9709,0.044919,2.6
93261706,reauth_ctrl,0.9716,0.9716,0.045012,2.6
93413375,original,0.5260,0.5260,0.048796,2.5
93413375,edited,0.5473,0.5473,0.048873,2.5
93413375,reauthored,0.6667,0.6667,0.047564,2.5
93413375,reauth_ctrl,0.6864,0.6864,0.043224,2.6
93773044_3045,original,0.0000,0.4950,0.054747,2.5
93773044_3045,edited,0.0000,0.4894,0.054657,2.6
93773044_3045,reauthored,0.0000,0.4708,0.038638,2.5
93773044_3045,reauth_ctrl,0.0000,0.4708,0.038736,2.5
93791762_93791763,original,0.0000,0.5380,0.061502,2.5
93791762_93791763,edited,0.0000,0.5406,0.061378,2.5
93791762_93791763,reauthored,0.9222,0.9222,0.049668,2.5
93791762_93791763,reauth_ctrl,0.0000,0.4070,0.044463,2.6
93843876_3881,original,0.0000,0.5433,0.060724,2.6
93843876_3881,edited,0.5498,0.5498,0.060960,2.6
93843876_3881,reauthored,0.9771,0.9771,0.045857,2.5
93843876_3881,reauth_ctrl,0.9387,0.9387,0.045980,2.6
94000223_0224,original,0.6074,0.6074,0.059127,2.5
94000223_0224,edited,0.5568,0.5568,0.058839,2.5
94000223_0224,reauthored,0.7858,0.7858,0.043916,2.5
94000223_0224,reauth_ctrl,0.9527,0.9527,0.046093,2.5
94375002,original,0.5452,0.5452,0.044800,2.5
94375002,edited,0.5481,0.5481,0.044673,2.5
94375002,reauthored,0.8528,0.8528,0.045629,2.5
94375002,reauth_ctrl,0.8873,0.8873,0.045273,2.6
94379557,original,0.0000,0.5345,0.061695,2.6
94379557,edited,0.0000,0.5268,0.062298,2.5
94379557,reauthored,0.9802,0.9802,0.045990,2.5
94379557,reauth_ctrl,0.9476,0.9476,0.048343,2.6
94389950,original,0.5441,0.5441,0.050719,2.5
94389950,edited,0.5507,0.5507,0.050758,2.6
94389950,reauthored,0.8376,0.8376,0.043534,2.5
94389950,reauth_ctrl,0.8186,0.8186,0.043818,2.6
94415027,original,0.0000,0.5064,0.055664,2.6
94415027,edited,0.0000,0.5165,0.055599,2.5
94415027,reauthored,0.8062,0.8062,0.043255,2.5
94415027,reauth_ctrl,0.6642,0.6642,0.040515,2.5
94416171,original,0.0000,0.5103,0.052976,2.5
94416171,edited,0.0000,0.4979,0.053079,2.6
94416171,reauthored,0.7593,0.7593,0.049250,2.6
94416171,reauth_ctrl,0.7485,0.7485,0.043534,2.5
94529295,original,0.5650,0.5650,0.050742,2.5
94529295,edited,0.0000,0.5468,0.050902,2.5
94529295,reauthored,0.8449,0.8449,0.045185,2.5
94529295,reauth_ctrl,0.7795,0.7795,0.044631,2.5
95602471,original,0.0000,0.5411,0.045979,2.5
95602471,edited,0.8273,0.8273,0.054849,2.5
95602471,reauthored,0.9946,0.9946,0.048592,2.5
95602471,reauth_ctrl,0.7150,0.7150,0.050474,2.6
95680746,original,0.0000,0.4654,0.081265,2.5
95680746,edited,0.0000,0.4435,0.081922,2.5
95680746,reauthored,0.5563,0.5563,0.053345,2.5
95680746,reauth_ctrl,0.0000,0.4609,0.053873,2.5
95878875_8877,original,0.5840,0.5840,0.048616,2.6
95878875_8877,edited,0.5863,0.5863,0.048604,2.5
95878875_8877,reauthored,0.8717,0.8717,0.047981,2.5
95878875_8877,reauth_ctrl,0.0000,0.5141,0.042891,2.5
95886177_6181,original,0.8385,0.8385,0.057243,2.5
95886177_6181,edited,0.8196,0.8196,0.057096,2.5
95886177_6181,reauthored,0.7708,0.7708,0.046341,2.5
95886177_6181,reauth_ctrl,0.8132,0.8132,0.046636,2.5
95968365_8368,original,0.0000,0.4849,0.060922,2.6
95968365_8368,edited,0.0000,0.4969,0.061119,2.5
95968365_8368,reauthored,0.5806,0.5806,0.050199,3.3
95968365_8368,reauth_ctrl,0.6227,0.6227,0.050021,2.8
96087771_7774,original,0.6201,0.6201,0.054119,2.5
96087771_7774,edited,0.6196,0.6196,0.053947,2.6
96087771_7774,reauthored,0.9441,0.9441,0.048300,2.6
96087771_7774,reauth_ctrl,0.9092,0.9092,0.046120,3.2
96184957_4958,original,0.0000,0.4858,0.072741,2.5
96184957_4958,edited,0.0000,0.4999,0.073479,2.6
96184957_4958,reauthored,0.7001,0.7001,0.045272,2.6
96184957_4958,reauth_ctrl,0.6054,0.6054,0.044359,2.7
96433725,original,0.6333,0.6333,0.054076,2.5
96433725,edited,0.6164,0.6164,0.054148,2.6
96433725,reauthored,0.9901,0.9901,0.045050,2.6
96433725,reauth_ctrl,0.9414,0.9414,0.050809,2.6
96678543,original,0.9261,0.9261,0.044162,2.5
96678543,edited,0.8947,0.8947,0.044269,2.5
96678543,reauthored,0.9441,0.9441,0.046334,2.6
96678543,reauth_ctrl,0.9267,0.9267,0.046806,2.5
98040195,original,0.5534,0.5534,0.048604,2.5
98040195,edited,0.5450,0.5450,0.048644,2.6
98040195,reauthored,0.9699,0.9699,0.047832,2.6
98040195,reauth_ctrl,0.9699,0.9699,0.046825,2.6
98703360,original,0.0000,0.5012,0.053931,2.5
98703360,edited,0.0000,0.4891,0.053944,2.6
98703360,reauthored,0.9946,0.9946,0.046911,2.6
98703360,reauth_ctrl,0.9942,0.9942,0.050739,2.5
98776481,original,0.5297,0.5380,0.047327,2.5
98776481,edited,0.5716,0.5716,0.047785,2.5
98776481,reauthored,0.8994,0.8994,0.045591,3.1
98776481,reauth_ctrl,0.9097,0.9097,0.046852,2.5
98859235_9248,original,0.5743,0.5743,0.057826,3.2
98859235_9248,edited,0.5831,0.5831,0.057882,2.7
98859235_9248,reauthored,0.9889,0.9889,0.056145,2.6
98859235_9248,reauth_ctrl,0.9894,0.9894,0.055391,2.6
99382089,original,0.5658,0.5658,0.047638,2.6
99382089,edited,0.5594,0.5594,0.047530,2.5
99382089,reauthored,0.7268,0.7268,0.047678,2.5
99382089,reauth_ctrl,0.7706,0.7706,0.048015,2.5
99392336_2337,original,0.6177,0.6177,0.058568,2.5
99392336_2337,edited,0.6431,0.6431,0.058488,2.5
99392336_2337,reauthored,0.8583,0.8583,0.045721,2.6
99392336_2337,reauth_ctrl,0.7221,0.7221,0.045311,2.6
99488431,original,0.0000,0.5052,0.055028,2.5
99488431,edited,0.0000,0.5239,0.055277,2.5
99488431,reauthored,0.6992,0.6992,0.054966,2.5
99488431,reauth_ctrl,0.8936,0.8936,0.061164,2.5
CTRSP-FILES014780-47,original,0.0000,0.4774,0.041416,2.5
CTRSP-FILES014780-47,edited,0.0000,0.4861,0.041461,2.5
CTRSP-FILES014780-47,reauthored,0.8107,0.8107,0.036178,2.6
CTRSP-FILES014780-47,reauth_ctrl,0.8243,0.8243,0.036134,2.5
CTRSP-FILES015122-51,original,0.0000,0.4361,0.054095,2.5
CTRSP-FILES015122-51,edited,0.0000,0.4353,0.054324,2.5
CTRSP-FILES015122-51,reauthored,0.7031,0.7031,0.040966,2.5
CTRSP-FILES015122-51,reauth_ctrl,0.6970,0.6970,0.040758,2.5
corti0013980_3981,original,0.0000,0.3347,0.052371,2.5
corti0013980_3981,edited,0.0000,0.3512,0.052521,2.5
corti0013980_3981,reauthored,0.0000,0.4252,0.037965,2.5
corti0013980_3981,reauth_ctrl,0.0000,0.4328,0.037714,2.5
thkp0010975_0977,original,0.5813,0.5813,0.048564,2.5
thkp0010975_0977,edited,0.5818,0.5818,0.048565,2.5
thkp0010975_0977,reauthored,0.6592,0.6592,0.040532,2.5
thkp0010975_0977,reauth_ctrl,0.5901,0.5901,0.040053,2.5
ti07560773_0775,original,0.0000,0.4683,0.057803,2.5
ti07560773_0775,edited,0.0000,0.4649,0.057798,2.5
ti07560773_0775,reauthored,0.0000,0.4371,0.037066,2.5
ti07560773_0775,reauth_ctrl,0.0000,0.4223,0.037148,2.5
ti13701696,original,0.7346,0.7346,0.042332,2.5
ti13701696,edited,0.7192,0.7192,0.042562,2.5
ti13701696,reauthored,0.0000,0.5070,0.035628,2.5
ti13701696,reauth_ctrl,0.7476,0.7476,0.040764,2.5
ti16352085,original,0.5983,0.5983,0.044733,2.5
ti16352085,edited,0.5972,0.5972,0.044782,2.5
ti16352085,reauthored,0.8932,0.8932,0.044165,2.5
ti16352085,reauth_ctrl,0.8118,0.8118,0.044586,2.5
ti17120567,original,0.5702,0.5702,0.046855,2.5
ti17120567,edited,0.5766,0.5766,0.047154,2.5
ti17120567,reauthored,0.8492,0.8492,0.045348,2.5
ti17120567,reauth_ctrl,0.8439,0.8439,0.045140,2.5
tnwl0014851,original,0.5748,0.5748,0.043365,2.5
tnwl0014851,edited,0.5489,0.5489,0.042911,2.5
tnwl0014851,reauthored,0.5892,0.5892,0.036155,2.5
tnwl0014851,reauth_ctrl,0.6046,0.6046,0.036219,2.6
tob04113.49_tob04113.53,original,0.0000,0.5025,0.076030,2.5
tob04113.49_tob04113.53,edited,0.0000,0.5395,0.076948,2.5
tob04113.49_tob04113.53,reauthored,0.0000,0.5354,0.046952,2.5
tob04113.49_tob04113.53,reauth_ctrl,0.5821,0.5821,0.046991,2.6
tob07506.69,original,0.6175,0.6175,0.053641,2.8
tob07506.69,edited,0.6306,0.6306,0.053861,2.8
tob07506.69,reauthored,0.6329,0.6329,0.040435,2.6
tob07506.69,reauth_ctrl,0.6210,0.6210,0.040351,2.8
tob08616.06_tob08616.07,original,0.0000,0.4887,0.067826,2.6
tob08616.06_tob08616.07,edited,0.0000,0.4525,0.067816,2.7
tob08616.06_tob08616.07,reauthored,0.6116,0.6116,0.041557,3.0
tob08616.06_tob08616.07,reauth_ctrl,0.6231,0.6231,0.041856,3.4
tob08625.41,original,0.5839,0.5839,0.054106,3.5
tob08625.41,edited,0.5826,0.5826,0.054500,3.8
tob08625.41,reauthored,0.8022,0.8022,0.044331,3.3
tob08625.41,reauth_ctrl,0.7962,0.7962,0.044211,3.4
tob15621.77,original,0.5454,0.5454,0.057255,3.2
tob15621.77,edited,0.5563,0.5563,0.057304,3.0
tob15621.77,reauthored,0.5645,0.5645,0.038498,2.9
tob15621.77,reauth_ctrl,0.5643,0.5643,0.038674,2.7
tob18818.43_tob18818.44,original,0.0000,0.3927,0.065284,2.8
tob18818.43_tob18818.44,edited,0.0000,0.4084,0.065426,2.7
tob18818.43_tob18818.44,reauthored,0.0000,0.4472,0.039024,2.7
tob18818.43_tob18818.44,reauth_ctrl,0.0000,0.4349,0.039313,2.7
tob19019.51,original,0.5662,0.5662,0.059277,2.9
tob19019.51,edited,0.5594,0.5594,0.059647,2.8
tob19019.51,reauthored,0.0000,0.4474,0.039648,2.6
tob19019.51,reauth_ctrl,0.0000,0.4496,0.039675,2.7
ton03400.89,original,0.0000,0.5089,0.050353,2.6
ton03400.89,edited,0.0000,0.5001,0.050278,2.6
ton03400.89,reauthored,0.9987,0.9987,0.044153,2.6
ton03400.89,reauth_ctrl,0.9977,0.9977,0.042069,2.6
