arm,doc_type,file,genre,desktop_producer,date_gap_days,unsigned,sig_A,sig_B,sig_C,score,grade,flagged
genuine,invoice,genuine/invoices/invoice_001.pdf,invoice,False,1,True,0,0,0,0,clear,False
genuine,invoice,genuine/invoices/invoice_002.pdf,invoice,False,1,True,0,0,0,0,clear,False
genuine,invoice,genuine/invoices/invoice_003.pdf,invoice,False,1,True,0,0,0,0,clear,False
genuine,invoice,genuine/invoices/invoice_004.pdf,invoice,False,1,True,0,0,0,0,clear,False
genuine,invoice,genuine/invoices/invoice_005.pdf,invoice,False,1,True,0,0,0,0,clear,False
genuine,invoice,genuine/invoices/invoice_006.pdf,invoice,False,1,True,0,0,0,0,clear,False
genuine,invoice,genuine/invoices/invoice_007.pdf,invoice,False,1,True,0,0,0,0,clear,False
genuine,invoice,genuine/invoices/invoice_008.pdf,invoice,False,1,True,0,0,0,0,clear,False
genuine,invoice,genuine/invoices/invoice_009.pdf,invoice,False,1,True,0,0,0,0,clear,False
genuine,invoice,genuine/invoices/invoice_010.pdf,invoice,False,1,True,0,0,0,0,clear,False
genuine,invoice,genuine/invoices/invoice_011.pdf,invoice,False,1,True,0,0,0,0,clear,False
genuine,invoice,genuine/invoices/invoice_012.pdf,invoice,False,1,True,0,0,0,0,clear,False
genuine,invoice,genuine/invoices/invoice_013.pdf,invoice,False,1,True,0,0,0,0,clear,False
genuine,invoice,genuine/invoices/invoice_014.pdf,invoice,False,1,True,0,0,0,0,clear,False
genuine,invoice,genuine/invoices/invoice_015.pdf,invoice,False,1,True,0,0,0,0,clear,False
genuine,invoice,genuine/invoices/invoice_016.pdf,invoice,False,1,True,0,0,0,0,clear,False
genuine,invoice,genuine/invoices/invoice_017.pdf,invoice,False,1,True,0,0,0,0,clear,False
genuine,invoice,genuine/invoices/invoice_018.pdf,invoice,False,1,True,0,0,0,0,clear,False
genuine,invoice,genuine/invoices/invoice_019.pdf,invoice,False,1,True,0,0,0,0,clear,False
genuine,invoice,genuine/invoices/invoice_020.pdf,invoice,False,1,True,0,0,0,0,clear,False
genuine,invoice,genuine/invoices/invoice_021.pdf,invoice,False,1,True,0,0,0,0,clear,False
genuine,invoice,genuine/invoices/invoice_022.pdf,invoice,False,1,True,0,0,0,0,clear,False
genuine,invoice,genuine/invoices/invoice_023.pdf,invoice,False,1,True,0,0,0,0,clear,False
genuine,invoice,genuine/invoices/invoice_024.pdf,invoice,False,1,True,0,0,0,0,clear,False
genuine,invoice,genuine/invoices/invoice_025.pdf,invoice,False,1,True,0,0,0,0,clear,False
genuine,invoice,genuine/invoices/invoice_026.pdf,invoice,False,1,True,0,0,0,0,clear,False
genuine,invoice,genuine/invoices/invoice_027.pdf,invoice,False,1,True,0,0,0,0,clear,False
genuine,invoice,genuine/invoices/invoice_028.pdf,invoice,False,1,True,0,0,0,0,clear,False
genuine,invoice,genuine/invoices/invoice_029.pdf,invoice,False,1,True,0,0,0,0,clear,False
genuine,invoice,genuine/invoices/invoice_030.pdf,invoice,False,1,True,0,0,0,0,clear,False
genuine,invoice,genuine/invoices/invoice_031.pdf,invoice,False,1,True,0,0,0,0,clear,False
genuine,invoice,genuine/invoices/invoice_032.pdf,invoice,False,1,True,0,0,0,0,clear,False
genuine,invoice,genuine/invoices/invoice_033.pdf,invoice,False,1,True,0,0,0,0,clear,False
genuine,invoice,genuine/invoices/invoice_034.pdf,invoice,False,1,True,0,0,0,0,clear,False
genuine,invoice,genuine/invoices/invoice_035.pdf,invoice,False,1,True,0,0,0,0,clear,False
genuine,invoice,genuine/invoices/invoice_036.pdf,invoice,False,1,True,0,0,0,0,clear,False
genuine,invoice,genuine/invoices/invoice_037.pdf,invoice,False,1,True,0,0,0,0,clear,False
genuine,invoice,genuine/invoices/invoice_038.pdf,invoice,False,1,True,0,0,0,0,clear,False
genuine,invoice,genuine/invoices/invoice_039.pdf,invoice,False,1,True,0,0,0,0,clear,False
genuine,invoice,genuine/invoices/invoice_040.pdf,invoice,False,1,True,0,0,0,0,clear,False
genuine,invoice,genuine/invoices/invoice_041.pdf,invoice,False,1,True,0,0,0,0,clear,False
genuine,invoice,genuine/invoices/invoice_042.pdf,invoice,False,1,True,0,0,0,0,clear,False
genuine,invoice,genuine/invoices/invoice_043.pdf,invoice,False,1,True,0,0,0,0,clear,False
genuine,invoice,genuine/invoices/invoice_044.pdf,invoice,False,1,True,0,0,0,0,clear,False
genuine,invoice,genuine/invoices/invoice_045.pdf,invoice,False,1,True,0,0,0,0,clear,False
genuine,invoice,genuine/invoices/invoice_046.pdf,invoice,False,1,True,0,0,0,0,clear,False
genuine,invoice,genuine/invoices/invoice_047.pdf,invoice,False,1,True,0,0,0,0,clear,False
genuine,invoice,genuine/invoices/invoice_048.pdf,invoice,False,1,True,0,0,0,0,clear,False
genuine,invoice,genuine/invoices/invoice_049.pdf,invoice,False,1,True,0,0,0,0,clear,False
genuine,invoice,genuine/invoices/invoice_050.pdf,invoice,False,1,True,0,0,0,0,clear,False
genuine,invoice,genuine/invoices/invoice_051.pdf,invoice,False,1,True,0,0,0,0,clear,False
genuine,invoice,genuine/invoices/invoice_052.pdf,invoice,False,1,True,0,0,0,0,clear,False
genuine,invoice,genuine/invoices/invoice_053.pdf,invoice,False,1,True,0,0,0,0,clear,False
genuine,invoice,genuine/invoices/invoice_054.pdf,invoice,False,1,True,0,0,0,0,clear,False
genuine,invoice,genuine/invoices/invoice_055.pdf,invoice,False,1,True,0,0,0,0,clear,False
genuine,invoice,genuine/invoices/invoice_056.pdf,invoice,False,1,True,0,0,0,0,clear,False
genuine,invoice,genuine/invoices/invoice_057.pdf,invoice,False,1,True,0,0,0,0,clear,False
genuine,invoice,genuine/invoices/invoice_058.pdf,invoice,False,1,True,0,0,0,0,clear,False
genuine,invoice,genuine/invoices/invoice_059.pdf,invoice,False,1,True,0,0,0,0,clear,False
genuine,invoice,genuine/invoices/invoice_060.pdf,invoice,False,1,True,0,0,0,0,clear,False
genuine,invoice,genuine/invoices/invoice_061.pdf,invoice,False,1,True,0,0,0,0,clear,False
genuine,invoice,genuine/invoices/invoice_062.pdf,invoice,False,1,True,0,0,0,0,clear,False
genuine,invoice,genuine/invoices/invoice_063.pdf,invoice,False,1,True,0,0,0,0,clear,False
genuine,invoice,genuine/invoices/invoice_064.pdf,invoice,False,1,True,0,0,0,0,clear,False
genuine,invoice,genuine/invoices/invoice_065.pdf,invoice,False,1,True,0,0,0,0,clear,False
genuine,invoice,genuine/invoices/invoice_066.pdf,invoice,False,1,True,0,0,0,0,clear,False
genuine,invoice,genuine/invoices/invoice_067.pdf,invoice,False,1,True,0,0,0,0,clear,False
genuine,invoice,genuine/invoices/invoice_068.pdf,invoice,False,1,True,0,0,0,0,clear,False
genuine,invoice,genuine/invoices/invoice_069.pdf,invoice,False,1,True,0,0,0,0,clear,False
genuine,invoice,genuine/invoices/invoice_070.pdf,invoice,False,1,True,0,0,0,0,clear,False
genuine,invoice,genuine/invoices/invoice_071.pdf,invoice,False,1,True,0,0,0,0,clear,False
genuine,invoice,genuine/invoices/invoice_072.pdf,invoice,False,1,True,0,0,0,0,clear,False
genuine,invoice,genuine/invoices/invoice_073.pdf,invoice,False,1,True,0,0,0,0,clear,False
genuine,invoice,genuine/invoices/invoice_074.pdf,invoice,False,1,True,0,0,0,0,clear,False
genuine,invoice,genuine/invoices/invoice_075.pdf,invoice,False,1,True,0,0,0,0,clear,False
genuine,invoice,genuine/invoices/invoice_076.pdf,invoice,False,1,True,0,0,0,0,clear,False
genuine,invoice,genuine/invoices/invoice_077.pdf,invoice,False,1,True,0,0,0,0,clear,False
genuine,invoice,genuine/invoices/invoice_078.pdf,invoice,False,1,True,0,0,0,0,clear,False
genuine,invoice,genuine/invoices/invoice_079.pdf,invoice,False,1,True,0,0,0,0,clear,False
genuine,invoice,genuine/invoices/invoice_080.pdf,invoice,False,1,True,0,0,0,0,clear,False
genuine,invoice,genuine/invoices/invoice_081.pdf,invoice,False,1,True,0,0,0,0,clear,False
genuine,invoice,genuine/invoices/invoice_082.pdf,invoice,False,1,True,0,0,0,0,clear,False
genuine,invoice,genuine/invoices/invoice_083.pdf,invoice,False,1,True,0,0,0,0,clear,False
genuine,invoice,genuine/invoices/invoice_084.pdf,invoice,False,1,True,0,0,0,0,clear,False
genuine,invoice,genuine/invoices/invoice_085.pdf,invoice,False,1,True,0,0,0,0,clear,False
genuine,invoice,genuine/invoices/invoice_086.pdf,invoice,False,1,True,0,0,0,0,clear,False
genuine,invoice,genuine/invoices/invoice_087.pdf,invoice,False,1,True,0,0,0,0,clear,False
genuine,invoice,genuine/invoices/invoice_088.pdf,invoice,False,1,True,0,0,0,0,clear,False
genuine,invoice,genuine/invoices/invoice_089.pdf,invoice,False,1,True,0,0,0,0,clear,False
genuine,invoice,genuine/invoices/invoice_090.pdf,invoice,False,1,True,0,0,0,0,clear,False
genuine,invoice,genuine/invoices/invoice_091.pdf,invoice,False,1,True,0,0,0,0,clear,False
genuine,invoice,genuine/invoices/invoice_092.pdf,invoice,False,1,True,0,0,0,0,clear,False
genuine,invoice,genuine/invoices/invoice_093.pdf,invoice,False,1,True,0,0,0,0,clear,False
genuine,invoice,genuine/invoices/invoice_094.pdf,invoice,False,1,True,0,0,0,0,clear,False
genuine,invoice,genuine/invoices/invoice_095.pdf,invoice,False,1,True,0,0,0,0,clear,False
genuine,invoice,genuine/invoices/invoice_096.pdf,invoice,False,1,True,0,0,0,0,clear,False
genuine,invoice,genuine/invoices/invoice_097.pdf,invoice,False,1,True,0,0,0,0,clear,False
genuine,invoice,genuine/invoices/invoice_098.pdf,invoice,False,1,True,0,0,0,0,clear,False
genuine,invoice,genuine/invoices/invoice_099.pdf,invoice,False,1,True,0,0,0,0,clear,False
genuine,invoice,genuine/invoices/invoice_100.pdf,invoice,False,1,True,0,0,0,0,clear,False
genuine,invoice,genuine/invoices/invoice_1000.pdf,invoice,False,1,True,0,0,0,0,clear,False
genuine,invoice,genuine/invoices/invoice_101.pdf,invoice,False,1,True,0,0,0,0,clear,False
genuine,invoice,genuine/invoices/invoice_102.pdf,invoice,False,1,True,0,0,0,0,clear,False
genuine,invoice,genuine/invoices/invoice_103.pdf,invoice,False,1,True,0,0,0,0,clear,False
genuine,invoice,genuine/invoices/invoice_104.pdf,invoice,False,1,True,0,0,0,0,clear,False
genuine,invoice,genuine/invoices/invoice_105.pdf,invoice,False,1,True,0,0,0,0,clear,False
genuine,invoice,genuine/invoices/invoice_106.pdf,invoice,False,1,True,0,0,0,0,clear,False
genuine,invoice,genuine/invoices/invoice_107.pdf,invoice,False,1,True,0,0,0,0,clear,False
genuine,invoice,genuine/invoices/invoice_108.pdf,invoice,False,1,True,0,0,0,0,clear,False
genuine,invoice,genuine/invoices/invoice_109.pdf,invoice,False,1,True,0,0,0,0,clear,False
genuine,invoice,genuine/invoices/invoice_110.pdf,invoice,False,1,True,0,0,0,0,clear,False
genuine,invoice,genuine/invoices/invoice_111.pdf,invoice,False,1,True,0,0,0,0,clear,False
genuine,invoice,genuine/invoices/invoice_112.pdf,invoice,False,1,True,0,0,0,0,clear,False
genuine,invoice,genuine/invoices/invoice_113.pdf,invoice,False,1,True,0,0,0,0,clear,False
genuine,invoice,genuine/invoices/invoice_114.pdf,invoice,False,1,True,0,0,0,0,clear,False
genuine,invoice,genuine/invoices/invoice_115.pdf,invoice,False,1,True,0,0,0,0,clear,False
genuine,invoice,genuine/invoices/invoice_116.pdf,invoice,False,1,True,0,0,0,0,clear,False
genuine,invoice,genuine/invoices/invoice_117.pdf,invoice,False,1,True,0,0,0,0,clear,False
genuine,invoice,genuine/invoices/invoice_118.pdf,invoice,False,1,True,0,0,0,0,clear,False
genuine,invoice,genuine/invoices/invoice_119.pdf,invoice,False,1,True,0,0,0,0,clear,False
genuine,invoice,genuine/invoices/invoice_120.pdf,invoice,False,1,True,0,0,0,0,clear,False
genuine,invoice,genuine/invoices/invoice_121.pdf,invoice,False,1,True,0,0,0,0,clear,False
genuine,invoice,genuine/invoices/invoice_122.pdf,invoice,False,1,True,0,0,0,0,clear,False
genuine,invoice,genuine/invoices/invoice_123.pdf,invoice,False,1,True,0,0,0,0,clear,False
genuine,invoice,genuine/invoices/invoice_124.pdf,invoice,False,1,True,0,0,0,0,clear,False
genuine,invoice,genuine/invoices/invoice_125.pdf,invoice,False,1,True,0,0,0,0,clear,False
genuine,invoice,genuine/invoices/invoice_126.pdf,invoice,False,1,True,0,0,0,0,clear,False
genuine,invoice,genuine/invoices/invoice_127.pdf,invoice,False,1,True,0,0,0,0,clear,False
genuine,invoice,genuine/invoices/invoice_128.pdf,invoice,False,1,True,0,0,0,0,clear,False
genuine,invoice,genuine/invoices/invoice_129.pdf,invoice,False,1,True,0,0,0,0,clear,False
genuine,invoice,genuine/invoices/invoice_130.pdf,invoice,False,1,True,0,0,0,0,clear,False
genuine,invoice,genuine/invoices/invoice_131.pdf,invoice,False,1,True,0,0,0,0,clear,False
genuine,invoice,genuine/invoices/invoice_132.pdf,invoice,False,1,True,0,0,0,0,clear,False
genuine,invoice,genuine/invoices/invoice_133.pdf,invoice,False,1,True,0,0,0,0,clear,False
genuine,invoice,genuine/invoices/invoice_134.pdf,invoice,False,1,True,0,0,0,0,clear,False
genuine,invoice,genuine/invoices/invoice_135.pdf,invoice,False,1,True,0,0,0,0,clear,False
genuine,invoice,genuine/invoices/invoice_136.pdf,invoice,False,1,True,0,0,0,0,clear,False
genuine,invoice,genuine/invoices/invoice_137.pdf,invoice,False,1,True,0,0,0,0,clear,False
genuine,invoice,genuine/invoices/invoice_138.pdf,invoice,False,1,True,0,0,0,0,clear,False
genuine,invoice,genuine/invoices/invoice_139.pdf,invoice,False,1,True,0,0,0,0,clear,False
genuine,invoice,genuine/invoices/invoice_140.pdf,invoice,False,1,True,0,0,0,0,clear,False
genuine,invoice,genuine/invoices/invoice_141.pdf,invoice,False,1,True,0,0,0,0,clear,False
genuine,invoice,genuine/invoices/invoice_142.pdf,invoice,False,1,True,0,0,0,0,clear,False
genuine,invoice,genuine/invoices/invoice_143.pdf,invoice,False,1,True,0,0,0,0,clear,False
genuine,invoice,genuine/invoices/invoice_144.pdf,invoice,False,1,True,0,0,0,0,clear,False
genuine,invoice,genuine/invoices/invoice_145.pdf,invoice,False,1,True,0,0,0,0,clear,False
genuine,invoice,genuine/invoices/invoice_146.pdf,invoice,False,1,True,0,0,0,0,clear,False
genuine,invoice,genuine/invoices/invoice_147.pdf,invoice,False,1,True,0,0,0,0,clear,False
genuine,invoice,genuine/invoices/invoice_148.pdf,invoice,False,1,True,0,0,0,0,clear,False
genuine,invoice,genuine/invoices/invoice_149.pdf,invoice,False,1,True,0,0,0,0,clear,False
genuine,invoice,genuine/invoices/invoice_150.pdf,invoice,False,1,True,0,0,0,0,clear,False
genuine,invoice,genuine/invoices/invoice_151.pdf,invoice,False,1,True,0,0,0,0,clear,False
genuine,invoice,genuine/invoices/invoice_152.pdf,invoice,False,1,True,0,0,0,0,clear,False
genuine,invoice,genuine/invoices/invoice_153.pdf,invoice,False,1,True,0,0,0,0,clear,False
genuine,invoice,genuine/invoices/invoice_154.pdf,invoice,False,1,True,0,0,0,0,clear,False
genuine,invoice,genuine/invoices/invoice_155.pdf,invoice,False,1,True,0,0,0,0,clear,False
genuine,invoice,genuine/invoices/invoice_156.pdf,invoice,False,1,True,0,0,0,0,clear,False
genuine,invoice,genuine/invoices/invoice_157.pdf,invoice,False,1,True,0,0,0,0,clear,False
genuine,invoice,genuine/invoices/invoice_158.pdf,invoice,False,1,True,0,0,0,0,clear,False
genuine,invoice,genuine/invoices/invoice_159.pdf,invoice,False,1,True,0,0,0,0,clear,False
genuine,invoice,genuine/invoices/invoice_160.pdf,invoice,False,1,True,0,0,0,0,clear,False
genuine,invoice,genuine/invoices/invoice_161.pdf,invoice,False,1,True,0,0,0,0,clear,False
genuine,invoice,genuine/invoices/invoice_162.pdf,invoice,False,1,True,0,0,0,0,clear,False
genuine,invoice,genuine/invoices/invoice_163.pdf,invoice,False,1,True,0,0,0,0,clear,False
genuine,invoice,genuine/invoices/invoice_164.pdf,invoice,False,1,True,0,0,0,0,clear,False
genuine,invoice,genuine/invoices/invoice_165.pdf,invoice,False,1,True,0,0,0,0,clear,False
genuine,invoice,genuine/invoices/invoice_166.pdf,invoice,False,1,True,0,0,0,0,clear,False
genuine,invoice,genuine/invoices/invoice_167.pdf,invoice,False,1,True,0,0,0,0,clear,False
genuine,invoice,genuine/invoices/invoice_168.pdf,invoice,False,1,True,0,0,0,0,clear,False
genuine,invoice,genuine/invoices/invoice_169.pdf,invoice,False,1,True,0,0,0,0,clear,False
genuine,invoice,genuine/invoices/invoice_170.pdf,invoice,False,1,True,0,0,0,0,clear,False
genuine,invoice,genuine/invoices/invoice_171.pdf,invoice,False,1,True,0,0,0,0,clear,False
genuine,invoice,genuine/invoices/invoice_172.pdf,invoice,False,1,True,0,0,0,0,clear,False
genuine,invoice,genuine/invoices/invoice_173.pdf,invoice,False,1,True,0,0,0,0,clear,False
genuine,invoice,genuine/invoices/invoice_174.pdf,invoice,False,1,True,0,0,0,0,clear,False
genuine,invoice,genuine/invoices/invoice_175.pdf,invoice,False,1,True,0,0,0,0,clear,False
genuine,invoice,genuine/invoices/invoice_176.pdf,invoice,False,1,True,0,0,0,0,clear,False
genuine,invoice,genuine/invoices/invoice_177.pdf,invoice,False,1,True,0,0,0,0,clear,False
genuine,invoice,genuine/invoices/invoice_178.pdf,invoice,False,1,True,0,0,0,0,clear,False
genuine,invoice,genuine/invoices/invoice_179.pdf,invoice,False,1,True,0,0,0,0,clear,False
genuine,invoice,genuine/invoices/invoice_180.pdf,invoice,False,1,True,0,0,0,0,clear,False
genuine,invoice,genuine/invoices/invoice_181.pdf,invoice,False,1,True,0,0,0,0,clear,False
genuine,invoice,genuine/invoices/invoice_182.pdf,invoice,False,1,True,0,0,0,0,clear,False
genuine,invoice,genuine/invoices/invoice_183.pdf,invoice,False,1,True,0,0,0,0,clear,False
genuine,invoice,genuine/invoices/invoice_184.pdf,invoice,False,1,True,0,0,0,0,clear,False
genuine,invoice,genuine/invoices/invoice_185.pdf,invoice,False,1,True,0,0,0,0,clear,False
genuine,invoice,genuine/invoices/invoice_186.pdf,invoice,False,1,True,0,0,0,0,clear,False
genuine,invoice,genuine/invoices/invoice_187.pdf,invoice,False,1,True,0,0,0,0,clear,False
genuine,invoice,genuine/invoices/invoice_188.pdf,invoice,False,1,True,0,0,0,0,clear,False
genuine,invoice,genuine/invoices/invoice_189.pdf,invoice,False,1,True,0,0,0,0,clear,False
genuine,invoice,genuine/invoices/invoice_190.pdf,invoice,False,1,True,0,0,0,0,clear,False
genuine,invoice,genuine/invoices/invoice_191.pdf,invoice,False,1,True,0,0,0,0,clear,False
genuine,invoice,genuine/invoices/invoice_192.pdf,invoice,False,1,True,0,0,0,0,clear,False
genuine,invoice,genuine/invoices/invoice_193.pdf,invoice,False,1,True,0,0,0,0,clear,False
genuine,invoice,genuine/invoices/invoice_194.pdf,invoice,False,1,True,0,0,0,0,clear,False
genuine,invoice,genuine/invoices/invoice_195.pdf,invoice,False,1,True,0,0,0,0,clear,False
genuine,invoice,genuine/invoices/invoice_196.pdf,invoice,False,1,True,0,0,0,0,clear,False
genuine,invoice,genuine/invoices/invoice_197.pdf,invoice,False,1,True,0,0,0,0,clear,False
genuine,invoice,genuine/invoices/invoice_198.pdf,invoice,False,1,True,0,0,0,0,clear,False
genuine,invoice,genuine/invoices/invoice_199.pdf,invoice,False,1,True,0,0,0,0,clear,False
genuine,invoice,genuine/invoices/invoice_200.pdf,invoice,False,1,True,0,0,0,0,clear,False
genuine,invoice,genuine/invoices/invoice_201.pdf,invoice,False,1,True,0,0,0,0,clear,False
genuine,invoice,genuine/invoices/invoice_202.pdf,invoice,False,1,True,0,0,0,0,clear,False
genuine,invoice,genuine/invoices/invoice_203.pdf,invoice,False,1,True,0,0,0,0,clear,False
genuine,invoice,genuine/invoices/invoice_204.pdf,invoice,False,1,True,0,0,0,0,clear,False
genuine,invoice,genuine/invoices/invoice_205.pdf,invoice,False,1,True,0,0,0,0,clear,False
genuine,invoice,genuine/invoices/invoice_206.pdf,invoice,False,1,True,0,0,0,0,clear,False
genuine,invoice,genuine/invoices/invoice_207.pdf,invoice,False,1,True,0,0,0,0,clear,False
genuine,invoice,genuine/invoices/invoice_208.pdf,invoice,False,1,True,0,0,0,0,clear,False
genuine,invoice,genuine/invoices/invoice_209.pdf,invoice,False,1,True,0,0,0,0,clear,False
genuine,invoice,genuine/invoices/invoice_210.pdf,invoice,False,1,True,0,0,0,0,clear,False
genuine,invoice,genuine/invoices/invoice_211.pdf,invoice,False,1,True,0,0,0,0,clear,False
genuine,invoice,genuine/invoices/invoice_212.pdf,invoice,False,1,True,0,0,0,0,clear,False
genuine,invoice,genuine/invoices/invoice_213.pdf,invoice,False,1,True,0,0,0,0,clear,False
genuine,invoice,genuine/invoices/invoice_214.pdf,invoice,False,1,True,0,0,0,0,clear,False
genuine,invoice,genuine/invoices/invoice_215.pdf,invoice,False,1,True,0,0,0,0,clear,False
genuine,invoice,genuine/invoices/invoice_216.pdf,invoice,False,1,True,0,0,0,0,clear,False
genuine,invoice,genuine/invoices/invoice_217.pdf,invoice,False,1,True,0,0,0,0,clear,False
genuine,invoice,genuine/invoices/invoice_218.pdf,invoice,False,1,True,0,0,0,0,clear,False
genuine,invoice,genuine/invoices/invoice_219.pdf,invoice,False,1,True,0,0,0,0,clear,False
genuine,invoice,genuine/invoices/invoice_220.pdf,invoice,False,1,True,0,0,0,0,clear,False
genuine,invoice,genuine/invoices/invoice_221.pdf,invoice,False,1,True,0,0,0,0,clear,False
genuine,invoice,genuine/invoices/invoice_222.pdf,invoice,False,1,True,0,0,0,0,clear,False
genuine,invoice,genuine/invoices/invoice_223.pdf,invoice,False,1,True,0,0,0,0,clear,False
genuine,invoice,genuine/invoices/invoice_224.pdf,invoice,False,1,True,0,0,0,0,clear,False
genuine,invoice,genuine/invoices/invoice_225.pdf,invoice,False,1,True,0,0,0,0,clear,False
genuine,invoice,genuine/invoices/invoice_226.pdf,invoice,False,1,True,0,0,0,0,clear,False
genuine,invoice,genuine/invoices/invoice_227.pdf,invoice,False,1,True,0,0,0,0,clear,False
genuine,invoice,genuine/invoices/invoice_228.pdf,invoice,False,1,True,0,0,0,0,clear,False
genuine,invoice,genuine/invoices/invoice_229.pdf,invoice,False,1,True,0,0,0,0,clear,False
genuine,invoice,genuine/invoices/invoice_230.pdf,invoice,False,1,True,0,0,0,0,clear,False
genuine,invoice,genuine/invoices/invoice_231.pdf,invoice,False,1,True,0,0,0,0,clear,False
genuine,invoice,genuine/invoices/invoice_232.pdf,invoice,False,1,True,0,0,0,0,clear,False
genuine,invoice,genuine/invoices/invoice_233.pdf,invoice,False,1,True,0,0,0,0,clear,False
genuine,invoice,genuine/invoices/invoice_234.pdf,invoice,False,1,True,0,0,0,0,clear,False
genuine,invoice,genuine/invoices/invoice_235.pdf,invoice,False,1,True,0,0,0,0,clear,False
genuine,invoice,genuine/invoices/invoice_236.pdf,invoice,False,1,True,0,0,0,0,clear,False
genuine,invoice,genuine/invoices/invoice_237.pdf,invoice,False,1,True,0,0,0,0,clear,False
genuine,invoice,genuine/invoices/invoice_238.pdf,invoice,False,1,True,0,0,0,0,clear,False
genuine,invoice,genuine/invoices/invoice_239.pdf,invoice,False,1,True,0,0,0,0,clear,False
genuine,invoice,genuine/invoices/invoice_240.pdf,invoice,False,1,True,0,0,0,0,clear,False
genuine,invoice,genuine/invoices/invoice_241.pdf,invoice,False,1,True,0,0,0,0,clear,False
genuine,invoice,genuine/invoices/invoice_242.pdf,invoice,False,1,True,0,0,0,0,clear,False
genuine,invoice,genuine/invoices/invoice_243.pdf,invoice,False,1,True,0,0,0,0,clear,False
genuine,invoice,genuine/invoices/invoice_244.pdf,invoice,False,1,True,0,0,0,0,clear,False
genuine,invoice,genuine/invoices/invoice_245.pdf,invoice,False,1,True,0,0,0,0,clear,False
genuine,invoice,genuine/invoices/invoice_246.pdf,invoice,False,1,True,0,0,0,0,clear,False
genuine,invoice,genuine/invoices/invoice_247.pdf,invoice,False,1,True,0,0,0,0,clear,False
genuine,invoice,genuine/invoices/invoice_248.pdf,invoice,False,1,True,0,0,0,0,clear,False
genuine,invoice,genuine/invoices/invoice_249.pdf,invoice,False,1,True,0,0,0,0,clear,False
genuine,invoice,genuine/invoices/invoice_250.pdf,invoice,False,1,True,0,0,0,0,clear,False
genuine,invoice,genuine/invoices/invoice_251.pdf,invoice,False,1,True,0,0,0,0,clear,False
genuine,invoice,genuine/invoices/invoice_252.pdf,invoice,False,1,True,0,0,0,0,clear,False
genuine,invoice,genuine/invoices/invoice_253.pdf,invoice,False,1,True,0,0,0,0,clear,False
genuine,invoice,genuine/invoices/invoice_254.pdf,invoice,False,1,True,0,0,0,0,clear,False
genuine,invoice,genuine/invoices/invoice_255.pdf,invoice,False,1,True,0,0,0,0,clear,False
genuine,invoice,genuine/invoices/invoice_256.pdf,invoice,False,1,True,0,0,0,0,clear,False
genuine,invoice,genuine/invoices/invoice_257.pdf,invoice,False,1,True,0,0,0,0,clear,False
genuine,invoice,genuine/invoices/invoice_258.pdf,invoice,False,1,True,0,0,0,0,clear,False
genuine,invoice,genuine/invoices/invoice_259.pdf,invoice,False,1,True,0,0,0,0,clear,False
genuine,invoice,genuine/invoices/invoice_260.pdf,invoice,False,1,True,0,0,0,0,clear,False
genuine,invoice,genuine/invoices/invoice_261.pdf,invoice,False,1,True,0,0,0,0,clear,False
genuine,invoice,genuine/invoices/invoice_262.pdf,invoice,False,1,True,0,0,0,0,clear,False
genuine,invoice,genuine/invoices/invoice_263.pdf,invoice,False,1,True,0,0,0,0,clear,False
genuine,invoice,genuine/invoices/invoice_264.pdf,invoice,False,1,True,0,0,0,0,clear,False
genuine,invoice,genuine/invoices/invoice_265.pdf,invoice,False,1,True,0,0,0,0,clear,False
genuine,invoice,genuine/invoices/invoice_266.pdf,invoice,False,1,True,0,0,0,0,clear,False
genuine,invoice,genuine/invoices/invoice_267.pdf,invoice,False,1,True,0,0,0,0,clear,False
genuine,invoice,genuine/invoices/invoice_268.pdf,invoice,False,1,True,0,0,0,0,clear,False
genuine,invoice,genuine/invoices/invoice_269.pdf,invoice,False,1,True,0,0,0,0,clear,False
genuine,invoice,genuine/invoices/invoice_270.pdf,invoice,False,1,True,0,0,0,0,clear,False
genuine,invoice,genuine/invoices/invoice_271.pdf,invoice,False,1,True,0,0,0,0,clear,False
genuine,invoice,genuine/invoices/invoice_272.pdf,invoice,False,1,True,0,0,0,0,clear,False
genuine,invoice,genuine/invoices/invoice_273.pdf,invoice,False,1,True,0,0,0,0,clear,False
genuine,invoice,genuine/invoices/invoice_274.pdf,invoice,False,1,True,0,0,0,0,clear,False
genuine,invoice,genuine/invoices/invoice_275.pdf,invoice,False,1,True,0,0,0,0,clear,False
genuine,invoice,genuine/invoices/invoice_276.pdf,invoice,False,1,True,0,0,0,0,clear,False
genuine,invoice,genuine/invoices/invoice_277.pdf,invoice,False,1,True,0,0,0,0,clear,False
genuine,invoice,genuine/invoices/invoice_278.pdf,invoice,False,1,True,0,0,0,0,clear,False
genuine,invoice,genuine/invoices/invoice_279.pdf,invoice,False,1,True,0,0,0,0,clear,False
genuine,invoice,genuine/invoices/invoice_280.pdf,invoice,False,1,True,0,0,0,0,clear,False
genuine,invoice,genuine/invoices/invoice_281.pdf,invoice,False,1,True,0,0,0,0,clear,False
genuine,invoice,genuine/invoices/invoice_282.pdf,invoice,False,1,True,0,0,0,0,clear,False
genuine,invoice,genuine/invoices/invoice_283.pdf,invoice,False,1,True,0,0,0,0,clear,False
genuine,invoice,genuine/invoices/invoice_284.pdf,invoice,False,1,True,0,0,0,0,clear,False
genuine,invoice,genuine/invoices/invoice_285.pdf,invoice,False,1,True,0,0,0,0,clear,False
genuine,invoice,genuine/invoices/invoice_286.pdf,invoice,False,1,True,0,0,0,0,clear,False
genuine,invoice,genuine/invoices/invoice_287.pdf,invoice,False,1,True,0,0,0,0,clear,False
genuine,invoice,genuine/invoices/invoice_288.pdf,invoice,False,1,True,0,0,0,0,clear,False
genuine,invoice,genuine/invoices/invoice_289.pdf,invoice,False,1,True,0,0,0,0,clear,False
genuine,invoice,genuine/invoices/invoice_290.pdf,invoice,False,1,True,0,0,0,0,clear,False
genuine,invoice,genuine/invoices/invoice_291.pdf,invoice,False,1,True,0,0,0,0,clear,False
genuine,invoice,genuine/invoices/invoice_292.pdf,invoice,False,1,True,0,0,0,0,clear,False
genuine,invoice,genuine/invoices/invoice_293.pdf,invoice,False,1,True,0,0,0,0,clear,False
genuine,invoice,genuine/invoices/invoice_294.pdf,invoice,False,1,True,0,0,0,0,clear,False
genuine,invoice,genuine/invoices/invoice_295.pdf,invoice,False,1,True,0,0,0,0,clear,False
genuine,invoice,genuine/invoices/invoice_296.pdf,invoice,False,1,True,0,0,0,0,clear,False
genuine,invoice,genuine/invoices/invoice_297.pdf,invoice,False,1,True,0,0,0,0,clear,False
genuine,invoice,genuine/invoices/invoice_298.pdf,invoice,False,1,True,0,0,0,0,clear,False
genuine,invoice,genuine/invoices/invoice_299.pdf,invoice,False,1,True,0,0,0,0,clear,False
genuine,invoice,genuine/invoices/invoice_300.pdf,invoice,False,1,True,0,0,0,0,clear,False
genuine,invoice,genuine/invoices/invoice_301.pdf,invoice,False,1,True,0,0,0,0,clear,False
genuine,invoice,genuine/invoices/invoice_302.pdf,invoice,False,1,True,0,0,0,0,clear,False
genuine,invoice,genuine/invoices/invoice_303.pdf,invoice,False,1,True,0,0,0,0,clear,False
genuine,invoice,genuine/invoices/invoice_304.pdf,invoice,False,1,True,0,0,0,0,clear,False
genuine,invoice,genuine/invoices/invoice_305.pdf,invoice,False,1,True,0,0,0,0,clear,False
genuine,invoice,genuine/invoices/invoice_306.pdf,invoice,False,1,True,0,0,0,0,clear,False
genuine,invoice,genuine/invoices/invoice_307.pdf,invoice,False,1,True,0,0,0,0,clear,False
genuine,invoice,genuine/invoices/invoice_308.pdf,invoice,False,1,True,0,0,0,0,clear,False
genuine,invoice,genuine/invoices/invoice_309.pdf,invoice,False,1,True,0,0,0,0,clear,False
genuine,invoice,genuine/invoices/invoice_310.pdf,invoice,False,1,True,0,0,0,0,clear,False
genuine,invoice,genuine/invoices/invoice_311.pdf,invoice,False,1,True,0,0,0,0,clear,False
genuine,invoice,genuine/invoices/invoice_312.pdf,invoice,False,1,True,0,0,0,0,clear,False
genuine,invoice,genuine/invoices/invoice_313.pdf,invoice,False,1,True,0,0,0,0,clear,False
genuine,invoice,genuine/invoices/invoice_314.pdf,invoice,False,1,True,0,0,0,0,clear,False
genuine,invoice,genuine/invoices/invoice_315.pdf,invoice,False,1,True,0,0,0,0,clear,False
genuine,invoice,genuine/invoices/invoice_316.pdf,invoice,False,1,True,0,0,0,0,clear,False
genuine,invoice,genuine/invoices/invoice_317.pdf,invoice,False,1,True,0,0,0,0,clear,False
genuine,invoice,genuine/invoices/invoice_318.pdf,invoice,False,1,True,0,0,0,0,clear,False
genuine,invoice,genuine/invoices/invoice_319.pdf,invoice,False,1,True,0,0,0,0,clear,False
genuine,invoice,genuine/invoices/invoice_320.pdf,invoice,False,1,True,0,0,0,0,clear,False
genuine,invoice,genuine/invoices/invoice_321.pdf,invoice,False,1,True,0,0,0,0,clear,False
genuine,invoice,genuine/invoices/invoice_322.pdf,invoice,False,1,True,0,0,0,0,clear,False
genuine,invoice,genuine/invoices/invoice_323.pdf,invoice,False,1,True,0,0,0,0,clear,False
genuine,invoice,genuine/invoices/invoice_324.pdf,invoice,False,1,True,0,0,0,0,clear,False
genuine,invoice,genuine/invoices/invoice_325.pdf,invoice,False,1,True,0,0,0,0,clear,False
genuine,invoice,genuine/invoices/invoice_326.pdf,invoice,False,1,True,0,0,0,0,clear,False
genuine,invoice,genuine/invoices/invoice_327.pdf,invoice,False,1,True,0,0,0,0,clear,False
genuine,invoice,genuine/invoices/invoice_328.pdf,invoice,False,1,True,0,0,0,0,clear,False
genuine,invoice,genuine/invoices/invoice_329.pdf,invoice,False,1,True,0,0,0,0,clear,False
genuine,invoice,genuine/invoices/invoice_330.pdf,invoice,False,1,True,0,0,0,0,clear,False
genuine,invoice,genuine/invoices/invoice_331.pdf,invoice,False,1,True,0,0,0,0,clear,False
genuine,invoice,genuine/invoices/invoice_332.pdf,invoice,False,1,True,0,0,0,0,clear,False
genuine,invoice,genuine/invoices/invoice_333.pdf,invoice,False,1,True,0,0,0,0,clear,False
genuine,invoice,genuine/invoices/invoice_334.pdf,invoice,False,1,True,0,0,0,0,clear,False
genuine,invoice,genuine/invoices/invoice_335.pdf,invoice,False,1,True,0,0,0,0,clear,False
genuine,invoice,genuine/invoices/invoice_336.pdf,invoice,False,1,True,0,0,0,0,clear,False
genuine,invoice,genuine/invoices/invoice_337.pdf,invoice,False,1,True,0,0,0,0,clear,False
genuine,invoice,genuine/invoices/invoice_338.pdf,invoice,False,1,True,0,0,0,0,clear,False
genuine,invoice,genuine/invoices/invoice_339.pdf,invoice,False,1,True,0,0,0,0,clear,False
genuine,invoice,genuine/invoices/invoice_340.pdf,invoice,False,1,True,0,0,0,0,clear,False
genuine,invoice,genuine/invoices/invoice_341.pdf,invoice,False,1,True,0,0,0,0,clear,False
genuine,invoice,genuine/invoices/invoice_342.pdf,invoice,False,1,True,0,0,0,0,clear,False
genuine,invoice,genuine/invoices/invoice_343.pdf,invoice,False,1,True,0,0,0,0,clear,False
genuine,invoice,genuine/invoices/invoice_344.pdf,invoice,False,1,True,0,0,0,0,clear,False
genuine,invoice,genuine/invoices/invoice_345.pdf,invoice,False,1,True,0,0,0,0,clear,False
genuine,invoice,genuine/invoices/invoice_346.pdf,invoice,False,1,True,0,0,0,0,clear,False
genuine,invoice,genuine/invoices/invoice_347.pdf,invoice,False,1,True,0,0,0,0,clear,False
genuine,invoice,genuine/invoices/invoice_348.pdf,invoice,False,1,True,0,0,0,0,clear,False
genuine,invoice,genuine/invoices/invoice_349.pdf,invoice,False,1,True,0,0,0,0,clear,False
genuine,invoice,genuine/invoices/invoice_350.pdf,invoice,False,1,True,0,0,0,0,clear,False
genuine,invoice,genuine/invoices/invoice_351.pdf,invoice,False,1,True,0,0,0,0,clear,False
genuine,invoice,genuine/invoices/invoice_352.pdf,invoice,False,1,True,0,0,0,0,clear,False
genuine,invoice,genuine/invoices/invoice_353.pdf,invoice,False,1,True,0,0,0,0,clear,False
genuine,invoice,genuine/invoices/invoice_354.pdf,invoice,False,1,True,0,0,0,0,clear,False
genuine,invoice,genuine/invoices/invoice_355.pdf,invoice,False,1,True,0,0,0,0,clear,False
genuine,invoice,genuine/invoices/invoice_356.pdf,invoice,False,1,True,0,0,0,0,clear,False
genuine,invoice,genuine/invoices/invoice_357.pdf,invoice,False,1,True,0,0,0,0,clear,False
genuine,invoice,genuine/invoices/invoice_358.pdf,invoice,False,1,True,0,0,0,0,clear,False
genuine,invoice,genuine/invoices/invoice_359.pdf,invoice,False,1,True,0,0,0,0,clear,False
genuine,invoice,genuine/invoices/invoice_360.pdf,invoice,False,1,True,0,0,0,0,clear,False
genuine,invoice,genuine/invoices/invoice_361.pdf,invoice,False,1,True,0,0,0,0,clear,False
genuine,invoice,genuine/invoices/invoice_362.pdf,invoice,False,1,True,0,0,0,0,clear,False
genuine,invoice,genuine/invoices/invoice_363.pdf,invoice,False,1,True,0,0,0,0,clear,False
genuine,invoice,genuine/invoices/invoice_364.pdf,invoice,False,1,True,0,0,0,0,clear,False
genuine,invoice,genuine/invoices/invoice_365.pdf,invoice,False,1,True,0,0,0,0,clear,False
genuine,invoice,genuine/invoices/invoice_366.pdf,invoice,False,1,True,0,0,0,0,clear,False
genuine,invoice,genuine/invoices/invoice_367.pdf,invoice,False,1,True,0,0,0,0,clear,False
genuine,invoice,genuine/invoices/invoice_368.pdf,invoice,False,1,True,0,0,0,0,clear,False
genuine,invoice,genuine/invoices/invoice_369.pdf,invoice,False,1,True,0,0,0,0,clear,False
genuine,invoice,genuine/invoices/invoice_370.pdf,invoice,False,1,True,0,0,0,0,clear,False
genuine,invoice,genuine/invoices/invoice_371.pdf,invoice,False,1,True,0,0,0,0,clear,False
genuine,invoice,genuine/invoices/invoice_372.pdf,invoice,False,1,True,0,0,0,0,clear,False
genuine,invoice,genuine/invoices/invoice_373.pdf,invoice,False,1,True,0,0,0,0,clear,False
genuine,invoice,genuine/invoices/invoice_374.pdf,invoice,False,1,True,0,0,0,0,clear,False
genuine,invoice,genuine/invoices/invoice_375.pdf,invoice,False,1,True,0,0,0,0,clear,False
genuine,invoice,genuine/invoices/invoice_376.pdf,invoice,False,1,True,0,0,0,0,clear,False
genuine,invoice,genuine/invoices/invoice_377.pdf,invoice,False,1,True,0,0,0,0,clear,False
genuine,invoice,genuine/invoices/invoice_378.pdf,invoice,False,1,True,0,0,0,0,clear,False
genuine,invoice,genuine/invoices/invoice_379.pdf,invoice,False,1,True,0,0,0,0,clear,False
genuine,invoice,genuine/invoices/invoice_380.pdf,invoice,False,1,True,0,0,0,0,clear,False
genuine,invoice,genuine/invoices/invoice_381.pdf,invoice,False,1,True,0,0,0,0,clear,False
genuine,invoice,genuine/invoices/invoice_382.pdf,invoice,False,1,True,0,0,0,0,clear,False
genuine,invoice,genuine/invoices/invoice_383.pdf,invoice,False,1,True,0,0,0,0,clear,False
genuine,invoice,genuine/invoices/invoice_384.pdf,invoice,False,1,True,0,0,0,0,clear,False
genuine,invoice,genuine/invoices/invoice_385.pdf,invoice,False,1,True,0,0,0,0,clear,False
genuine,invoice,genuine/invoices/invoice_386.pdf,invoice,False,1,True,0,0,0,0,clear,False
genuine,invoice,genuine/invoices/invoice_387.pdf,invoice,False,1,True,0,0,0,0,clear,False
genuine,invoice,genuine/invoices/invoice_388.pdf,invoice,False,1,True,0,0,0,0,clear,False
genuine,invoice,genuine/invoices/invoice_389.pdf,invoice,False,1,True,0,0,0,0,clear,False
genuine,invoice,genuine/invoices/invoice_390.pdf,invoice,False,1,True,0,0,0,0,clear,False
genuine,invoice,genuine/invoices/invoice_391.pdf,invoice,False,1,True,0,0,0,0,clear,False
genuine,invoice,genuine/invoices/invoice_392.pdf,invoice,False,1,True,0,0,0,0,clear,False
genuine,invoice,genuine/invoices/invoice_393.pdf,invoice,False,1,True,0,0,0,0,clear,False
genuine,invoice,genuine/invoices/invoice_394.pdf,invoice,False,1,True,0,0,0,0,clear,False
genuine,invoice,genuine/invoices/invoice_395.pdf,invoice,False,1,True,0,0,0,0,clear,False
genuine,invoice,genuine/invoices/invoice_396.pdf,invoice,False,1,True,0,0,0,0,clear,False
genuine,invoice,genuine/invoices/invoice_397.pdf,invoice,False,1,True,0,0,0,0,clear,False
genuine,invoice,genuine/invoices/invoice_398.pdf,invoice,False,1,True,0,0,0,0,clear,False
genuine,invoice,genuine/invoices/invoice_399.pdf,invoice,False,1,True,0,0,0,0,clear,False
genuine,invoice,genuine/invoices/invoice_400.pdf,invoice,False,1,True,0,0,0,0,clear,False
genuine,invoice,genuine/invoices/invoice_401.pdf,invoice,False,1,True,0,0,0,0,clear,False
genuine,invoice,genuine/invoices/invoice_402.pdf,invoice,False,1,True,0,0,0,0,clear,False
genuine,invoice,genuine/invoices/invoice_403.pdf,invoice,False,1,True,0,0,0,0,clear,False
genuine,invoice,genuine/invoices/invoice_404.pdf,invoice,False,1,True,0,0,0,0,clear,False
genuine,invoice,genuine/invoices/invoice_405.pdf,invoice,False,1,True,0,0,0,0,clear,False
genuine,invoice,genuine/invoices/invoice_406.pdf,invoice,False,1,True,0,0,0,0,clear,False
genuine,invoice,genuine/invoices/invoice_407.pdf,invoice,False,1,True,0,0,0,0,clear,False
genuine,invoice,genuine/invoices/invoice_408.pdf,invoice,False,1,True,0,0,0,0,clear,False
genuine,invoice,genuine/invoices/invoice_409.pdf,invoice,False,1,True,0,0,0,0,clear,False
genuine,invoice,genuine/invoices/invoice_410.pdf,invoice,False,1,True,0,0,0,0,clear,False
genuine,invoice,genuine/invoices/invoice_411.pdf,invoice,False,1,True,0,0,0,0,clear,False
genuine,invoice,genuine/invoices/invoice_412.pdf,invoice,False,1,True,0,0,0,0,clear,False
genuine,invoice,genuine/invoices/invoice_413.pdf,invoice,False,1,True,0,0,0,0,clear,False
genuine,invoice,genuine/invoices/invoice_414.pdf,invoice,False,1,True,0,0,0,0,clear,False
genuine,invoice,genuine/invoices/invoice_415.pdf,invoice,False,1,True,0,0,0,0,clear,False
genuine,invoice,genuine/invoices/invoice_416.pdf,invoice,False,1,True,0,0,0,0,clear,False
genuine,invoice,genuine/invoices/invoice_417.pdf,invoice,False,1,True,0,0,0,0,clear,False
genuine,invoice,genuine/invoices/invoice_418.pdf,invoice,False,1,True,0,0,0,0,clear,False
genuine,invoice,genuine/invoices/invoice_419.pdf,invoice,False,1,True,0,0,0,0,clear,False
genuine,invoice,genuine/invoices/invoice_420.pdf,invoice,False,1,True,0,0,0,0,clear,False
genuine,invoice,genuine/invoices/invoice_421.pdf,invoice,False,1,True,0,0,0,0,clear,False
genuine,invoice,genuine/invoices/invoice_422.pdf,invoice,False,1,True,0,0,0,0,clear,False
genuine,invoice,genuine/invoices/invoice_423.pdf,invoice,False,1,True,0,0,0,0,clear,False
genuine,invoice,genuine/invoices/invoice_424.pdf,invoice,False,1,True,0,0,0,0,clear,False
genuine,invoice,genuine/invoices/invoice_425.pdf,invoice,False,1,True,0,0,0,0,clear,False
genuine,invoice,genuine/invoices/invoice_426.pdf,invoice,False,1,True,0,0,0,0,clear,False
genuine,invoice,genuine/invoices/invoice_427.pdf,invoice,False,1,True,0,0,0,0,clear,False
genuine,invoice,genuine/invoices/invoice_428.pdf,invoice,False,1,True,0,0,0,0,clear,False
genuine,invoice,genuine/invoices/invoice_429.pdf,invoice,False,1,True,0,0,0,0,clear,False
genuine,invoice,genuine/invoices/invoice_430.pdf,invoice,False,1,True,0,0,0,0,clear,False
genuine,invoice,genuine/invoices/invoice_431.pdf,invoice,False,1,True,0,0,0,0,clear,False
genuine,invoice,genuine/invoices/invoice_432.pdf,invoice,False,1,True,0,0,0,0,clear,False
genuine,invoice,genuine/invoices/invoice_433.pdf,invoice,False,1,True,0,0,0,0,clear,False
genuine,invoice,genuine/invoices/invoice_434.pdf,invoice,False,1,True,0,0,0,0,clear,False
genuine,invoice,genuine/invoices/invoice_435.pdf,invoice,False,1,True,0,0,0,0,clear,False
genuine,invoice,genuine/invoices/invoice_436.pdf,invoice,False,1,True,0,0,0,0,clear,False
genuine,invoice,genuine/invoices/invoice_437.pdf,invoice,False,1,True,0,0,0,0,clear,False
genuine,invoice,genuine/invoices/invoice_438.pdf,invoice,False,1,True,0,0,0,0,clear,False
genuine,invoice,genuine/invoices/invoice_439.pdf,invoice,False,1,True,0,0,0,0,clear,False
genuine,invoice,genuine/invoices/invoice_440.pdf,invoice,False,1,True,0,0,0,0,clear,False
genuine,invoice,genuine/invoices/invoice_441.pdf,invoice,False,1,True,0,0,0,0,clear,False
genuine,invoice,genuine/invoices/invoice_442.pdf,invoice,False,1,True,0,0,0,0,clear,False
genuine,invoice,genuine/invoices/invoice_443.pdf,invoice,False,1,True,0,0,0,0,clear,False
genuine,invoice,genuine/invoices/invoice_444.pdf,invoice,False,1,True,0,0,0,0,clear,False
genuine,invoice,genuine/invoices/invoice_445.pdf,invoice,False,1,True,0,0,0,0,clear,False
genuine,invoice,genuine/invoices/invoice_446.pdf,invoice,False,1,True,0,0,0,0,clear,False
genuine,invoice,genuine/invoices/invoice_447.pdf,invoice,False,1,True,0,0,0,0,clear,False
genuine,invoice,genuine/invoices/invoice_448.pdf,invoice,False,1,True,0,0,0,0,clear,False
genuine,invoice,genuine/invoices/invoice_449.pdf,invoice,False,1,True,0,0,0,0,clear,False
genuine,invoice,genuine/invoices/invoice_450.pdf,invoice,False,1,True,0,0,0,0,clear,False
genuine,invoice,genuine/invoices/invoice_451.pdf,invoice,False,1,True,0,0,0,0,clear,False
genuine,invoice,genuine/invoices/invoice_452.pdf,invoice,False,1,True,0,0,0,0,clear,False
genuine,invoice,genuine/invoices/invoice_453.pdf,invoice,False,1,True,0,0,0,0,clear,False
genuine,invoice,genuine/invoices/invoice_454.pdf,invoice,False,1,True,0,0,0,0,clear,False
genuine,invoice,genuine/invoices/invoice_455.pdf,invoice,False,1,True,0,0,0,0,clear,False
genuine,invoice,genuine/invoices/invoice_456.pdf,invoice,False,1,True,0,0,0,0,clear,False
genuine,invoice,genuine/invoices/invoice_457.pdf,invoice,False,1,True,0,0,0,0,clear,False
genuine,invoice,genuine/invoices/invoice_458.pdf,invoice,False,1,True,0,0,0,0,clear,False
genuine,invoice,genuine/invoices/invoice_459.pdf,invoice,False,1,True,0,0,0,0,clear,False
genuine,invoice,genuine/invoices/invoice_460.pdf,invoice,False,1,True,0,0,0,0,clear,False
genuine,invoice,genuine/invoices/invoice_461.pdf,invoice,False,1,True,0,0,0,0,clear,False
genuine,invoice,genuine/invoices/invoice_462.pdf,invoice,False,1,True,0,0,0,0,clear,False
genuine,invoice,genuine/invoices/invoice_463.pdf,invoice,False,1,True,0,0,0,0,clear,False
genuine,invoice,genuine/invoices/invoice_464.pdf,invoice,False,1,True,0,0,0,0,clear,False
genuine,invoice,genuine/invoices/invoice_465.pdf,invoice,False,1,True,0,0,0,0,clear,False
genuine,invoice,genuine/invoices/invoice_466.pdf,invoice,False,1,True,0,0,0,0,clear,False
genuine,invoice,genuine/invoices/invoice_467.pdf,invoice,False,1,True,0,0,0,0,clear,False
genuine,invoice,genuine/invoices/invoice_468.pdf,invoice,False,1,True,0,0,0,0,clear,False
genuine,invoice,genuine/invoices/invoice_469.pdf,invoice,False,1,True,0,0,0,0,clear,False
genuine,invoice,genuine/invoices/invoice_470.pdf,invoice,False,1,True,0,0,0,0,clear,False
genuine,invoice,genuine/invoices/invoice_471.pdf,invoice,False,1,True,0,0,0,0,clear,False
genuine,invoice,genuine/invoices/invoice_472.pdf,invoice,False,1,True,0,0,0,0,clear,False
genuine,invoice,genuine/invoices/invoice_473.pdf,invoice,False,1,True,0,0,0,0,clear,False
genuine,invoice,genuine/invoices/invoice_474.pdf,invoice,False,1,True,0,0,0,0,clear,False
genuine,invoice,genuine/invoices/invoice_475.pdf,invoice,False,1,True,0,0,0,0,clear,False
genuine,invoice,genuine/invoices/invoice_476.pdf,invoice,False,1,True,0,0,0,0,clear,False
genuine,invoice,genuine/invoices/invoice_477.pdf,invoice,False,1,True,0,0,0,0,clear,False
genuine,invoice,genuine/invoices/invoice_478.pdf,invoice,False,1,True,0,0,0,0,clear,False
genuine,invoice,genuine/invoices/invoice_479.pdf,invoice,False,1,True,0,0,0,0,clear,False
genuine,invoice,genuine/invoices/invoice_480.pdf,invoice,False,1,True,0,0,0,0,clear,False
genuine,invoice,genuine/invoices/invoice_481.pdf,invoice,False,1,True,0,0,0,0,clear,False
genuine,invoice,genuine/invoices/invoice_482.pdf,invoice,False,1,True,0,0,0,0,clear,False
genuine,invoice,genuine/invoices/invoice_483.pdf,invoice,False,1,True,0,0,0,0,clear,False
genuine,invoice,genuine/invoices/invoice_484.pdf,invoice,False,1,True,0,0,0,0,clear,False
genuine,invoice,genuine/invoices/invoice_485.pdf,invoice,False,1,True,0,0,0,0,clear,False
genuine,invoice,genuine/invoices/invoice_486.pdf,invoice,False,1,True,0,0,0,0,clear,False
genuine,invoice,genuine/invoices/invoice_487.pdf,invoice,False,1,True,0,0,0,0,clear,False
genuine,invoice,genuine/invoices/invoice_488.pdf,invoice,False,1,True,0,0,0,0,clear,False
genuine,invoice,genuine/invoices/invoice_489.pdf,invoice,False,1,True,0,0,0,0,clear,False
genuine,invoice,genuine/invoices/invoice_490.pdf,invoice,False,1,True,0,0,0,0,clear,False
genuine,invoice,genuine/invoices/invoice_491.pdf,invoice,False,1,True,0,0,0,0,clear,False
genuine,invoice,genuine/invoices/invoice_492.pdf,invoice,False,1,True,0,0,0,0,clear,False
genuine,invoice,genuine/invoices/invoice_493.pdf,invoice,False,1,True,0,0,0,0,clear,False
genuine,invoice,genuine/invoices/invoice_494.pdf,invoice,False,1,True,0,0,0,0,clear,False
genuine,invoice,genuine/invoices/invoice_495.pdf,invoice,False,1,True,0,0,0,0,clear,False
genuine,invoice,genuine/invoices/invoice_496.pdf,invoice,False,1,True,0,0,0,0,clear,False
genuine,invoice,genuine/invoices/invoice_497.pdf,invoice,False,1,True,0,0,0,0,clear,False
genuine,invoice,genuine/invoices/invoice_498.pdf,invoice,False,1,True,0,0,0,0,clear,False
genuine,invoice,genuine/invoices/invoice_499.pdf,invoice,False,1,True,0,0,0,0,clear,False
genuine,invoice,genuine/invoices/invoice_500.pdf,invoice,False,1,True,0,0,0,0,clear,False
genuine,invoice,genuine/invoices/invoice_501.pdf,invoice,False,1,True,0,0,0,0,clear,False
genuine,invoice,genuine/invoices/invoice_502.pdf,invoice,False,1,True,0,0,0,0,clear,False
genuine,invoice,genuine/invoices/invoice_503.pdf,invoice,False,1,True,0,0,0,0,clear,False
genuine,invoice,genuine/invoices/invoice_504.pdf,invoice,False,1,True,0,0,0,0,clear,False
genuine,invoice,genuine/invoices/invoice_505.pdf,invoice,False,1,True,0,0,0,0,clear,False
genuine,invoice,genuine/invoices/invoice_506.pdf,invoice,False,1,True,0,0,0,0,clear,False
genuine,invoice,genuine/invoices/invoice_507.pdf,invoice,False,1,True,0,0,0,0,clear,False
genuine,invoice,genuine/invoices/invoice_508.pdf,invoice,False,1,True,0,0,0,0,clear,False
genuine,invoice,genuine/invoices/invoice_509.pdf,invoice,False,1,True,0,0,0,0,clear,False
genuine,invoice,genuine/invoices/invoice_510.pdf,invoice,False,1,True,0,0,0,0,clear,False
genuine,invoice,genuine/invoices/invoice_511.pdf,invoice,False,1,True,0,0,0,0,clear,False
genuine,invoice,genuine/invoices/invoice_512.pdf,invoice,False,1,True,0,0,0,0,clear,False
genuine,invoice,genuine/invoices/invoice_513.pdf,invoice,False,1,True,0,0,0,0,clear,False
genuine,invoice,genuine/invoices/invoice_514.pdf,invoice,False,1,True,0,0,0,0,clear,False
genuine,invoice,genuine/invoices/invoice_515.pdf,invoice,False,1,True,0,0,0,0,clear,False
genuine,invoice,genuine/invoices/invoice_516.pdf,invoice,False,1,True,0,0,0,0,clear,False
genuine,invoice,genuine/invoices/invoice_517.pdf,invoice,False,1,True,0,0,0,0,clear,False
genuine,invoice,genuine/invoices/invoice_518.pdf,invoice,False,1,True,0,0,0,0,clear,False
genuine,invoice,genuine/invoices/invoice_519.pdf,invoice,False,1,True,0,0,0,0,clear,False
genuine,invoice,genuine/invoices/invoice_520.pdf,invoice,False,1,True,0,0,0,0,clear,False
genuine,invoice,genuine/invoices/invoice_521.pdf,invoice,False,1,True,0,0,0,0,clear,False
genuine,invoice,genuine/invoices/invoice_522.pdf,invoice,False,1,True,0,0,0,0,clear,False
genuine,invoice,genuine/invoices/invoice_523.pdf,invoice,False,1,True,0,0,0,0,clear,False
genuine,invoice,genuine/invoices/invoice_524.pdf,invoice,False,1,True,0,0,0,0,clear,False
genuine,invoice,genuine/invoices/invoice_525.pdf,invoice,False,1,True,0,0,0,0,clear,False
genuine,invoice,genuine/invoices/invoice_526.pdf,invoice,False,1,True,0,0,0,0,clear,False
genuine,invoice,genuine/invoices/invoice_527.pdf,invoice,False,1,True,0,0,0,0,clear,False
genuine,invoice,genuine/invoices/invoice_528.pdf,invoice,False,1,True,0,0,0,0,clear,False
genuine,invoice,genuine/invoices/invoice_529.pdf,invoice,False,1,True,0,0,0,0,clear,False
genuine,invoice,genuine/invoices/invoice_530.pdf,invoice,False,1,True,0,0,0,0,clear,False
genuine,invoice,genuine/invoices/invoice_531.pdf,invoice,False,1,True,0,0,0,0,clear,False
genuine,invoice,genuine/invoices/invoice_532.pdf,invoice,False,1,True,0,0,0,0,clear,False
genuine,invoice,genuine/invoices/invoice_533.pdf,invoice,False,1,True,0,0,0,0,clear,False
genuine,invoice,genuine/invoices/invoice_534.pdf,invoice,False,1,True,0,0,0,0,clear,False
genuine,invoice,genuine/invoices/invoice_535.pdf,invoice,False,1,True,0,0,0,0,clear,False
genuine,invoice,genuine/invoices/invoice_536.pdf,invoice,False,1,True,0,0,0,0,clear,False
genuine,invoice,genuine/invoices/invoice_537.pdf,invoice,False,1,True,0,0,0,0,clear,False
genuine,invoice,genuine/invoices/invoice_538.pdf,invoice,False,1,True,0,0,0,0,clear,False
genuine,invoice,genuine/invoices/invoice_539.pdf,invoice,False,1,True,0,0,0,0,clear,False
genuine,invoice,genuine/invoices/invoice_540.pdf,invoice,False,1,True,0,0,0,0,clear,False
genuine,invoice,genuine/invoices/invoice_541.pdf,invoice,False,1,True,0,0,0,0,clear,False
genuine,invoice,genuine/invoices/invoice_542.pdf,invoice,False,1,True,0,0,0,0,clear,False
genuine,invoice,genuine/invoices/invoice_543.pdf,invoice,False,1,True,0,0,0,0,clear,False
genuine,invoice,genuine/invoices/invoice_544.pdf,invoice,False,1,True,0,0,0,0,clear,False
genuine,invoice,genuine/invoices/invoice_545.pdf,invoice,False,1,True,0,0,0,0,clear,False
genuine,invoice,genuine/invoices/invoice_546.pdf,invoice,False,1,True,0,0,0,0,clear,False
genuine,invoice,genuine/invoices/invoice_547.pdf,invoice,False,1,True,0,0,0,0,clear,False
genuine,invoice,genuine/invoices/invoice_548.pdf,invoice,False,1,True,0,0,0,0,clear,False
genuine,invoice,genuine/invoices/invoice_549.pdf,invoice,False,1,True,0,0,0,0,clear,False
genuine,invoice,genuine/invoices/invoice_550.pdf,invoice,False,1,True,0,0,0,0,clear,False
genuine,invoice,genuine/invoices/invoice_551.pdf,invoice,False,1,True,0,0,0,0,clear,False
genuine,invoice,genuine/invoices/invoice_552.pdf,invoice,False,1,True,0,0,0,0,clear,False
genuine,invoice,genuine/invoices/invoice_553.pdf,invoice,False,1,True,0,0,0,0,clear,False
genuine,invoice,genuine/invoices/invoice_554.pdf,invoice,False,1,True,0,0,0,0,clear,False
genuine,invoice,genuine/invoices/invoice_555.pdf,invoice,False,1,True,0,0,0,0,clear,False
genuine,invoice,genuine/invoices/invoice_556.pdf,invoice,False,1,True,0,0,0,0,clear,False
genuine,invoice,genuine/invoices/invoice_557.pdf,invoice,False,1,True,0,0,0,0,clear,False
genuine,invoice,genuine/invoices/invoice_558.pdf,invoice,False,1,True,0,0,0,0,clear,False
genuine,invoice,genuine/invoices/invoice_559.pdf,invoice,False,1,True,0,0,0,0,clear,False
genuine,invoice,genuine/invoices/invoice_560.pdf,invoice,False,1,True,0,0,0,0,clear,False
genuine,invoice,genuine/invoices/invoice_561.pdf,invoice,False,1,True,0,0,0,0,clear,False
genuine,invoice,genuine/invoices/invoice_562.pdf,invoice,False,1,True,0,0,0,0,clear,False
genuine,invoice,genuine/invoices/invoice_563.pdf,invoice,False,1,True,0,0,0,0,clear,False
genuine,invoice,genuine/invoices/invoice_564.pdf,invoice,False,1,True,0,0,0,0,clear,False
genuine,invoice,genuine/invoices/invoice_565.pdf,invoice,False,1,True,0,0,0,0,clear,False
genuine,invoice,genuine/invoices/invoice_566.pdf,invoice,False,1,True,0,0,0,0,clear,False
genuine,invoice,genuine/invoices/invoice_567.pdf,invoice,False,1,True,0,0,0,0,clear,False
genuine,invoice,genuine/invoices/invoice_568.pdf,invoice,False,1,True,0,0,0,0,clear,False
genuine,invoice,genuine/invoices/invoice_569.pdf,invoice,False,1,True,0,0,0,0,clear,False
genuine,invoice,genuine/invoices/invoice_570.pdf,invoice,False,1,True,0,0,0,0,clear,False
genuine,invoice,genuine/invoices/invoice_571.pdf,invoice,False,1,True,0,0,0,0,clear,False
genuine,invoice,genuine/invoices/invoice_572.pdf,invoice,False,1,True,0,0,0,0,clear,False
genuine,invoice,genuine/invoices/invoice_573.pdf,invoice,False,1,True,0,0,0,0,clear,False
genuine,invoice,genuine/invoices/invoice_574.pdf,invoice,False,1,True,0,0,0,0,clear,False
genuine,invoice,genuine/invoices/invoice_575.pdf,invoice,False,1,True,0,0,0,0,clear,False
genuine,invoice,genuine/invoices/invoice_576.pdf,invoice,False,1,True,0,0,0,0,clear,False
genuine,invoice,genuine/invoices/invoice_577.pdf,invoice,False,1,True,0,0,0,0,clear,False
genuine,invoice,genuine/invoices/invoice_578.pdf,invoice,False,1,True,0,0,0,0,clear,False
genuine,invoice,genuine/invoices/invoice_579.pdf,invoice,False,1,True,0,0,0,0,clear,False
genuine,invoice,genuine/invoices/invoice_580.pdf,invoice,False,1,True,0,0,0,0,clear,False
genuine,invoice,genuine/invoices/invoice_581.pdf,invoice,False,1,True,0,0,0,0,clear,False
genuine,invoice,genuine/invoices/invoice_582.pdf,invoice,False,1,True,0,0,0,0,clear,False
genuine,invoice,genuine/invoices/invoice_583.pdf,invoice,False,1,True,0,0,0,0,clear,False
genuine,invoice,genuine/invoices/invoice_584.pdf,invoice,False,1,True,0,0,0,0,clear,False
genuine,invoice,genuine/invoices/invoice_585.pdf,invoice,False,1,True,0,0,0,0,clear,False
genuine,invoice,genuine/invoices/invoice_586.pdf,invoice,False,1,True,0,0,0,0,clear,False
genuine,invoice,genuine/invoices/invoice_587.pdf,invoice,False,1,True,0,0,0,0,clear,False
genuine,invoice,genuine/invoices/invoice_588.pdf,invoice,False,1,True,0,0,0,0,clear,False
genuine,invoice,genuine/invoices/invoice_589.pdf,invoice,False,1,True,0,0,0,0,clear,False
genuine,invoice,genuine/invoices/invoice_590.pdf,invoice,False,1,True,0,0,0,0,clear,False
genuine,invoice,genuine/invoices/invoice_591.pdf,invoice,False,1,True,0,0,0,0,clear,False
genuine,invoice,genuine/invoices/invoice_592.pdf,invoice,False,1,True,0,0,0,0,clear,False
genuine,invoice,genuine/invoices/invoice_593.pdf,invoice,False,1,True,0,0,0,0,clear,False
genuine,invoice,genuine/invoices/invoice_594.pdf,invoice,False,1,True,0,0,0,0,clear,False
genuine,invoice,genuine/invoices/invoice_595.pdf,invoice,False,1,True,0,0,0,0,clear,False
genuine,invoice,genuine/invoices/invoice_596.pdf,invoice,False,1,True,0,0,0,0,clear,False
genuine,invoice,genuine/invoices/invoice_597.pdf,invoice,False,1,True,0,0,0,0,clear,False
genuine,invoice,genuine/invoices/invoice_598.pdf,invoice,False,1,True,0,0,0,0,clear,False
genuine,invoice,genuine/invoices/invoice_599.pdf,invoice,False,1,True,0,0,0,0,clear,False
genuine,invoice,genuine/invoices/invoice_600.pdf,invoice,False,1,True,0,0,0,0,clear,False
genuine,invoice,genuine/invoices/invoice_601.pdf,invoice,False,1,True,0,0,0,0,clear,False
genuine,invoice,genuine/invoices/invoice_602.pdf,invoice,False,1,True,0,0,0,0,clear,False
genuine,invoice,genuine/invoices/invoice_603.pdf,invoice,False,1,True,0,0,0,0,clear,False
genuine,invoice,genuine/invoices/invoice_604.pdf,invoice,False,1,True,0,0,0,0,clear,False
genuine,invoice,genuine/invoices/invoice_605.pdf,invoice,False,1,True,0,0,0,0,clear,False
genuine,invoice,genuine/invoices/invoice_606.pdf,invoice,False,1,True,0,0,0,0,clear,False
genuine,invoice,genuine/invoices/invoice_607.pdf,invoice,False,1,True,0,0,0,0,clear,False
genuine,invoice,genuine/invoices/invoice_608.pdf,invoice,False,1,True,0,0,0,0,clear,False
genuine,invoice,genuine/invoices/invoice_609.pdf,invoice,False,1,True,0,0,0,0,clear,False
genuine,invoice,genuine/invoices/invoice_610.pdf,invoice,False,1,True,0,0,0,0,clear,False
genuine,invoice,genuine/invoices/invoice_611.pdf,invoice,False,1,True,0,0,0,0,clear,False
genuine,invoice,genuine/invoices/invoice_612.pdf,invoice,False,1,True,0,0,0,0,clear,False
genuine,invoice,genuine/invoices/invoice_613.pdf,invoice,False,1,True,0,0,0,0,clear,False
genuine,invoice,genuine/invoices/invoice_614.pdf,invoice,False,1,True,0,0,0,0,clear,False
genuine,invoice,genuine/invoices/invoice_615.pdf,invoice,False,1,True,0,0,0,0,clear,False
genuine,invoice,genuine/invoices/invoice_616.pdf,invoice,False,1,True,0,0,0,0,clear,False
genuine,invoice,genuine/invoices/invoice_617.pdf,invoice,False,1,True,0,0,0,0,clear,False
genuine,invoice,genuine/invoices/invoice_618.pdf,invoice,False,1,True,0,0,0,0,clear,False
genuine,invoice,genuine/invoices/invoice_619.pdf,invoice,False,1,True,0,0,0,0,clear,False
genuine,invoice,genuine/invoices/invoice_620.pdf,invoice,False,1,True,0,0,0,0,clear,False
genuine,invoice,genuine/invoices/invoice_621.pdf,invoice,False,1,True,0,0,0,0,clear,False
genuine,invoice,genuine/invoices/invoice_622.pdf,invoice,False,1,True,0,0,0,0,clear,False
genuine,invoice,genuine/invoices/invoice_623.pdf,invoice,False,1,True,0,0,0,0,clear,False
genuine,invoice,genuine/invoices/invoice_624.pdf,invoice,False,1,True,0,0,0,0,clear,False
genuine,invoice,genuine/invoices/invoice_625.pdf,invoice,False,1,True,0,0,0,0,clear,False
genuine,invoice,genuine/invoices/invoice_626.pdf,invoice,False,1,True,0,0,0,0,clear,False
genuine,invoice,genuine/invoices/invoice_627.pdf,invoice,False,1,True,0,0,0,0,clear,False
genuine,invoice,genuine/invoices/invoice_628.pdf,invoice,False,1,True,0,0,0,0,clear,False
genuine,invoice,genuine/invoices/invoice_629.pdf,invoice,False,1,True,0,0,0,0,clear,False
genuine,invoice,genuine/invoices/invoice_630.pdf,invoice,False,1,True,0,0,0,0,clear,False
genuine,invoice,genuine/invoices/invoice_631.pdf,invoice,False,1,True,0,0,0,0,clear,False
genuine,invoice,genuine/invoices/invoice_632.pdf,invoice,False,1,True,0,0,0,0,clear,False
genuine,invoice,genuine/invoices/invoice_633.pdf,invoice,False,1,True,0,0,0,0,clear,False
genuine,invoice,genuine/invoices/invoice_634.pdf,invoice,False,1,True,0,0,0,0,clear,False
genuine,invoice,genuine/invoices/invoice_635.pdf,invoice,False,1,True,0,0,0,0,clear,False
genuine,invoice,genuine/invoices/invoice_636.pdf,invoice,False,1,True,0,0,0,0,clear,False
genuine,invoice,genuine/invoices/invoice_637.pdf,invoice,False,1,True,0,0,0,0,clear,False
genuine,invoice,genuine/invoices/invoice_638.pdf,invoice,False,1,True,0,0,0,0,clear,False
genuine,invoice,genuine/invoices/invoice_639.pdf,invoice,False,1,True,0,0,0,0,clear,False
genuine,invoice,genuine/invoices/invoice_640.pdf,invoice,False,1,True,0,0,0,0,clear,False
genuine,invoice,genuine/invoices/invoice_641.pdf,invoice,False,1,True,0,0,0,0,clear,False
genuine,invoice,genuine/invoices/invoice_642.pdf,invoice,False,1,True,0,0,0,0,clear,False
genuine,invoice,genuine/invoices/invoice_643.pdf,invoice,False,1,True,0,0,0,0,clear,False
genuine,invoice,genuine/invoices/invoice_644.pdf,invoice,False,1,True,0,0,0,0,clear,False
genuine,invoice,genuine/invoices/invoice_645.pdf,invoice,False,1,True,0,0,0,0,clear,False
genuine,invoice,genuine/invoices/invoice_646.pdf,invoice,False,1,True,0,0,0,0,clear,False
genuine,invoice,genuine/invoices/invoice_647.pdf,invoice,False,1,True,0,0,0,0,clear,False
genuine,invoice,genuine/invoices/invoice_648.pdf,invoice,False,1,True,0,0,0,0,clear,False
genuine,invoice,genuine/invoices/invoice_649.pdf,invoice,False,1,True,0,0,0,0,clear,False
genuine,invoice,genuine/invoices/invoice_650.pdf,invoice,False,1,True,0,0,0,0,clear,False
genuine,invoice,genuine/invoices/invoice_651.pdf,invoice,False,1,True,0,0,0,0,clear,False
genuine,invoice,genuine/invoices/invoice_652.pdf,invoice,False,1,True,0,0,0,0,clear,False
genuine,invoice,genuine/invoices/invoice_653.pdf,invoice,False,1,True,0,0,0,0,clear,False
genuine,invoice,genuine/invoices/invoice_654.pdf,invoice,False,1,True,0,0,0,0,clear,False
genuine,invoice,genuine/invoices/invoice_655.pdf,invoice,False,1,True,0,0,0,0,clear,False
genuine,invoice,genuine/invoices/invoice_656.pdf,invoice,False,1,True,0,0,0,0,clear,False
genuine,invoice,genuine/invoices/invoice_657.pdf,invoice,False,1,True,0,0,0,0,clear,False
genuine,invoice,genuine/invoices/invoice_658.pdf,invoice,False,1,True,0,0,0,0,clear,False
genuine,invoice,genuine/invoices/invoice_659.pdf,invoice,False,1,True,0,0,0,0,clear,False
genuine,invoice,genuine/invoices/invoice_660.pdf,invoice,False,1,True,0,0,0,0,clear,False
genuine,invoice,genuine/invoices/invoice_661.pdf,invoice,False,1,True,0,0,0,0,clear,False
genuine,invoice,genuine/invoices/invoice_662.pdf,invoice,False,1,True,0,0,0,0,clear,False
genuine,invoice,genuine/invoices/invoice_663.pdf,invoice,False,1,True,0,0,0,0,clear,False
genuine,invoice,genuine/invoices/invoice_664.pdf,invoice,False,1,True,0,0,0,0,clear,False
genuine,invoice,genuine/invoices/invoice_665.pdf,invoice,False,1,True,0,0,0,0,clear,False
genuine,invoice,genuine/invoices/invoice_666.pdf,invoice,False,1,True,0,0,0,0,clear,False
genuine,invoice,genuine/invoices/invoice_667.pdf,invoice,False,1,True,0,0,0,0,clear,False
genuine,invoice,genuine/invoices/invoice_668.pdf,invoice,False,1,True,0,0,0,0,clear,False
genuine,invoice,genuine/invoices/invoice_669.pdf,invoice,False,1,True,0,0,0,0,clear,False
genuine,invoice,genuine/invoices/invoice_670.pdf,invoice,False,1,True,0,0,0,0,clear,False
genuine,invoice,genuine/invoices/invoice_671.pdf,invoice,False,1,True,0,0,0,0,clear,False
genuine,invoice,genuine/invoices/invoice_672.pdf,invoice,False,1,True,0,0,0,0,clear,False
genuine,invoice,genuine/invoices/invoice_673.pdf,invoice,False,1,True,0,0,0,0,clear,False
genuine,invoice,genuine/invoices/invoice_674.pdf,invoice,False,1,True,0,0,0,0,clear,False
genuine,invoice,genuine/invoices/invoice_675.pdf,invoice,False,1,True,0,0,0,0,clear,False
genuine,invoice,genuine/invoices/invoice_676.pdf,invoice,False,1,True,0,0,0,0,clear,False
genuine,invoice,genuine/invoices/invoice_677.pdf,invoice,False,1,True,0,0,0,0,clear,False
genuine,invoice,genuine/invoices/invoice_678.pdf,invoice,False,1,True,0,0,0,0,clear,False
genuine,invoice,genuine/invoices/invoice_679.pdf,invoice,False,1,True,0,0,0,0,clear,False
genuine,invoice,genuine/invoices/invoice_680.pdf,invoice,False,1,True,0,0,0,0,clear,False
genuine,invoice,genuine/invoices/invoice_681.pdf,invoice,False,1,True,0,0,0,0,clear,False
genuine,invoice,genuine/invoices/invoice_682.pdf,invoice,False,1,True,0,0,0,0,clear,False
genuine,invoice,genuine/invoices/invoice_683.pdf,invoice,False,1,True,0,0,0,0,clear,False
genuine,invoice,genuine/invoices/invoice_684.pdf,invoice,False,1,True,0,0,0,0,clear,False
genuine,invoice,genuine/invoices/invoice_685.pdf,invoice,False,1,True,0,0,0,0,clear,False
genuine,invoice,genuine/invoices/invoice_686.pdf,invoice,False,1,True,0,0,0,0,clear,False
genuine,invoice,genuine/invoices/invoice_687.pdf,invoice,False,1,True,0,0,0,0,clear,False
genuine,invoice,genuine/invoices/invoice_688.pdf,invoice,False,1,True,0,0,0,0,clear,False
genuine,invoice,genuine/invoices/invoice_689.pdf,invoice,False,1,True,0,0,0,0,clear,False
genuine,invoice,genuine/invoices/invoice_690.pdf,invoice,False,1,True,0,0,0,0,clear,False
genuine,invoice,genuine/invoices/invoice_691.pdf,invoice,False,1,True,0,0,0,0,clear,False
genuine,invoice,genuine/invoices/invoice_692.pdf,invoice,False,1,True,0,0,0,0,clear,False
genuine,invoice,genuine/invoices/invoice_693.pdf,invoice,False,1,True,0,0,0,0,clear,False
genuine,invoice,genuine/invoices/invoice_694.pdf,invoice,False,1,True,0,0,0,0,clear,False
genuine,invoice,genuine/invoices/invoice_695.pdf,invoice,False,1,True,0,0,0,0,clear,False
genuine,invoice,genuine/invoices/invoice_696.pdf,invoice,False,1,True,0,0,0,0,clear,False
genuine,invoice,genuine/invoices/invoice_697.pdf,invoice,False,1,True,0,0,0,0,clear,False
genuine,invoice,genuine/invoices/invoice_698.pdf,invoice,False,0,True,0,0,0,0,clear,False
genuine,invoice,genuine/invoices/invoice_699.pdf,invoice,False,1,True,0,0,0,0,clear,False
genuine,invoice,genuine/invoices/invoice_700.pdf,invoice,False,1,True,0,0,0,0,clear,False
genuine,invoice,genuine/invoices/invoice_701.pdf,invoice,False,1,True,0,0,0,0,clear,False
genuine,invoice,genuine/invoices/invoice_702.pdf,invoice,False,1,True,0,0,0,0,clear,False
genuine,invoice,genuine/invoices/invoice_703.pdf,invoice,False,1,True,0,0,0,0,clear,False
genuine,invoice,genuine/invoices/invoice_704.pdf,invoice,False,1,True,0,0,0,0,clear,False
genuine,invoice,genuine/invoices/invoice_705.pdf,invoice,False,1,True,0,0,0,0,clear,False
genuine,invoice,genuine/invoices/invoice_706.pdf,invoice,False,1,True,0,0,0,0,clear,False
genuine,invoice,genuine/invoices/invoice_707.pdf,invoice,False,1,True,0,0,0,0,clear,False
genuine,invoice,genuine/invoices/invoice_708.pdf,invoice,False,1,True,0,0,0,0,clear,False
genuine,invoice,genuine/invoices/invoice_709.pdf,invoice,False,1,True,0,0,0,0,clear,False
genuine,invoice,genuine/invoices/invoice_710.pdf,invoice,False,1,True,0,0,0,0,clear,False
genuine,invoice,genuine/invoices/invoice_711.pdf,invoice,False,1,True,0,0,0,0,clear,False
genuine,invoice,genuine/invoices/invoice_712.pdf,invoice,False,1,True,0,0,0,0,clear,False
genuine,invoice,genuine/invoices/invoice_713.pdf,invoice,False,1,True,0,0,0,0,clear,False
genuine,invoice,genuine/invoices/invoice_714.pdf,invoice,False,1,True,0,0,0,0,clear,False
genuine,invoice,genuine/invoices/invoice_715.pdf,invoice,False,1,True,0,0,0,0,clear,False
genuine,invoice,genuine/invoices/invoice_716.pdf,invoice,False,1,True,0,0,0,0,clear,False
genuine,invoice,genuine/invoices/invoice_717.pdf,invoice,False,1,True,0,0,0,0,clear,False
genuine,invoice,genuine/invoices/invoice_718.pdf,invoice,False,1,True,0,0,0,0,clear,False
genuine,invoice,genuine/invoices/invoice_719.pdf,invoice,False,1,True,0,0,0,0,clear,False
genuine,invoice,genuine/invoices/invoice_720.pdf,invoice,False,1,True,0,0,0,0,clear,False
genuine,invoice,genuine/invoices/invoice_721.pdf,invoice,False,1,True,0,0,0,0,clear,False
genuine,invoice,genuine/invoices/invoice_722.pdf,invoice,False,1,True,0,0,0,0,clear,False
genuine,invoice,genuine/invoices/invoice_723.pdf,invoice,False,1,True,0,0,0,0,clear,False
genuine,invoice,genuine/invoices/invoice_724.pdf,invoice,False,1,True,0,0,0,0,clear,False
genuine,invoice,genuine/invoices/invoice_725.pdf,invoice,False,1,True,0,0,0,0,clear,False
genuine,invoice,genuine/invoices/invoice_726.pdf,invoice,False,1,True,0,0,0,0,clear,False
genuine,invoice,genuine/invoices/invoice_727.pdf,invoice,False,1,True,0,0,0,0,clear,False
genuine,invoice,genuine/invoices/invoice_728.pdf,invoice,False,1,True,0,0,0,0,clear,False
genuine,invoice,genuine/invoices/invoice_729.pdf,invoice,False,1,True,0,0,0,0,clear,False
genuine,invoice,genuine/invoices/invoice_730.pdf,invoice,False,1,True,0,0,0,0,clear,False
genuine,invoice,genuine/invoices/invoice_731.pdf,invoice,False,1,True,0,0,0,0,clear,False
genuine,invoice,genuine/invoices/invoice_732.pdf,invoice,False,1,True,0,0,0,0,clear,False
genuine,invoice,genuine/invoices/invoice_733.pdf,invoice,False,1,True,0,0,0,0,clear,False
genuine,invoice,genuine/invoices/invoice_734.pdf,invoice,False,1,True,0,0,0,0,clear,False
genuine,invoice,genuine/invoices/invoice_735.pdf,invoice,False,1,True,0,0,0,0,clear,False
genuine,invoice,genuine/invoices/invoice_736.pdf,invoice,False,1,True,0,0,0,0,clear,False
genuine,invoice,genuine/invoices/invoice_737.pdf,invoice,False,1,True,0,0,0,0,clear,False
genuine,invoice,genuine/invoices/invoice_738.pdf,invoice,False,1,True,0,0,0,0,clear,False
genuine,invoice,genuine/invoices/invoice_739.pdf,invoice,False,1,True,0,0,0,0,clear,False
genuine,invoice,genuine/invoices/invoice_740.pdf,invoice,False,1,True,0,0,0,0,clear,False
genuine,invoice,genuine/invoices/invoice_741.pdf,invoice,False,1,True,0,0,0,0,clear,False
genuine,invoice,genuine/invoices/invoice_742.pdf,invoice,False,1,True,0,0,0,0,clear,False
genuine,invoice,genuine/invoices/invoice_743.pdf,invoice,False,1,True,0,0,0,0,clear,False
genuine,invoice,genuine/invoices/invoice_744.pdf,invoice,False,1,True,0,0,0,0,clear,False
genuine,invoice,genuine/invoices/invoice_745.pdf,invoice,False,1,True,0,0,0,0,clear,False
genuine,invoice,genuine/invoices/invoice_746.pdf,invoice,False,1,True,0,0,0,0,clear,False
genuine,invoice,genuine/invoices/invoice_747.pdf,invoice,False,1,True,0,0,0,0,clear,False
genuine,invoice,genuine/invoices/invoice_748.pdf,invoice,False,1,True,0,0,0,0,clear,False
genuine,invoice,genuine/invoices/invoice_749.pdf,invoice,False,1,True,0,0,0,0,clear,False
genuine,invoice,genuine/invoices/invoice_750.pdf,invoice,False,1,True,0,0,0,0,clear,False
genuine,invoice,genuine/invoices/invoice_751.pdf,invoice,False,1,True,0,0,0,0,clear,False
genuine,invoice,genuine/invoices/invoice_752.pdf,invoice,False,1,True,0,0,0,0,clear,False
genuine,invoice,genuine/invoices/invoice_753.pdf,invoice,False,1,True,0,0,0,0,clear,False
genuine,invoice,genuine/invoices/invoice_754.pdf,invoice,False,1,True,0,0,0,0,clear,False
genuine,invoice,genuine/invoices/invoice_755.pdf,invoice,False,1,True,0,0,0,0,clear,False
genuine,invoice,genuine/invoices/invoice_756.pdf,invoice,False,1,True,0,0,0,0,clear,False
genuine,invoice,genuine/invoices/invoice_757.pdf,invoice,False,1,True,0,0,0,0,clear,False
genuine,invoice,genuine/invoices/invoice_758.pdf,invoice,False,1,True,0,0,0,0,clear,False
genuine,invoice,genuine/invoices/invoice_759.pdf,invoice,False,1,True,0,0,0,0,clear,False
genuine,invoice,genuine/invoices/invoice_760.pdf,invoice,False,1,True,0,0,0,0,clear,False
genuine,invoice,genuine/invoices/invoice_761.pdf,invoice,False,1,True,0,0,0,0,clear,False
genuine,invoice,genuine/invoices/invoice_762.pdf,invoice,False,1,True,0,0,0,0,clear,False
genuine,invoice,genuine/invoices/invoice_763.pdf,invoice,False,1,True,0,0,0,0,clear,False
genuine,invoice,genuine/invoices/invoice_764.pdf,invoice,False,1,True,0,0,0,0,clear,False
genuine,invoice,genuine/invoices/invoice_765.pdf,invoice,False,1,True,0,0,0,0,clear,False
genuine,invoice,genuine/invoices/invoice_766.pdf,invoice,False,1,True,0,0,0,0,clear,False
genuine,invoice,genuine/invoices/invoice_767.pdf,invoice,False,1,True,0,0,0,0,clear,False
genuine,invoice,genuine/invoices/invoice_768.pdf,invoice,False,1,True,0,0,0,0,clear,False
genuine,invoice,genuine/invoices/invoice_769.pdf,invoice,False,1,True,0,0,0,0,clear,False
genuine,invoice,genuine/invoices/invoice_770.pdf,invoice,False,1,True,0,0,0,0,clear,False
genuine,invoice,genuine/invoices/invoice_771.pdf,invoice,False,1,True,0,0,0,0,clear,False
genuine,invoice,genuine/invoices/invoice_772.pdf,invoice,False,1,True,0,0,0,0,clear,False
genuine,invoice,genuine/invoices/invoice_773.pdf,invoice,False,1,True,0,0,0,0,clear,False
genuine,invoice,genuine/invoices/invoice_774.pdf,invoice,False,1,True,0,0,0,0,clear,False
genuine,invoice,genuine/invoices/invoice_775.pdf,invoice,False,1,True,0,0,0,0,clear,False
genuine,invoice,genuine/invoices/invoice_776.pdf,invoice,False,1,True,0,0,0,0,clear,False
genuine,invoice,genuine/invoices/invoice_777.pdf,invoice,False,1,True,0,0,0,0,clear,False
genuine,invoice,genuine/invoices/invoice_778.pdf,invoice,False,1,True,0,0,0,0,clear,False
genuine,invoice,genuine/invoices/invoice_779.pdf,invoice,False,1,True,0,0,0,0,clear,False
genuine,invoice,genuine/invoices/invoice_780.pdf,invoice,False,1,True,0,0,0,0,clear,False
genuine,invoice,genuine/invoices/invoice_781.pdf,invoice,False,1,True,0,0,0,0,clear,False
genuine,invoice,genuine/invoices/invoice_782.pdf,invoice,False,1,True,0,0,0,0,clear,False
genuine,invoice,genuine/invoices/invoice_783.pdf,invoice,False,1,True,0,0,0,0,clear,False
genuine,invoice,genuine/invoices/invoice_784.pdf,invoice,False,1,True,0,0,0,0,clear,False
genuine,invoice,genuine/invoices/invoice_785.pdf,invoice,False,1,True,0,0,0,0,clear,False
genuine,invoice,genuine/invoices/invoice_786.pdf,invoice,False,1,True,0,0,0,0,clear,False
genuine,invoice,genuine/invoices/invoice_787.pdf,invoice,False,1,True,0,0,0,0,clear,False
genuine,invoice,genuine/invoices/invoice_788.pdf,invoice,False,1,True,0,0,0,0,clear,False
genuine,invoice,genuine/invoices/invoice_789.pdf,invoice,False,1,True,0,0,0,0,clear,False
genuine,invoice,genuine/invoices/invoice_790.pdf,invoice,False,1,True,0,0,0,0,clear,False
genuine,invoice,genuine/invoices/invoice_791.pdf,invoice,False,1,True,0,0,0,0,clear,False
genuine,invoice,genuine/invoices/invoice_792.pdf,invoice,False,1,True,0,0,0,0,clear,False
genuine,invoice,genuine/invoices/invoice_793.pdf,invoice,False,1,True,0,0,0,0,clear,False
genuine,invoice,genuine/invoices/invoice_794.pdf,invoice,False,1,True,0,0,0,0,clear,False
genuine,invoice,genuine/invoices/invoice_795.pdf,invoice,False,1,True,0,0,0,0,clear,False
genuine,invoice,genuine/invoices/invoice_796.pdf,invoice,False,1,True,0,0,0,0,clear,False
genuine,invoice,genuine/invoices/invoice_797.pdf,invoice,False,1,True,0,0,0,0,clear,False
genuine,invoice,genuine/invoices/invoice_798.pdf,invoice,False,1,True,0,0,0,0,clear,False
genuine,invoice,genuine/invoices/invoice_799.pdf,invoice,False,1,True,0,0,0,0,clear,False
genuine,invoice,genuine/invoices/invoice_800.pdf,invoice,False,1,True,0,0,0,0,clear,False
genuine,invoice,genuine/invoices/invoice_801.pdf,invoice,False,1,True,0,0,0,0,clear,False
genuine,invoice,genuine/invoices/invoice_802.pdf,invoice,False,1,True,0,0,0,0,clear,False
genuine,invoice,genuine/invoices/invoice_803.pdf,invoice,False,1,True,0,0,0,0,clear,False
genuine,invoice,genuine/invoices/invoice_804.pdf,invoice,False,1,True,0,0,0,0,clear,False
genuine,invoice,genuine/invoices/invoice_805.pdf,invoice,False,1,True,0,0,0,0,clear,False
genuine,invoice,genuine/invoices/invoice_806.pdf,invoice,False,1,True,0,0,0,0,clear,False
genuine,invoice,genuine/invoices/invoice_807.pdf,invoice,False,1,True,0,0,0,0,clear,False
genuine,invoice,genuine/invoices/invoice_808.pdf,invoice,False,1,True,0,0,0,0,clear,False
genuine,invoice,genuine/invoices/invoice_809.pdf,invoice,False,1,True,0,0,0,0,clear,False
genuine,invoice,genuine/invoices/invoice_810.pdf,invoice,False,1,True,0,0,0,0,clear,False
genuine,invoice,genuine/invoices/invoice_811.pdf,invoice,False,1,True,0,0,0,0,clear,False
genuine,invoice,genuine/invoices/invoice_812.pdf,invoice,False,1,True,0,0,0,0,clear,False
genuine,invoice,genuine/invoices/invoice_813.pdf,invoice,False,1,True,0,0,0,0,clear,False
genuine,invoice,genuine/invoices/invoice_814.pdf,invoice,False,1,True,0,0,0,0,clear,False
genuine,invoice,genuine/invoices/invoice_815.pdf,invoice,False,1,True,0,0,0,0,clear,False
genuine,invoice,genuine/invoices/invoice_816.pdf,invoice,False,1,True,0,0,0,0,clear,False
genuine,invoice,genuine/invoices/invoice_817.pdf,invoice,False,1,True,0,0,0,0,clear,False
genuine,invoice,genuine/invoices/invoice_818.pdf,invoice,False,1,True,0,0,0,0,clear,False
genuine,invoice,genuine/invoices/invoice_819.pdf,invoice,False,1,True,0,0,0,0,clear,False
genuine,invoice,genuine/invoices/invoice_820.pdf,invoice,False,1,True,0,0,0,0,clear,False
genuine,invoice,genuine/invoices/invoice_821.pdf,invoice,False,1,True,0,0,0,0,clear,False
genuine,invoice,genuine/invoices/invoice_822.pdf,invoice,False,1,True,0,0,0,0,clear,False
genuine,invoice,genuine/invoices/invoice_823.pdf,invoice,False,1,True,0,0,0,0,clear,False
genuine,invoice,genuine/invoices/invoice_824.pdf,invoice,False,1,True,0,0,0,0,clear,False
genuine,invoice,genuine/invoices/invoice_825.pdf,invoice,False,1,True,0,0,0,0,clear,False
genuine,invoice,genuine/invoices/invoice_826.pdf,invoice,False,1,True,0,0,0,0,clear,False
genuine,invoice,genuine/invoices/invoice_827.pdf,invoice,False,1,True,0,0,0,0,clear,False
genuine,invoice,genuine/invoices/invoice_828.pdf,invoice,False,1,True,0,0,0,0,clear,False
genuine,invoice,genuine/invoices/invoice_829.pdf,invoice,False,1,True,0,0,0,0,clear,False
genuine,invoice,genuine/invoices/invoice_830.pdf,invoice,False,1,True,0,0,0,0,clear,False
genuine,invoice,genuine/invoices/invoice_831.pdf,invoice,False,1,True,0,0,0,0,clear,False
genuine,invoice,genuine/invoices/invoice_832.pdf,invoice,False,1,True,0,0,0,0,clear,False
genuine,invoice,genuine/invoices/invoice_833.pdf,invoice,False,1,True,0,0,0,0,clear,False
genuine,invoice,genuine/invoices/invoice_834.pdf,invoice,False,1,True,0,0,0,0,clear,False
genuine,invoice,genuine/invoices/invoice_835.pdf,invoice,False,1,True,0,0,0,0,clear,False
genuine,invoice,genuine/invoices/invoice_836.pdf,invoice,False,1,True,0,0,0,0,clear,False
genuine,invoice,genuine/invoices/invoice_837.pdf,invoice,False,1,True,0,0,0,0,clear,False
genuine,invoice,genuine/invoices/invoice_838.pdf,invoice,False,1,True,0,0,0,0,clear,False
genuine,invoice,genuine/invoices/invoice_839.pdf,invoice,False,1,True,0,0,0,0,clear,False
genuine,invoice,genuine/invoices/invoice_840.pdf,invoice,False,1,True,0,0,0,0,clear,False
genuine,invoice,genuine/invoices/invoice_841.pdf,invoice,False,1,True,0,0,0,0,clear,False
genuine,invoice,genuine/invoices/invoice_842.pdf,invoice,False,1,True,0,0,0,0,clear,False
genuine,invoice,genuine/invoices/invoice_843.pdf,invoice,False,1,True,0,0,0,0,clear,False
genuine,invoice,genuine/invoices/invoice_844.pdf,invoice,False,1,True,0,0,0,0,clear,False
genuine,invoice,genuine/invoices/invoice_845.pdf,invoice,False,1,True,0,0,0,0,clear,False
genuine,invoice,genuine/invoices/invoice_846.pdf,invoice,False,1,True,0,0,0,0,clear,False
genuine,invoice,genuine/invoices/invoice_847.pdf,invoice,False,1,True,0,0,0,0,clear,False
genuine,invoice,genuine/invoices/invoice_848.pdf,invoice,False,1,True,0,0,0,0,clear,False
genuine,invoice,genuine/invoices/invoice_849.pdf,invoice,False,1,True,0,0,0,0,clear,False
genuine,invoice,genuine/invoices/invoice_850.pdf,invoice,False,1,True,0,0,0,0,clear,False
genuine,invoice,genuine/invoices/invoice_851.pdf,invoice,False,1,True,0,0,0,0,clear,False
genuine,invoice,genuine/invoices/invoice_852.pdf,invoice,False,1,True,0,0,0,0,clear,False
genuine,invoice,genuine/invoices/invoice_853.pdf,invoice,False,1,True,0,0,0,0,clear,False
genuine,invoice,genuine/invoices/invoice_854.pdf,invoice,False,1,True,0,0,0,0,clear,False
genuine,invoice,genuine/invoices/invoice_855.pdf,invoice,False,1,True,0,0,0,0,clear,False
genuine,invoice,genuine/invoices/invoice_856.pdf,invoice,False,1,True,0,0,0,0,clear,False
genuine,invoice,genuine/invoices/invoice_857.pdf,invoice,False,1,True,0,0,0,0,clear,False
genuine,invoice,genuine/invoices/invoice_858.pdf,invoice,False,1,True,0,0,0,0,clear,False
genuine,invoice,genuine/invoices/invoice_859.pdf,invoice,False,1,True,0,0,0,0,clear,False
genuine,invoice,genuine/invoices/invoice_860.pdf,invoice,False,1,True,0,0,0,0,clear,False
genuine,invoice,genuine/invoices/invoice_861.pdf,invoice,False,1,True,0,0,0,0,clear,False
genuine,invoice,genuine/invoices/invoice_862.pdf,invoice,False,1,True,0,0,0,0,clear,False
genuine,invoice,genuine/invoices/invoice_863.pdf,invoice,False,1,True,0,0,0,0,clear,False
genuine,invoice,genuine/invoices/invoice_864.pdf,invoice,False,1,True,0,0,0,0,clear,False
genuine,invoice,genuine/invoices/invoice_865.pdf,invoice,False,1,True,0,0,0,0,clear,False
genuine,invoice,genuine/invoices/invoice_866.pdf,invoice,False,1,True,0,0,0,0,clear,False
genuine,invoice,genuine/invoices/invoice_867.pdf,invoice,False,1,True,0,0,0,0,clear,False
genuine,invoice,genuine/invoices/invoice_868.pdf,invoice,False,1,True,0,0,0,0,clear,False
genuine,invoice,genuine/invoices/invoice_869.pdf,invoice,False,1,True,0,0,0,0,clear,False
genuine,invoice,genuine/invoices/invoice_870.pdf,invoice,False,1,True,0,0,0,0,clear,False
genuine,invoice,genuine/invoices/invoice_871.pdf,invoice,False,1,True,0,0,0,0,clear,False
genuine,invoice,genuine/invoices/invoice_872.pdf,invoice,False,1,True,0,0,0,0,clear,False
genuine,invoice,genuine/invoices/invoice_873.pdf,invoice,False,1,True,0,0,0,0,clear,False
genuine,invoice,genuine/invoices/invoice_874.pdf,invoice,False,1,True,0,0,0,0,clear,False
genuine,invoice,genuine/invoices/invoice_875.pdf,invoice,False,1,True,0,0,0,0,clear,False
genuine,invoice,genuine/invoices/invoice_876.pdf,invoice,False,1,True,0,0,0,0,clear,False
genuine,invoice,genuine/invoices/invoice_877.pdf,invoice,False,1,True,0,0,0,0,clear,False
genuine,invoice,genuine/invoices/invoice_878.pdf,invoice,False,1,True,0,0,0,0,clear,False
genuine,invoice,genuine/invoices/invoice_879.pdf,invoice,False,1,True,0,0,0,0,clear,False
genuine,invoice,genuine/invoices/invoice_880.pdf,invoice,False,1,True,0,0,0,0,clear,False
genuine,invoice,genuine/invoices/invoice_881.pdf,invoice,False,1,True,0,0,0,0,clear,False
genuine,invoice,genuine/invoices/invoice_882.pdf,invoice,False,1,True,0,0,0,0,clear,False
genuine,invoice,genuine/invoices/invoice_883.pdf,invoice,False,1,True,0,0,0,0,clear,False
genuine,invoice,genuine/invoices/invoice_884.pdf,invoice,False,1,True,0,0,0,0,clear,False
genuine,invoice,genuine/invoices/invoice_885.pdf,invoice,False,1,True,0,0,0,0,clear,False
genuine,invoice,genuine/invoices/invoice_886.pdf,invoice,False,1,True,0,0,0,0,clear,False
genuine,invoice,genuine/invoices/invoice_887.pdf,invoice,False,1,True,0,0,0,0,clear,False
genuine,invoice,genuine/invoices/invoice_888.pdf,invoice,False,1,True,0,0,0,0,clear,False
genuine,invoice,genuine/invoices/invoice_889.pdf,invoice,False,1,True,0,0,0,0,clear,False
genuine,invoice,genuine/invoices/invoice_890.pdf,invoice,False,1,True,0,0,0,0,clear,False
genuine,invoice,genuine/invoices/invoice_891.pdf,invoice,False,1,True,0,0,0,0,clear,False
genuine,invoice,genuine/invoices/invoice_892.pdf,invoice,False,1,True,0,0,0,0,clear,False
genuine,invoice,genuine/invoices/invoice_893.pdf,invoice,False,1,True,0,0,0,0,clear,False
genuine,invoice,genuine/invoices/invoice_894.pdf,invoice,False,1,True,0,0,0,0,clear,False
genuine,invoice,genuine/invoices/invoice_895.pdf,invoice,False,1,True,0,0,0,0,clear,False
genuine,invoice,genuine/invoices/invoice_896.pdf,invoice,False,1,True,0,0,0,0,clear,False
genuine,invoice,genuine/invoices/invoice_897.pdf,invoice,False,1,True,0,0,0,0,clear,False
genuine,invoice,genuine/invoices/invoice_898.pdf,invoice,False,1,True,0,0,0,0,clear,False
genuine,invoice,genuine/invoices/invoice_899.pdf,invoice,False,1,True,0,0,0,0,clear,False
genuine,invoice,genuine/invoices/invoice_900.pdf,invoice,False,1,True,0,0,0,0,clear,False
genuine,invoice,genuine/invoices/invoice_901.pdf,invoice,False,1,True,0,0,0,0,clear,False
genuine,invoice,genuine/invoices/invoice_902.pdf,invoice,False,1,True,0,0,0,0,clear,False
genuine,invoice,genuine/invoices/invoice_903.pdf,invoice,False,1,True,0,0,0,0,clear,False
genuine,invoice,genuine/invoices/invoice_904.pdf,invoice,False,1,True,0,0,0,0,clear,False
genuine,invoice,genuine/invoices/invoice_905.pdf,invoice,False,1,True,0,0,0,0,clear,False
genuine,invoice,genuine/invoices/invoice_906.pdf,invoice,False,1,True,0,0,0,0,clear,False
genuine,invoice,genuine/invoices/invoice_907.pdf,invoice,False,1,True,0,0,0,0,clear,False
genuine,invoice,genuine/invoices/invoice_908.pdf,invoice,False,1,True,0,0,0,0,clear,False
genuine,invoice,genuine/invoices/invoice_909.pdf,invoice,False,1,True,0,0,0,0,clear,False
genuine,invoice,genuine/invoices/invoice_910.pdf,invoice,False,1,True,0,0,0,0,clear,False
genuine,invoice,genuine/invoices/invoice_911.pdf,invoice,False,1,True,0,0,0,0,clear,False
genuine,invoice,genuine/invoices/invoice_912.pdf,invoice,False,1,True,0,0,0,0,clear,False
genuine,invoice,genuine/invoices/invoice_913.pdf,invoice,False,1,True,0,0,0,0,clear,False
genuine,invoice,genuine/invoices/invoice_914.pdf,invoice,False,1,True,0,0,0,0,clear,False
genuine,invoice,genuine/invoices/invoice_915.pdf,invoice,False,1,True,0,0,0,0,clear,False
genuine,invoice,genuine/invoices/invoice_916.pdf,invoice,False,1,True,0,0,0,0,clear,False
genuine,invoice,genuine/invoices/invoice_917.pdf,invoice,False,1,True,0,0,0,0,clear,False
genuine,invoice,genuine/invoices/invoice_918.pdf,invoice,False,1,True,0,0,0,0,clear,False
genuine,invoice,genuine/invoices/invoice_919.pdf,invoice,False,1,True,0,0,0,0,clear,False
genuine,invoice,genuine/invoices/invoice_920.pdf,invoice,False,1,True,0,0,0,0,clear,False
genuine,invoice,genuine/invoices/invoice_921.pdf,invoice,False,1,True,0,0,0,0,clear,False
genuine,invoice,genuine/invoices/invoice_922.pdf,invoice,False,1,True,0,0,0,0,clear,False
genuine,invoice,genuine/invoices/invoice_923.pdf,invoice,False,1,True,0,0,0,0,clear,False
genuine,invoice,genuine/invoices/invoice_924.pdf,invoice,False,1,True,0,0,0,0,clear,False
genuine,invoice,genuine/invoices/invoice_925.pdf,invoice,False,1,True,0,0,0,0,clear,False
genuine,invoice,genuine/invoices/invoice_926.pdf,invoice,False,1,True,0,0,0,0,clear,False
genuine,invoice,genuine/invoices/invoice_927.pdf,invoice,False,1,True,0,0,0,0,clear,False
genuine,invoice,genuine/invoices/invoice_928.pdf,invoice,False,1,True,0,0,0,0,clear,False
genuine,invoice,genuine/invoices/invoice_929.pdf,invoice,False,1,True,0,0,0,0,clear,False
genuine,invoice,genuine/invoices/invoice_930.pdf,invoice,False,1,True,0,0,0,0,clear,False
genuine,invoice,genuine/invoices/invoice_931.pdf,invoice,False,1,True,0,0,0,0,clear,False
genuine,invoice,genuine/invoices/invoice_932.pdf,invoice,False,1,True,0,0,0,0,clear,False
genuine,invoice,genuine/invoices/invoice_933.pdf,invoice,False,1,True,0,0,0,0,clear,False
genuine,invoice,genuine/invoices/invoice_934.pdf,invoice,False,1,True,0,0,0,0,clear,False
genuine,invoice,genuine/invoices/invoice_935.pdf,invoice,False,1,True,0,0,0,0,clear,False
genuine,invoice,genuine/invoices/invoice_936.pdf,invoice,False,1,True,0,0,0,0,clear,False
genuine,invoice,genuine/invoices/invoice_937.pdf,invoice,False,1,True,0,0,0,0,clear,False
genuine,invoice,genuine/invoices/invoice_938.pdf,invoice,False,1,True,0,0,0,0,clear,False
genuine,invoice,genuine/invoices/invoice_939.pdf,invoice,False,1,True,0,0,0,0,clear,False
genuine,invoice,genuine/invoices/invoice_940.pdf,invoice,False,1,True,0,0,0,0,clear,False
genuine,invoice,genuine/invoices/invoice_941.pdf,invoice,False,1,True,0,0,0,0,clear,False
genuine,invoice,genuine/invoices/invoice_942.pdf,invoice,False,1,True,0,0,0,0,clear,False
genuine,invoice,genuine/invoices/invoice_943.pdf,invoice,False,1,True,0,0,0,0,clear,False
genuine,invoice,genuine/invoices/invoice_944.pdf,invoice,False,1,True,0,0,0,0,clear,False
genuine,invoice,genuine/invoices/invoice_945.pdf,invoice,False,1,True,0,0,0,0,clear,False
genuine,invoice,genuine/invoices/invoice_946.pdf,invoice,False,1,True,0,0,0,0,clear,False
genuine,invoice,genuine/invoices/invoice_947.pdf,invoice,False,1,True,0,0,0,0,clear,False
genuine,invoice,genuine/invoices/invoice_948.pdf,invoice,False,1,True,0,0,0,0,clear,False
genuine,invoice,genuine/invoices/invoice_949.pdf,invoice,False,1,True,0,0,0,0,clear,False
genuine,invoice,genuine/invoices/invoice_950.pdf,invoice,False,1,True,0,0,0,0,clear,False
genuine,invoice,genuine/invoices/invoice_951.pdf,invoice,False,1,True,0,0,0,0,clear,False
genuine,invoice,genuine/invoices/invoice_952.pdf,invoice,False,1,True,0,0,0,0,clear,False
genuine,invoice,genuine/invoices/invoice_953.pdf,invoice,False,1,True,0,0,0,0,clear,False
genuine,invoice,genuine/invoices/invoice_954.pdf,invoice,False,1,True,0,0,0,0,clear,False
genuine,invoice,genuine/invoices/invoice_955.pdf,invoice,False,1,True,0,0,0,0,clear,False
genuine,invoice,genuine/invoices/invoice_956.pdf,invoice,False,1,True,0,0,0,0,clear,False
genuine,invoice,genuine/invoices/invoice_957.pdf,invoice,False,1,True,0,0,0,0,clear,False
genuine,invoice,genuine/invoices/invoice_958.pdf,invoice,False,1,True,0,0,0,0,clear,False
genuine,invoice,genuine/invoices/invoice_959.pdf,invoice,False,1,True,0,0,0,0,clear,False
genuine,invoice,genuine/invoices/invoice_960.pdf,invoice,False,1,True,0,0,0,0,clear,False
genuine,invoice,genuine/invoices/invoice_961.pdf,invoice,False,1,True,0,0,0,0,clear,False
genuine,invoice,genuine/invoices/invoice_962.pdf,invoice,False,1,True,0,0,0,0,clear,False
genuine,invoice,genuine/invoices/invoice_963.pdf,invoice,False,1,True,0,0,0,0,clear,False
genuine,invoice,genuine/invoices/invoice_964.pdf,invoice,False,1,True,0,0,0,0,clear,False
genuine,invoice,genuine/invoices/invoice_965.pdf,invoice,False,1,True,0,0,0,0,clear,False
genuine,invoice,genuine/invoices/invoice_966.pdf,invoice,False,1,True,0,0,0,0,clear,False
genuine,invoice,genuine/invoices/invoice_967.pdf,invoice,False,1,True,0,0,0,0,clear,False
genuine,invoice,genuine/invoices/invoice_968.pdf,invoice,False,1,True,0,0,0,0,clear,False
genuine,invoice,genuine/invoices/invoice_969.pdf,invoice,False,1,True,0,0,0,0,clear,False
genuine,invoice,genuine/invoices/invoice_970.pdf,invoice,False,1,True,0,0,0,0,clear,False
genuine,invoice,genuine/invoices/invoice_971.pdf,invoice,False,1,True,0,0,0,0,clear,False
genuine,invoice,genuine/invoices/invoice_972.pdf,invoice,False,1,True,0,0,0,0,clear,False
genuine,invoice,genuine/invoices/invoice_973.pdf,invoice,False,1,True,0,0,0,0,clear,False
genuine,invoice,genuine/invoices/invoice_974.pdf,invoice,False,1,True,0,0,0,0,clear,False
genuine,invoice,genuine/invoices/invoice_975.pdf,invoice,False,1,True,0,0,0,0,clear,False
genuine,invoice,genuine/invoices/invoice_976.pdf,invoice,False,1,True,0,0,0,0,clear,False
genuine,invoice,genuine/invoices/invoice_977.pdf,invoice,False,1,True,0,0,0,0,clear,False
genuine,invoice,genuine/invoices/invoice_978.pdf,invoice,False,1,True,0,0,0,0,clear,False
genuine,invoice,genuine/invoices/invoice_979.pdf,invoice,False,1,True,0,0,0,0,clear,False
genuine,invoice,genuine/invoices/invoice_980.pdf,invoice,False,1,True,0,0,0,0,clear,False
genuine,invoice,genuine/invoices/invoice_981.pdf,invoice,False,1,True,0,0,0,0,clear,False
genuine,invoice,genuine/invoices/invoice_982.pdf,invoice,False,1,True,0,0,0,0,clear,False
genuine,invoice,genuine/invoices/invoice_983.pdf,invoice,False,1,True,0,0,0,0,clear,False
genuine,invoice,genuine/invoices/invoice_984.pdf,invoice,False,1,True,0,0,0,0,clear,False
genuine,invoice,genuine/invoices/invoice_985.pdf,invoice,False,1,True,0,0,0,0,clear,False
genuine,invoice,genuine/invoices/invoice_986.pdf,invoice,False,1,True,0,0,0,0,clear,False
genuine,invoice,genuine/invoices/invoice_987.pdf,invoice,False,1,True,0,0,0,0,clear,False
genuine,invoice,genuine/invoices/invoice_988.pdf,invoice,False,1,True,0,0,0,0,clear,False
genuine,invoice,genuine/invoices/invoice_989.pdf,invoice,False,1,True,0,0,0,0,clear,False
genuine,invoice,genuine/invoices/invoice_990.pdf,invoice,False,1,True,0,0,0,0,clear,False
genuine,invoice,genuine/invoices/invoice_991.pdf,invoice,False,1,True,0,0,0,0,clear,False
genuine,invoice,genuine/invoices/invoice_992.pdf,invoice,False,1,True,0,0,0,0,clear,False
genuine,invoice,genuine/invoices/invoice_993.pdf,invoice,False,1,True,0,0,0,0,clear,False
genuine,invoice,genuine/invoices/invoice_994.pdf,invoice,False,1,True,0,0,0,0,clear,False
genuine,invoice,genuine/invoices/invoice_995.pdf,invoice,False,1,True,0,0,0,0,clear,False
genuine,invoice,genuine/invoices/invoice_996.pdf,invoice,False,1,True,0,0,0,0,clear,False
genuine,invoice,genuine/invoices/invoice_997.pdf,invoice,False,1,True,0,0,0,0,clear,False
genuine,invoice,genuine/invoices/invoice_998.pdf,invoice,False,1,True,0,0,0,0,clear,False
genuine,invoice,genuine/invoices/invoice_999.pdf,invoice,False,1,True,0,0,0,0,clear,False
genuine,letter,genuine/letters/letter_001.pdf,letter,False,1,True,0,0,0,0,clear,False
genuine,letter,genuine/letters/letter_002.pdf,letter,False,1,True,0,0,0,0,clear,False
genuine,letter,genuine/letters/letter_003.pdf,letter,False,1,True,0,0,0,0,clear,False
genuine,letter,genuine/letters/letter_004.pdf,letter,False,1,True,0,0,0,0,clear,False
genuine,letter,genuine/letters/letter_005.pdf,letter,False,1,True,0,0,0,0,clear,False
genuine,letter,genuine/letters/letter_006.pdf,letter,False,1,True,0,0,0,0,clear,False
genuine,letter,genuine/letters/letter_007.pdf,letter,False,1,True,0,0,0,0,clear,False
genuine,letter,genuine/letters/letter_008.pdf,letter,False,1,True,0,0,0,0,clear,False
genuine,letter,genuine/letters/letter_009.pdf,letter,False,1,True,0,0,0,0,clear,False
genuine,letter,genuine/letters/letter_010.pdf,letter,False,1,True,0,0,0,0,clear,False
genuine,letter,genuine/letters/letter_011.pdf,letter,False,1,True,0,0,0,0,clear,False
genuine,letter,genuine/letters/letter_012.pdf,letter,False,1,True,0,0,0,0,clear,False
genuine,letter,genuine/letters/letter_013.pdf,letter,False,1,True,0,0,0,0,clear,False
genuine,letter,genuine/letters/letter_014.pdf,letter,False,1,True,0,0,0,0,clear,False
genuine,letter,genuine/letters/letter_015.pdf,letter,False,1,True,0,0,0,0,clear,False
genuine,letter,genuine/letters/letter_016.pdf,letter,False,1,True,0,0,0,0,clear,False
genuine,letter,genuine/letters/letter_017.pdf,letter,False,1,True,0,0,0,0,clear,False
genuine,letter,genuine/letters/letter_018.pdf,letter,False,1,True,0,0,0,0,clear,False
genuine,letter,genuine/letters/letter_019.pdf,letter,False,1,True,0,0,0,0,clear,False
genuine,letter,genuine/letters/letter_020.pdf,letter,False,1,True,0,0,0,0,clear,False
genuine,letter,genuine/letters/letter_021.pdf,letter,False,1,True,0,0,0,0,clear,False
genuine,letter,genuine/letters/letter_022.pdf,letter,False,1,True,0,0,0,0,clear,False
genuine,letter,genuine/letters/letter_023.pdf,letter,False,1,True,0,0,0,0,clear,False
genuine,letter,genuine/letters/letter_024.pdf,letter,False,1,True,0,0,0,0,clear,False
genuine,letter,genuine/letters/letter_025.pdf,letter,False,1,True,0,0,0,0,clear,False
genuine,letter,genuine/letters/letter_026.pdf,letter,False,1,True,0,0,0,0,clear,False
genuine,letter,genuine/letters/letter_027.pdf,letter,False,1,True,0,0,0,0,clear,False
genuine,letter,genuine/letters/letter_028.pdf,letter,False,1,True,0,0,0,0,clear,False
genuine,letter,genuine/letters/letter_029.pdf,letter,False,1,True,0,0,0,0,clear,False
genuine,letter,genuine/letters/letter_030.pdf,letter,False,1,True,0,0,0,0,clear,False
genuine,letter,genuine/letters/letter_031.pdf,letter,False,1,True,0,0,0,0,clear,False
genuine,letter,genuine/letters/letter_032.pdf,letter,False,1,True,0,0,0,0,clear,False
genuine,letter,genuine/letters/letter_033.pdf,letter,False,1,True,0,0,0,0,clear,False
genuine,letter,genuine/letters/letter_034.pdf,letter,False,1,True,0,0,0,0,clear,False
genuine,letter,genuine/letters/letter_035.pdf,letter,False,1,True,0,0,0,0,clear,False
genuine,letter,genuine/letters/letter_036.pdf,letter,False,1,True,0,0,0,0,clear,False
genuine,letter,genuine/letters/letter_037.pdf,letter,False,1,True,0,0,0,0,clear,False
genuine,letter,genuine/letters/letter_038.pdf,letter,False,1,True,0,0,0,0,clear,False
genuine,letter,genuine/letters/letter_039.pdf,letter,False,1,True,0,0,0,0,clear,False
genuine,letter,genuine/letters/letter_040.pdf,letter,False,1,True,0,0,0,0,clear,False
genuine,letter,genuine/letters/letter_041.pdf,letter,False,1,True,0,0,0,0,clear,False
genuine,letter,genuine/letters/letter_042.pdf,letter,False,1,True,0,0,0,0,clear,False
genuine,letter,genuine/letters/letter_043.pdf,letter,False,1,True,0,0,0,0,clear,False
genuine,letter,genuine/letters/letter_044.pdf,letter,False,1,True,0,0,0,0,clear,False
genuine,letter,genuine/letters/letter_045.pdf,letter,False,1,True,0,0,0,0,clear,False
genuine,letter,genuine/letters/letter_046.pdf,letter,False,1,True,0,0,0,0,clear,False
genuine,letter,genuine/letters/letter_047.pdf,letter,False,1,True,0,0,0,0,clear,False
genuine,letter,genuine/letters/letter_048.pdf,letter,False,1,True,0,0,0,0,clear,False
genuine,letter,genuine/letters/letter_049.pdf,letter,False,1,True,0,0,0,0,clear,False
genuine,letter,genuine/letters/letter_050.pdf,letter,False,1,True,0,0,0,0,clear,False
genuine,letter,genuine/letters/letter_051.pdf,letter,False,1,True,0,0,0,0,clear,False
genuine,letter,genuine/letters/letter_052.pdf,letter,False,1,True,0,0,0,0,clear,False
genuine,letter,genuine/letters/letter_053.pdf,letter,False,1,True,0,0,0,0,clear,False
genuine,letter,genuine/letters/letter_054.pdf,letter,False,1,True,0,0,0,0,clear,False
genuine,letter,genuine/letters/letter_055.pdf,letter,False,1,True,0,0,0,0,clear,False
genuine,letter,genuine/letters/letter_056.pdf,letter,False,1,True,0,0,0,0,clear,False
genuine,letter,genuine/letters/letter_057.pdf,letter,False,1,True,0,0,0,0,clear,False
genuine,letter,genuine/letters/letter_058.pdf,letter,False,1,True,0,0,0,0,clear,False
genuine,letter,genuine/letters/letter_059.pdf,letter,False,1,True,0,0,0,0,clear,False
genuine,letter,genuine/letters/letter_060.pdf,letter,False,1,True,0,0,0,0,clear,False
genuine,letter,genuine/letters/letter_061.pdf,letter,False,1,True,0,0,0,0,clear,False
genuine,letter,genuine/letters/letter_062.pdf,letter,False,1,True,0,0,0,0,clear,False
genuine,letter,genuine/letters/letter_063.pdf,letter,False,1,True,0,0,0,0,clear,False
genuine,letter,genuine/letters/letter_064.pdf,letter,False,1,True,0,0,0,0,clear,False
genuine,letter,genuine/letters/letter_065.pdf,letter,False,1,True,0,0,0,0,clear,False
genuine,letter,genuine/letters/letter_066.pdf,letter,False,1,True,0,0,0,0,clear,False
genuine,letter,genuine/letters/letter_067.pdf,letter,False,1,True,0,0,0,0,clear,False
genuine,letter,genuine/letters/letter_068.pdf,letter,False,1,True,0,0,0,0,clear,False
genuine,letter,genuine/letters/letter_069.pdf,letter,False,1,True,0,0,0,0,clear,False
genuine,letter,genuine/letters/letter_070.pdf,letter,False,1,True,0,0,0,0,clear,False
genuine,letter,genuine/letters/letter_071.pdf,letter,False,1,True,0,0,0,0,clear,False
genuine,letter,genuine/letters/letter_072.pdf,letter,False,1,True,0,0,0,0,clear,False
genuine,letter,genuine/letters/letter_073.pdf,letter,False,1,True,0,0,0,0,clear,False
genuine,letter,genuine/letters/letter_074.pdf,letter,False,1,True,0,0,0,0,clear,False
genuine,letter,genuine/letters/letter_075.pdf,letter,False,1,True,0,0,0,0,clear,False
genuine,letter,genuine/letters/letter_076.pdf,letter,False,1,True,0,0,0,0,clear,False
genuine,letter,genuine/letters/letter_077.pdf,letter,False,1,True,0,0,0,0,clear,False
genuine,letter,genuine/letters/letter_078.pdf,letter,False,1,True,0,0,0,0,clear,False
genuine,letter,genuine/letters/letter_079.pdf,letter,False,1,True,0,0,0,0,clear,False
genuine,letter,genuine/letters/letter_080.pdf,letter,False,1,True,0,0,0,0,clear,False
genuine,letter,genuine/letters/letter_081.pdf,letter,False,1,True,0,0,0,0,clear,False
genuine,letter,genuine/letters/letter_082.pdf,letter,False,1,True,0,0,0,0,clear,False
genuine,letter,genuine/letters/letter_083.pdf,letter,False,1,True,0,0,0,0,clear,False
genuine,letter,genuine/letters/letter_084.pdf,letter,False,1,True,0,0,0,0,clear,False
genuine,letter,genuine/letters/letter_085.pdf,letter,False,1,True,0,0,0,0,clear,False
genuine,letter,genuine/letters/letter_086.pdf,letter,False,1,True,0,0,0,0,clear,False
genuine,letter,genuine/letters/letter_087.pdf,letter,False,1,True,0,0,0,0,clear,False
genuine,letter,genuine/letters/letter_088.pdf,letter,False,1,True,0,0,0,0,clear,False
genuine,letter,genuine/letters/letter_089.pdf,letter,False,1,True,0,0,0,0,clear,False
genuine,letter,genuine/letters/letter_090.pdf,letter,False,1,True,0,0,0,0,clear,False
genuine,letter,genuine/letters/letter_091.pdf,letter,False,1,True,0,0,0,0,clear,False
genuine,letter,genuine/letters/letter_092.pdf,letter,False,1,True,0,0,0,0,clear,False
genuine,letter,genuine/letters/letter_093.pdf,letter,False,1,True,0,0,0,0,clear,False
genuine,letter,genuine/letters/letter_094.pdf,letter,False,1,True,0,0,0,0,clear,False
genuine,letter,genuine/letters/letter_095.pdf,letter,False,1,True,0,0,0,0,clear,False
genuine,letter,genuine/letters/letter_096.pdf,letter,False,1,True,0,0,0,0,clear,False
genuine,letter,genuine/letters/letter_097.pdf,letter,False,1,True,0,0,0,0,clear,False
genuine,letter,genuine/letters/letter_098.pdf,letter,False,1,True,0,0,0,0,clear,False
genuine,letter,genuine/letters/letter_099.pdf,letter,False,1,True,0,0,0,0,clear,False
genuine,letter,genuine/letters/letter_100.pdf,letter,False,1,True,0,0,0,0,clear,False
genuine,letter,genuine/letters/letter_1000.pdf,letter,False,1,True,0,0,0,0,clear,False
genuine,letter,genuine/letters/letter_101.pdf,letter,False,1,True,0,0,0,0,clear,False
genuine,letter,genuine/letters/letter_102.pdf,letter,False,1,True,0,0,0,0,clear,False
genuine,letter,genuine/letters/letter_103.pdf,letter,False,1,True,0,0,0,0,clear,False
genuine,letter,genuine/letters/letter_104.pdf,letter,False,1,True,0,0,0,0,clear,False
genuine,letter,genuine/letters/letter_105.pdf,letter,False,1,True,0,0,0,0,clear,False
genuine,letter,genuine/letters/letter_106.pdf,letter,False,1,True,0,0,0,0,clear,False
genuine,letter,genuine/letters/letter_107.pdf,letter,False,1,True,0,0,0,0,clear,False
genuine,letter,genuine/letters/letter_108.pdf,letter,False,1,True,0,0,0,0,clear,False
genuine,letter,genuine/letters/letter_109.pdf,letter,False,1,True,0,0,0,0,clear,False
genuine,letter,genuine/letters/letter_110.pdf,letter,False,1,True,0,0,0,0,clear,False
genuine,letter,genuine/letters/letter_111.pdf,letter,False,1,True,0,0,0,0,clear,False
genuine,letter,genuine/letters/letter_112.pdf,letter,False,1,True,0,0,0,0,clear,False
genuine,letter,genuine/letters/letter_113.pdf,letter,False,1,True,0,0,0,0,clear,False
genuine,letter,genuine/letters/letter_114.pdf,letter,False,1,True,0,0,0,0,clear,False
genuine,letter,genuine/letters/letter_115.pdf,letter,False,1,True,0,0,0,0,clear,False
genuine,letter,genuine/letters/letter_116.pdf,letter,False,1,True,0,0,0,0,clear,False
genuine,letter,genuine/letters/letter_117.pdf,letter,False,1,True,0,0,0,0,clear,False
genuine,letter,genuine/letters/letter_118.pdf,letter,False,1,True,0,0,0,0,clear,False
genuine,letter,genuine/letters/letter_119.pdf,letter,False,1,True,0,0,0,0,clear,False
genuine,letter,genuine/letters/letter_120.pdf,letter,False,1,True,0,0,0,0,clear,False
genuine,letter,genuine/letters/letter_121.pdf,letter,False,1,True,0,0,0,0,clear,False
genuine,letter,genuine/letters/letter_122.pdf,letter,False,1,True,0,0,0,0,clear,False
genuine,letter,genuine/letters/letter_123.pdf,letter,False,1,True,0,0,0,0,clear,False
genuine,letter,genuine/letters/letter_124.pdf,letter,False,1,True,0,0,0,0,clear,False
genuine,letter,genuine/letters/letter_125.pdf,letter,False,1,True,0,0,0,0,clear,False
genuine,letter,genuine/letters/letter_126.pdf,letter,False,1,True,0,0,0,0,clear,False
genuine,letter,genuine/letters/letter_127.pdf,letter,False,1,True,0,0,0,0,clear,False
genuine,letter,genuine/letters/letter_128.pdf,letter,False,1,True,0,0,0,0,clear,False
genuine,letter,genuine/letters/letter_129.pdf,letter,False,1,True,0,0,0,0,clear,False
genuine,letter,genuine/letters/letter_130.pdf,letter,False,1,True,0,0,0,0,clear,False
genuine,letter,genuine/letters/letter_131.pdf,letter,False,1,True,0,0,0,0,clear,False
genuine,letter,genuine/letters/letter_132.pdf,letter,False,1,True,0,0,0,0,clear,False
genuine,letter,genuine/letters/letter_133.pdf,letter,False,1,True,0,0,0,0,clear,False
genuine,letter,genuine/letters/letter_134.pdf,letter,False,1,True,0,0,0,0,clear,False
genuine,letter,genuine/letters/letter_135.pdf,letter,False,1,True,0,0,0,0,clear,False
genuine,letter,genuine/letters/letter_136.pdf,letter,False,1,True,0,0,0,0,clear,False
genuine,letter,genuine/letters/letter_137.pdf,letter,False,1,True,0,0,0,0,clear,False
genuine,letter,genuine/letters/letter_138.pdf,letter,False,1,True,0,0,0,0,clear,False
genuine,letter,genuine/letters/letter_139.pdf,letter,False,1,True,0,0,0,0,clear,False
genuine,letter,genuine/letters/letter_140.pdf,letter,False,1,True,0,0,0,0,clear,False
genuine,letter,genuine/letters/letter_141.pdf,letter,False,1,True,0,0,0,0,clear,False
genuine,letter,genuine/letters/letter_142.pdf,letter,False,1,True,0,0,0,0,clear,False
genuine,letter,genuine/letters/letter_143.pdf,letter,False,1,True,0,0,0,0,clear,False
genuine,letter,genuine/letters/letter_144.pdf,letter,False,1,True,0,0,0,0,clear,False
genuine,letter,genuine/letters/letter_145.pdf,letter,False,1,True,0,0,0,0,clear,False
genuine,letter,genuine/letters/letter_146.pdf,letter,False,1,True,0,0,0,0,clear,False
genuine,letter,genuine/letters/letter_147.pdf,letter,False,1,True,0,0,0,0,clear,False
genuine,letter,genuine/letters/letter_148.pdf,letter,False,1,True,0,0,0,0,clear,False
genuine,letter,genuine/letters/letter_149.pdf,letter,False,1,True,0,0,0,0,clear,False
genuine,letter,genuine/letters/letter_150.pdf,letter,False,1,True,0,0,0,0,clear,False
genuine,letter,genuine/letters/letter_151.pdf,letter,False,1,True,0,0,0,0,clear,False
genuine,letter,genuine/letters/letter_152.pdf,letter,False,1,True,0,0,0,0,clear,False
genuine,letter,genuine/letters/letter_153.pdf,letter,False,1,True,0,0,0,0,clear,False
genuine,letter,genuine/letters/letter_154.pdf,letter,False,1,True,0,0,0,0,clear,False
genuine,letter,genuine/letters/letter_155.pdf,letter,False,1,True,0,0,0,0,clear,False
genuine,letter,genuine/letters/letter_156.pdf,letter,False,1,True,0,0,0,0,clear,False
genuine,letter,genuine/letters/letter_157.pdf,letter,False,1,True,0,0,0,0,clear,False
genuine,letter,genuine/letters/letter_158.pdf,letter,False,1,True,0,0,0,0,clear,False
genuine,letter,genuine/letters/letter_159.pdf,letter,False,1,True,0,0,0,0,clear,False
genuine,letter,genuine/letters/letter_160.pdf,letter,False,1,True,0,0,0,0,clear,False
genuine,letter,genuine/letters/letter_161.pdf,letter,False,1,True,0,0,0,0,clear,False
genuine,letter,genuine/letters/letter_162.pdf,letter,False,1,True,0,0,0,0,clear,False
genuine,letter,genuine/letters/letter_163.pdf,letter,False,1,True,0,0,0,0,clear,False
genuine,letter,genuine/letters/letter_164.pdf,letter,False,1,True,0,0,0,0,clear,False
genuine,letter,genuine/letters/letter_165.pdf,letter,False,1,True,0,0,0,0,clear,False
genuine,letter,genuine/letters/letter_166.pdf,letter,False,1,True,0,0,0,0,clear,False
genuine,letter,genuine/letters/letter_167.pdf,letter,False,1,True,0,0,0,0,clear,False
genuine,letter,genuine/letters/letter_168.pdf,letter,False,1,True,0,0,0,0,clear,False
genuine,letter,genuine/letters/letter_169.pdf,letter,False,1,True,0,0,0,0,clear,False
genuine,letter,genuine/letters/letter_170.pdf,letter,False,1,True,0,0,0,0,clear,False
genuine,letter,genuine/letters/letter_171.pdf,letter,False,1,True,0,0,0,0,clear,False
genuine,letter,genuine/letters/letter_172.pdf,letter,False,1,True,0,0,0,0,clear,False
genuine,letter,genuine/letters/letter_173.pdf,letter,False,1,True,0,0,0,0,clear,False
genuine,letter,genuine/letters/letter_174.pdf,letter,False,1,True,0,0,0,0,clear,False
genuine,letter,genuine/letters/letter_175.pdf,letter,False,1,True,0,0,0,0,clear,False
genuine,letter,genuine/letters/letter_176.pdf,letter,False,1,True,0,0,0,0,clear,False
genuine,letter,genuine/letters/letter_177.pdf,letter,False,1,True,0,0,0,0,clear,False
genuine,letter,genuine/letters/letter_178.pdf,letter,False,1,True,0,0,0,0,clear,False
genuine,letter,genuine/letters/letter_179.pdf,letter,False,1,True,0,0,0,0,clear,False
genuine,letter,genuine/letters/letter_180.pdf,letter,False,1,True,0,0,0,0,clear,False
genuine,letter,genuine/letters/letter_181.pdf,letter,False,1,True,0,0,0,0,clear,False
genuine,letter,genuine/letters/letter_182.pdf,letter,False,1,True,0,0,0,0,clear,False
genuine,letter,genuine/letters/letter_183.pdf,letter,False,1,True,0,0,0,0,clear,False
genuine,letter,genuine/letters/letter_184.pdf,letter,False,1,True,0,0,0,0,clear,False
genuine,letter,genuine/letters/letter_185.pdf,letter,False,1,True,0,0,0,0,clear,False
genuine,letter,genuine/letters/letter_186.pdf,letter,False,1,True,0,0,0,0,clear,False
genuine,letter,genuine/letters/letter_187.pdf,letter,False,1,True,0,0,0,0,clear,False
genuine,letter,genuine/letters/letter_188.pdf,letter,False,1,True,0,0,0,0,clear,False
genuine,letter,genuine/letters/letter_189.pdf,letter,False,1,True,0,0,0,0,clear,False
genuine,letter,genuine/letters/letter_190.pdf,letter,False,1,True,0,0,0,0,clear,False
genuine,letter,genuine/letters/letter_191.pdf,letter,False,1,True,0,0,0,0,clear,False
genuine,letter,genuine/letters/letter_192.pdf,letter,False,1,True,0,0,0,0,clear,False
genuine,letter,genuine/letters/letter_193.pdf,letter,False,1,True,0,0,0,0,clear,False
genuine,letter,genuine/letters/letter_194.pdf,letter,False,1,True,0,0,0,0,clear,False
genuine,letter,genuine/letters/letter_195.pdf,letter,False,1,True,0,0,0,0,clear,False
genuine,letter,genuine/letters/letter_196.pdf,letter,False,1,True,0,0,0,0,clear,False
genuine,letter,genuine/letters/letter_197.pdf,letter,False,1,True,0,0,0,0,clear,False
genuine,letter,genuine/letters/letter_198.pdf,letter,False,1,True,0,0,0,0,clear,False
genuine,letter,genuine/letters/letter_199.pdf,letter,False,1,True,0,0,0,0,clear,False
genuine,letter,genuine/letters/letter_200.pdf,letter,False,1,True,0,0,0,0,clear,False
genuine,letter,genuine/letters/letter_201.pdf,letter,False,1,True,0,0,0,0,clear,False
genuine,letter,genuine/letters/letter_202.pdf,letter,False,1,True,0,0,0,0,clear,False
genuine,letter,genuine/letters/letter_203.pdf,letter,False,1,True,0,0,0,0,clear,False
genuine,letter,genuine/letters/letter_204.pdf,letter,False,1,True,0,0,0,0,clear,False
genuine,letter,genuine/letters/letter_205.pdf,letter,False,1,True,0,0,0,0,clear,False
genuine,letter,genuine/letters/letter_206.pdf,letter,False,1,True,0,0,0,0,clear,False
genuine,letter,genuine/letters/letter_207.pdf,letter,False,1,True,0,0,0,0,clear,False
genuine,letter,genuine/letters/letter_208.pdf,letter,False,1,True,0,0,0,0,clear,False
genuine,letter,genuine/letters/letter_209.pdf,letter,False,1,True,0,0,0,0,clear,False
genuine,letter,genuine/letters/letter_210.pdf,letter,False,1,True,0,0,0,0,clear,False
genuine,letter,genuine/letters/letter_211.pdf,letter,False,1,True,0,0,0,0,clear,False
genuine,letter,genuine/letters/letter_212.pdf,letter,False,1,True,0,0,0,0,clear,False
genuine,letter,genuine/letters/letter_213.pdf,letter,False,1,True,0,0,0,0,clear,False
genuine,letter,genuine/letters/letter_214.pdf,letter,False,1,True,0,0,0,0,clear,False
genuine,letter,genuine/letters/letter_215.pdf,letter,False,1,True,0,0,0,0,clear,False
genuine,letter,genuine/letters/letter_216.pdf,letter,False,1,True,0,0,0,0,clear,False
genuine,letter,genuine/letters/letter_217.pdf,letter,False,1,True,0,0,0,0,clear,False
genuine,letter,genuine/letters/letter_218.pdf,letter,False,1,True,0,0,0,0,clear,False
genuine,letter,genuine/letters/letter_219.pdf,letter,False,1,True,0,0,0,0,clear,False
genuine,letter,genuine/letters/letter_220.pdf,letter,False,1,True,0,0,0,0,clear,False
genuine,letter,genuine/letters/letter_221.pdf,letter,False,1,True,0,0,0,0,clear,False
genuine,letter,genuine/letters/letter_222.pdf,letter,False,1,True,0,0,0,0,clear,False
genuine,letter,genuine/letters/letter_223.pdf,letter,False,1,True,0,0,0,0,clear,False
genuine,letter,genuine/letters/letter_224.pdf,letter,False,1,True,0,0,0,0,clear,False
genuine,letter,genuine/letters/letter_225.pdf,letter,False,1,True,0,0,0,0,clear,False
genuine,letter,genuine/letters/letter_226.pdf,letter,False,1,True,0,0,0,0,clear,False
genuine,letter,genuine/letters/letter_227.pdf,letter,False,1,True,0,0,0,0,clear,False
genuine,letter,genuine/letters/letter_228.pdf,letter,False,1,True,0,0,0,0,clear,False
genuine,letter,genuine/letters/letter_229.pdf,letter,False,1,True,0,0,0,0,clear,False
genuine,letter,genuine/letters/letter_230.pdf,letter,False,1,True,0,0,0,0,clear,False
genuine,letter,genuine/letters/letter_231.pdf,letter,False,1,True,0,0,0,0,clear,False
genuine,letter,genuine/letters/letter_232.pdf,letter,False,1,True,0,0,0,0,clear,False
genuine,letter,genuine/letters/letter_233.pdf,letter,False,1,True,0,0,0,0,clear,False
genuine,letter,genuine/letters/letter_234.pdf,letter,False,1,True,0,0,0,0,clear,False
genuine,letter,genuine/letters/letter_235.pdf,letter,False,1,True,0,0,0,0,clear,False
genuine,letter,genuine/letters/letter_236.pdf,letter,False,1,True,0,0,0,0,clear,False
genuine,letter,genuine/letters/letter_237.pdf,letter,False,1,True,0,0,0,0,clear,False
genuine,letter,genuine/letters/letter_238.pdf,letter,False,1,True,0,0,0,0,clear,False
genuine,letter,genuine/letters/letter_239.pdf,letter,False,1,True,0,0,0,0,clear,False
genuine,letter,genuine/letters/letter_240.pdf,letter,False,1,True,0,0,0,0,clear,False
genuine,letter,genuine/letters/letter_241.pdf,letter,False,1,True,0,0,0,0,clear,False
genuine,letter,genuine/letters/letter_242.pdf,letter,False,1,True,0,0,0,0,clear,False
genuine,letter,genuine/letters/letter_243.pdf,letter,False,1,True,0,0,0,0,clear,False
genuine,letter,genuine/letters/letter_244.pdf,letter,False,1,True,0,0,0,0,clear,False
genuine,letter,genuine/letters/letter_245.pdf,letter,False,1,True,0,0,0,0,clear,False
genuine,letter,genuine/letters/letter_246.pdf,letter,False,1,True,0,0,0,0,clear,False
genuine,letter,genuine/letters/letter_247.pdf,letter,False,1,True,0,0,0,0,clear,False
genuine,letter,genuine/letters/letter_248.pdf,letter,False,1,True,0,0,0,0,clear,False
genuine,letter,genuine/letters/letter_249.pdf,letter,False,1,True,0,0,0,0,clear,False
genuine,letter,genuine/letters/letter_250.pdf,letter,False,1,True,0,0,0,0,clear,False
genuine,letter,genuine/letters/letter_251.pdf,letter,False,1,True,0,0,0,0,clear,False
genuine,letter,genuine/letters/letter_252.pdf,letter,False,1,True,0,0,0,0,clear,False
genuine,letter,genuine/letters/letter_253.pdf,letter,False,1,True,0,0,0,0,clear,False
genuine,letter,genuine/letters/letter_254.pdf,letter,False,1,True,0,0,0,0,clear,False
genuine,letter,genuine/letters/letter_255.pdf,letter,False,1,True,0,0,0,0,clear,False
genuine,letter,genuine/letters/letter_256.pdf,letter,False,1,True,0,0,0,0,clear,False
genuine,letter,genuine/letters/letter_257.pdf,letter,False,1,True,0,0,0,0,clear,False
genuine,letter,genuine/letters/letter_258.pdf,letter,False,1,True,0,0,0,0,clear,False
genuine,letter,genuine/letters/letter_259.pdf,letter,False,1,True,0,0,0,0,clear,False
genuine,letter,genuine/letters/letter_260.pdf,letter,False,1,True,0,0,0,0,clear,False
genuine,letter,genuine/letters/letter_261.pdf,letter,False,1,True,0,0,0,0,clear,False
genuine,letter,genuine/letters/letter_262.pdf,letter,False,1,True,0,0,0,0,clear,False
genuine,letter,genuine/letters/letter_263.pdf,letter,False,1,True,0,0,0,0,clear,False
genuine,letter,genuine/letters/letter_264.pdf,letter,False,1,True,0,0,0,0,clear,False
genuine,letter,genuine/letters/letter_265.pdf,letter,False,1,True,0,0,0,0,clear,False
genuine,letter,genuine/letters/letter_266.pdf,letter,False,1,True,0,0,0,0,clear,False
genuine,letter,genuine/letters/letter_267.pdf,letter,False,1,True,0,0,0,0,clear,False
genuine,letter,genuine/letters/letter_268.pdf,letter,False,1,True,0,0,0,0,clear,False
genuine,letter,genuine/letters/letter_269.pdf,letter,False,1,True,0,0,0,0,clear,False
genuine,letter,genuine/letters/letter_270.pdf,letter,False,1,True,0,0,0,0,clear,False
genuine,letter,genuine/letters/letter_271.pdf,letter,False,1,True,0,0,0,0,clear,False
genuine,letter,genuine/letters/letter_272.pdf,letter,False,1,True,0,0,0,0,clear,False
genuine,letter,genuine/letters/letter_273.pdf,letter,False,1,True,0,0,0,0,clear,False
genuine,letter,genuine/letters/letter_274.pdf,letter,False,1,True,0,0,0,0,clear,False
genuine,letter,genuine/letters/letter_275.pdf,letter,False,1,True,0,0,0,0,clear,False
genuine,letter,genuine/letters/letter_276.pdf,letter,False,1,True,0,0,0,0,clear,False
genuine,letter,genuine/letters/letter_277.pdf,letter,False,1,True,0,0,0,0,clear,False
genuine,letter,genuine/letters/letter_278.pdf,letter,False,1,True,0,0,0,0,clear,False
genuine,letter,genuine/letters/letter_279.pdf,letter,False,1,True,0,0,0,0,clear,False
genuine,letter,genuine/letters/letter_280.pdf,letter,False,1,True,0,0,0,0,clear,False
genuine,letter,genuine/letters/letter_281.pdf,letter,False,1,True,0,0,0,0,clear,False
genuine,letter,genuine/letters/letter_282.pdf,letter,False,1,True,0,0,0,0,clear,False
genuine,letter,genuine/letters/letter_283.pdf,letter,False,1,True,0,0,0,0,clear,False
genuine,letter,genuine/letters/letter_284.pdf,letter,False,1,True,0,0,0,0,clear,False
genuine,letter,genuine/letters/letter_285.pdf,letter,False,1,True,0,0,0,0,clear,False
genuine,letter,genuine/letters/letter_286.pdf,letter,False,1,True,0,0,0,0,clear,False
genuine,letter,genuine/letters/letter_287.pdf,letter,False,1,True,0,0,0,0,clear,False
genuine,letter,genuine/letters/letter_288.pdf,letter,False,1,True,0,0,0,0,clear,False
genuine,letter,genuine/letters/letter_289.pdf,letter,False,1,True,0,0,0,0,clear,False
genuine,letter,genuine/letters/letter_290.pdf,letter,False,1,True,0,0,0,0,clear,False
genuine,letter,genuine/letters/letter_291.pdf,letter,False,1,True,0,0,0,0,clear,False
genuine,letter,genuine/letters/letter_292.pdf,letter,False,1,True,0,0,0,0,clear,False
genuine,letter,genuine/letters/letter_293.pdf,letter,False,1,True,0,0,0,0,clear,False
genuine,letter,genuine/letters/letter_294.pdf,letter,False,1,True,0,0,0,0,clear,False
genuine,letter,genuine/letters/letter_295.pdf,letter,False,1,True,0,0,0,0,clear,False
genuine,letter,genuine/letters/letter_296.pdf,letter,False,1,True,0,0,0,0,clear,False
genuine,letter,genuine/letters/letter_297.pdf,letter,False,1,True,0,0,0,0,clear,False
genuine,letter,genuine/letters/letter_298.pdf,letter,False,1,True,0,0,0,0,clear,False
genuine,letter,genuine/letters/letter_299.pdf,letter,False,1,True,0,0,0,0,clear,False
genuine,letter,genuine/letters/letter_300.pdf,letter,False,1,True,0,0,0,0,clear,False
genuine,letter,genuine/letters/letter_301.pdf,letter,False,1,True,0,0,0,0,clear,False
genuine,letter,genuine/letters/letter_302.pdf,letter,False,1,True,0,0,0,0,clear,False
genuine,letter,genuine/letters/letter_303.pdf,letter,False,1,True,0,0,0,0,clear,False
genuine,letter,genuine/letters/letter_304.pdf,letter,False,1,True,0,0,0,0,clear,False
genuine,letter,genuine/letters/letter_305.pdf,letter,False,1,True,0,0,0,0,clear,False
genuine,letter,genuine/letters/letter_306.pdf,letter,False,1,True,0,0,0,0,clear,False
genuine,letter,genuine/letters/letter_307.pdf,letter,False,1,True,0,0,0,0,clear,False
genuine,letter,genuine/letters/letter_308.pdf,letter,False,1,True,0,0,0,0,clear,False
genuine,letter,genuine/letters/letter_309.pdf,letter,False,1,True,0,0,0,0,clear,False
genuine,letter,genuine/letters/letter_310.pdf,letter,False,1,True,0,0,0,0,clear,False
genuine,letter,genuine/letters/letter_311.pdf,letter,False,1,True,0,0,0,0,clear,False
genuine,letter,genuine/letters/letter_312.pdf,letter,False,1,True,0,0,0,0,clear,False
genuine,letter,genuine/letters/letter_313.pdf,letter,False,1,True,0,0,0,0,clear,False
genuine,letter,genuine/letters/letter_314.pdf,letter,False,1,True,0,0,0,0,clear,False
genuine,letter,genuine/letters/letter_315.pdf,letter,False,1,True,0,0,0,0,clear,False
genuine,letter,genuine/letters/letter_316.pdf,letter,False,1,True,0,0,0,0,clear,False
genuine,letter,genuine/letters/letter_317.pdf,letter,False,1,True,0,0,0,0,clear,False
genuine,letter,genuine/letters/letter_318.pdf,letter,False,1,True,0,0,0,0,clear,False
genuine,letter,genuine/letters/letter_319.pdf,letter,False,1,True,0,0,0,0,clear,False
genuine,letter,genuine/letters/letter_320.pdf,letter,False,1,True,0,0,0,0,clear,False
genuine,letter,genuine/letters/letter_321.pdf,letter,False,1,True,0,0,0,0,clear,False
genuine,letter,genuine/letters/letter_322.pdf,letter,False,1,True,0,0,0,0,clear,False
genuine,letter,genuine/letters/letter_323.pdf,letter,False,1,True,0,0,0,0,clear,False
genuine,letter,genuine/letters/letter_324.pdf,letter,False,1,True,0,0,0,0,clear,False
genuine,letter,genuine/letters/letter_325.pdf,letter,False,1,True,0,0,0,0,clear,False
genuine,letter,genuine/letters/letter_326.pdf,letter,False,1,True,0,0,0,0,clear,False
genuine,letter,genuine/letters/letter_327.pdf,letter,False,1,True,0,0,0,0,clear,False
genuine,letter,genuine/letters/letter_328.pdf,letter,False,1,True,0,0,0,0,clear,False
genuine,letter,genuine/letters/letter_329.pdf,letter,False,1,True,0,0,0,0,clear,False
genuine,letter,genuine/letters/letter_330.pdf,letter,False,1,True,0,0,0,0,clear,False
genuine,letter,genuine/letters/letter_331.pdf,letter,False,1,True,0,0,0,0,clear,False
genuine,letter,genuine/letters/letter_332.pdf,letter,False,1,True,0,0,0,0,clear,False
genuine,letter,genuine/letters/letter_333.pdf,letter,False,1,True,0,0,0,0,clear,False
genuine,letter,genuine/letters/letter_334.pdf,letter,False,1,True,0,0,0,0,clear,False
genuine,letter,genuine/letters/letter_335.pdf,letter,False,1,True,0,0,0,0,clear,False
genuine,letter,genuine/letters/letter_336.pdf,letter,False,1,True,0,0,0,0,clear,False
genuine,letter,genuine/letters/letter_337.pdf,letter,False,1,True,0,0,0,0,clear,False
genuine,letter,genuine/letters/letter_338.pdf,letter,False,1,True,0,0,0,0,clear,False
genuine,letter,genuine/letters/letter_339.pdf,letter,False,1,True,0,0,0,0,clear,False
genuine,letter,genuine/letters/letter_340.pdf,letter,False,1,True,0,0,0,0,clear,False
genuine,letter,genuine/letters/letter_341.pdf,letter,False,1,True,0,0,0,0,clear,False
genuine,letter,genuine/letters/letter_342.pdf,letter,False,1,True,0,0,0,0,clear,False
genuine,letter,genuine/letters/letter_343.pdf,letter,False,1,True,0,0,0,0,clear,False
genuine,letter,genuine/letters/letter_344.pdf,letter,False,1,True,0,0,0,0,clear,False
genuine,letter,genuine/letters/letter_345.pdf,letter,False,1,True,0,0,0,0,clear,False
genuine,letter,genuine/letters/letter_346.pdf,letter,False,1,True,0,0,0,0,clear,False
genuine,letter,genuine/letters/letter_347.pdf,letter,False,1,True,0,0,0,0,clear,False
genuine,letter,genuine/letters/letter_348.pdf,letter,False,1,True,0,0,0,0,clear,False
genuine,letter,genuine/letters/letter_349.pdf,letter,False,1,True,0,0,0,0,clear,False
genuine,letter,genuine/letters/letter_350.pdf,letter,False,1,True,0,0,0,0,clear,False
genuine,letter,genuine/letters/letter_351.pdf,letter,False,1,True,0,0,0,0,clear,False
genuine,letter,genuine/letters/letter_352.pdf,letter,False,1,True,0,0,0,0,clear,False
genuine,letter,genuine/letters/letter_353.pdf,letter,False,1,True,0,0,0,0,clear,False
genuine,letter,genuine/letters/letter_354.pdf,letter,False,1,True,0,0,0,0,clear,False
genuine,letter,genuine/letters/letter_355.pdf,letter,False,1,True,0,0,0,0,clear,False
genuine,letter,genuine/letters/letter_356.pdf,letter,False,1,True,0,0,0,0,clear,False
genuine,letter,genuine/letters/letter_357.pdf,letter,False,1,True,0,0,0,0,clear,False
genuine,letter,genuine/letters/letter_358.pdf,letter,False,1,True,0,0,0,0,clear,False
genuine,letter,genuine/letters/letter_359.pdf,letter,False,1,True,0,0,0,0,clear,False
genuine,letter,genuine/letters/letter_360.pdf,letter,False,1,True,0,0,0,0,clear,False
genuine,letter,genuine/letters/letter_361.pdf,letter,False,1,True,0,0,0,0,clear,False
genuine,letter,genuine/letters/letter_362.pdf,letter,False,1,True,0,0,0,0,clear,False
genuine,letter,genuine/letters/letter_363.pdf,letter,False,1,True,0,0,0,0,clear,False
genuine,letter,genuine/letters/letter_364.pdf,letter,False,1,True,0,0,0,0,clear,False
genuine,letter,genuine/letters/letter_365.pdf,letter,False,1,True,0,0,0,0,clear,False
genuine,letter,genuine/letters/letter_366.pdf,letter,False,1,True,0,0,0,0,clear,False
genuine,letter,genuine/letters/letter_367.pdf,letter,False,1,True,0,0,0,0,clear,False
genuine,letter,genuine/letters/letter_368.pdf,letter,False,1,True,0,0,0,0,clear,False
genuine,letter,genuine/letters/letter_369.pdf,letter,False,1,True,0,0,0,0,clear,False
genuine,letter,genuine/letters/letter_370.pdf,letter,False,1,True,0,0,0,0,clear,False
genuine,letter,genuine/letters/letter_371.pdf,letter,False,1,True,0,0,0,0,clear,False
genuine,letter,genuine/letters/letter_372.pdf,letter,False,1,True,0,0,0,0,clear,False
genuine,letter,genuine/letters/letter_373.pdf,letter,False,1,True,0,0,0,0,clear,False
genuine,letter,genuine/letters/letter_374.pdf,letter,False,1,True,0,0,0,0,clear,False
genuine,letter,genuine/letters/letter_375.pdf,letter,False,1,True,0,0,0,0,clear,False
genuine,letter,genuine/letters/letter_376.pdf,letter,False,1,True,0,0,0,0,clear,False
genuine,letter,genuine/letters/letter_377.pdf,letter,False,1,True,0,0,0,0,clear,False
genuine,letter,genuine/letters/letter_378.pdf,letter,False,1,True,0,0,0,0,clear,False
genuine,letter,genuine/letters/letter_379.pdf,letter,False,1,True,0,0,0,0,clear,False
genuine,letter,genuine/letters/letter_380.pdf,letter,False,1,True,0,0,0,0,clear,False
genuine,letter,genuine/letters/letter_381.pdf,letter,False,1,True,0,0,0,0,clear,False
genuine,letter,genuine/letters/letter_382.pdf,letter,False,1,True,0,0,0,0,clear,False
genuine,letter,genuine/letters/letter_383.pdf,letter,False,1,True,0,0,0,0,clear,False
genuine,letter,genuine/letters/letter_384.pdf,letter,False,1,True,0,0,0,0,clear,False
genuine,letter,genuine/letters/letter_385.pdf,letter,False,1,True,0,0,0,0,clear,False
genuine,letter,genuine/letters/letter_386.pdf,letter,False,1,True,0,0,0,0,clear,False
genuine,letter,genuine/letters/letter_387.pdf,letter,False,1,True,0,0,0,0,clear,False
genuine,letter,genuine/letters/letter_388.pdf,letter,False,1,True,0,0,0,0,clear,False
genuine,letter,genuine/letters/letter_389.pdf,letter,False,1,True,0,0,0,0,clear,False
genuine,letter,genuine/letters/letter_390.pdf,letter,False,1,True,0,0,0,0,clear,False
genuine,letter,genuine/letters/letter_391.pdf,letter,False,1,True,0,0,0,0,clear,False
genuine,letter,genuine/letters/letter_392.pdf,letter,False,1,True,0,0,0,0,clear,False
genuine,letter,genuine/letters/letter_393.pdf,letter,False,1,True,0,0,0,0,clear,False
genuine,letter,genuine/letters/letter_394.pdf,letter,False,1,True,0,0,0,0,clear,False
genuine,letter,genuine/letters/letter_395.pdf,letter,False,1,True,0,0,0,0,clear,False
genuine,letter,genuine/letters/letter_396.pdf,letter,False,1,True,0,0,0,0,clear,False
genuine,letter,genuine/letters/letter_397.pdf,letter,False,1,True,0,0,0,0,clear,False
genuine,letter,genuine/letters/letter_398.pdf,letter,False,1,True,0,0,0,0,clear,False
genuine,letter,genuine/letters/letter_399.pdf,letter,False,1,True,0,0,0,0,clear,False
genuine,letter,genuine/letters/letter_400.pdf,letter,False,1,True,0,0,0,0,clear,False
genuine,letter,genuine/letters/letter_401.pdf,letter,False,1,True,0,0,0,0,clear,False
genuine,letter,genuine/letters/letter_402.pdf,letter,False,1,True,0,0,0,0,clear,False
genuine,letter,genuine/letters/letter_403.pdf,letter,False,1,True,0,0,0,0,clear,False
genuine,letter,genuine/letters/letter_404.pdf,letter,False,1,True,0,0,0,0,clear,False
genuine,letter,genuine/letters/letter_405.pdf,letter,False,1,True,0,0,0,0,clear,False
genuine,letter,genuine/letters/letter_406.pdf,letter,False,1,True,0,0,0,0,clear,False
genuine,letter,genuine/letters/letter_407.pdf,letter,False,1,True,0,0,0,0,clear,False
genuine,letter,genuine/letters/letter_408.pdf,letter,False,1,True,0,0,0,0,clear,False
genuine,letter,genuine/letters/letter_409.pdf,letter,False,1,True,0,0,0,0,clear,False
genuine,letter,genuine/letters/letter_410.pdf,letter,False,1,True,0,0,0,0,clear,False
genuine,letter,genuine/letters/letter_411.pdf,letter,False,1,True,0,0,0,0,clear,False
genuine,letter,genuine/letters/letter_412.pdf,letter,False,1,True,0,0,0,0,clear,False
genuine,letter,genuine/letters/letter_413.pdf,letter,False,1,True,0,0,0,0,clear,False
genuine,letter,genuine/letters/letter_414.pdf,letter,False,1,True,0,0,0,0,clear,False
genuine,letter,genuine/letters/letter_415.pdf,letter,False,1,True,0,0,0,0,clear,False
genuine,letter,genuine/letters/letter_416.pdf,letter,False,1,True,0,0,0,0,clear,False
genuine,letter,genuine/letters/letter_417.pdf,letter,False,1,True,0,0,0,0,clear,False
genuine,letter,genuine/letters/letter_418.pdf,letter,False,1,True,0,0,0,0,clear,False
genuine,letter,genuine/letters/letter_419.pdf,letter,False,1,True,0,0,0,0,clear,False
genuine,letter,genuine/letters/letter_420.pdf,letter,False,1,True,0,0,0,0,clear,False
genuine,letter,genuine/letters/letter_421.pdf,letter,False,1,True,0,0,0,0,clear,False
genuine,letter,genuine/letters/letter_422.pdf,letter,False,1,True,0,0,0,0,clear,False
genuine,letter,genuine/letters/letter_423.pdf,letter,False,1,True,0,0,0,0,clear,False
genuine,letter,genuine/letters/letter_424.pdf,letter,False,1,True,0,0,0,0,clear,False
genuine,letter,genuine/letters/letter_425.pdf,letter,False,1,True,0,0,0,0,clear,False
genuine,letter,genuine/letters/letter_426.pdf,letter,False,1,True,0,0,0,0,clear,False
genuine,letter,genuine/letters/letter_427.pdf,letter,False,1,True,0,0,0,0,clear,False
genuine,letter,genuine/letters/letter_428.pdf,letter,False,1,True,0,0,0,0,clear,False
genuine,letter,genuine/letters/letter_429.pdf,letter,False,1,True,0,0,0,0,clear,False
genuine,letter,genuine/letters/letter_430.pdf,letter,False,1,True,0,0,0,0,clear,False
genuine,letter,genuine/letters/letter_431.pdf,letter,False,1,True,0,0,0,0,clear,False
genuine,letter,genuine/letters/letter_432.pdf,letter,False,1,True,0,0,0,0,clear,False
genuine,letter,genuine/letters/letter_433.pdf,letter,False,1,True,0,0,0,0,clear,False
genuine,letter,genuine/letters/letter_434.pdf,letter,False,1,True,0,0,0,0,clear,False
genuine,letter,genuine/letters/letter_435.pdf,letter,False,1,True,0,0,0,0,clear,False
genuine,letter,genuine/letters/letter_436.pdf,letter,False,1,True,0,0,0,0,clear,False
genuine,letter,genuine/letters/letter_437.pdf,letter,False,1,True,0,0,0,0,clear,False
genuine,letter,genuine/letters/letter_438.pdf,letter,False,1,True,0,0,0,0,clear,False
genuine,letter,genuine/letters/letter_439.pdf,letter,False,1,True,0,0,0,0,clear,False
genuine,letter,genuine/letters/letter_440.pdf,letter,False,1,True,0,0,0,0,clear,False
genuine,letter,genuine/letters/letter_441.pdf,letter,False,1,True,0,0,0,0,clear,False
genuine,letter,genuine/letters/letter_442.pdf,letter,False,1,True,0,0,0,0,clear,False
genuine,letter,genuine/letters/letter_443.pdf,letter,False,1,True,0,0,0,0,clear,False
genuine,letter,genuine/letters/letter_444.pdf,letter,False,1,True,0,0,0,0,clear,False
genuine,letter,genuine/letters/letter_445.pdf,letter,False,1,True,0,0,0,0,clear,False
genuine,letter,genuine/letters/letter_446.pdf,letter,False,1,True,0,0,0,0,clear,False
genuine,letter,genuine/letters/letter_447.pdf,letter,False,1,True,0,0,0,0,clear,False
genuine,letter,genuine/letters/letter_448.pdf,letter,False,1,True,0,0,0,0,clear,False
genuine,letter,genuine/letters/letter_449.pdf,letter,False,1,True,0,0,0,0,clear,False
genuine,letter,genuine/letters/letter_450.pdf,letter,False,1,True,0,0,0,0,clear,False
genuine,letter,genuine/letters/letter_451.pdf,letter,False,1,True,0,0,0,0,clear,False
genuine,letter,genuine/letters/letter_452.pdf,letter,False,1,True,0,0,0,0,clear,False
genuine,letter,genuine/letters/letter_453.pdf,letter,False,1,True,0,0,0,0,clear,False
genuine,letter,genuine/letters/letter_454.pdf,letter,False,1,True,0,0,0,0,clear,False
genuine,letter,genuine/letters/letter_455.pdf,letter,False,1,True,0,0,0,0,clear,False
genuine,letter,genuine/letters/letter_456.pdf,letter,False,1,True,0,0,0,0,clear,False
genuine,letter,genuine/letters/letter_457.pdf,letter,False,1,True,0,0,0,0,clear,False
genuine,letter,genuine/letters/letter_458.pdf,letter,False,1,True,0,0,0,0,clear,False
genuine,letter,genuine/letters/letter_459.pdf,letter,False,1,True,0,0,0,0,clear,False
genuine,letter,genuine/letters/letter_460.pdf,letter,False,1,True,0,0,0,0,clear,False
genuine,letter,genuine/letters/letter_461.pdf,letter,False,1,True,0,0,0,0,clear,False
genuine,letter,genuine/letters/letter_462.pdf,letter,False,1,True,0,0,0,0,clear,False
genuine,letter,genuine/letters/letter_463.pdf,letter,False,1,True,0,0,0,0,clear,False
genuine,letter,genuine/letters/letter_464.pdf,letter,False,1,True,0,0,0,0,clear,False
genuine,letter,genuine/letters/letter_465.pdf,letter,False,1,True,0,0,0,0,clear,False
genuine,letter,genuine/letters/letter_466.pdf,letter,False,1,True,0,0,0,0,clear,False
genuine,letter,genuine/letters/letter_467.pdf,letter,False,1,True,0,0,0,0,clear,False
genuine,letter,genuine/letters/letter_468.pdf,letter,False,1,True,0,0,0,0,clear,False
genuine,letter,genuine/letters/letter_469.pdf,letter,False,1,True,0,0,0,0,clear,False
genuine,letter,genuine/letters/letter_470.pdf,letter,False,1,True,0,0,0,0,clear,False
genuine,letter,genuine/letters/letter_471.pdf,letter,False,1,True,0,0,0,0,clear,False
genuine,letter,genuine/letters/letter_472.pdf,letter,False,1,True,0,0,0,0,clear,False
genuine,letter,genuine/letters/letter_473.pdf,letter,False,1,True,0,0,0,0,clear,False
genuine,letter,genuine/letters/letter_474.pdf,letter,False,1,True,0,0,0,0,clear,False
genuine,letter,genuine/letters/letter_475.pdf,letter,False,1,True,0,0,0,0,clear,False
genuine,letter,genuine/letters/letter_476.pdf,letter,False,1,True,0,0,0,0,clear,False
genuine,letter,genuine/letters/letter_477.pdf,letter,False,1,True,0,0,0,0,clear,False
genuine,letter,genuine/letters/letter_478.pdf,letter,False,1,True,0,0,0,0,clear,False
genuine,letter,genuine/letters/letter_479.pdf,letter,False,1,True,0,0,0,0,clear,False
genuine,letter,genuine/letters/letter_480.pdf,letter,False,1,True,0,0,0,0,clear,False
genuine,letter,genuine/letters/letter_481.pdf,letter,False,1,True,0,0,0,0,clear,False
genuine,letter,genuine/letters/letter_482.pdf,letter,False,1,True,0,0,0,0,clear,False
genuine,letter,genuine/letters/letter_483.pdf,letter,False,1,True,0,0,0,0,clear,False
genuine,letter,genuine/letters/letter_484.pdf,letter,False,1,True,0,0,0,0,clear,False
genuine,letter,genuine/letters/letter_485.pdf,letter,False,1,True,0,0,0,0,clear,False
genuine,letter,genuine/letters/letter_486.pdf,letter,False,1,True,0,0,0,0,clear,False
genuine,letter,genuine/letters/letter_487.pdf,letter,False,1,True,0,0,0,0,clear,False
genuine,letter,genuine/letters/letter_488.pdf,letter,False,1,True,0,0,0,0,clear,False
genuine,letter,genuine/letters/letter_489.pdf,letter,False,1,True,0,0,0,0,clear,False
genuine,letter,genuine/letters/letter_490.pdf,letter,False,1,True,0,0,0,0,clear,False
genuine,letter,genuine/letters/letter_491.pdf,letter,False,1,True,0,0,0,0,clear,False
genuine,letter,genuine/letters/letter_492.pdf,letter,False,1,True,0,0,0,0,clear,False
genuine,letter,genuine/letters/letter_493.pdf,letter,False,1,True,0,0,0,0,clear,False
genuine,letter,genuine/letters/letter_494.pdf,letter,False,1,True,0,0,0,0,clear,False
genuine,letter,genuine/letters/letter_495.pdf,letter,False,1,True,0,0,0,0,clear,False
genuine,letter,genuine/letters/letter_496.pdf,letter,False,1,True,0,0,0,0,clear,False
genuine,letter,genuine/letters/letter_497.pdf,letter,False,1,True,0,0,0,0,clear,False
genuine,letter,genuine/letters/letter_498.pdf,letter,False,1,True,0,0,0,0,clear,False
genuine,letter,genuine/letters/letter_499.pdf,letter,False,1,True,0,0,0,0,clear,False
genuine,letter,genuine/letters/letter_500.pdf,letter,False,1,True,0,0,0,0,clear,False
genuine,letter,genuine/letters/letter_501.pdf,letter,False,1,True,0,0,0,0,clear,False
genuine,letter,genuine/letters/letter_502.pdf,letter,False,1,True,0,0,0,0,clear,False
genuine,letter,genuine/letters/letter_503.pdf,letter,False,1,True,0,0,0,0,clear,False
genuine,letter,genuine/letters/letter_504.pdf,letter,False,1,True,0,0,0,0,clear,False
genuine,letter,genuine/letters/letter_505.pdf,letter,False,1,True,0,0,0,0,clear,False
genuine,letter,genuine/letters/letter_506.pdf,letter,False,1,True,0,0,0,0,clear,False
genuine,letter,genuine/letters/letter_507.pdf,letter,False,1,True,0,0,0,0,clear,False
genuine,letter,genuine/letters/letter_508.pdf,letter,False,1,True,0,0,0,0,clear,False
genuine,letter,genuine/letters/letter_509.pdf,letter,False,1,True,0,0,0,0,clear,False
genuine,letter,genuine/letters/letter_510.pdf,letter,False,1,True,0,0,0,0,clear,False
genuine,letter,genuine/letters/letter_511.pdf,letter,False,1,True,0,0,0,0,clear,False
genuine,letter,genuine/letters/letter_512.pdf,letter,False,1,True,0,0,0,0,clear,False
genuine,letter,genuine/letters/letter_513.pdf,letter,False,1,True,0,0,0,0,clear,False
genuine,letter,genuine/letters/letter_514.pdf,letter,False,1,True,0,0,0,0,clear,False
genuine,letter,genuine/letters/letter_515.pdf,letter,False,1,True,0,0,0,0,clear,False
genuine,letter,genuine/letters/letter_516.pdf,letter,False,1,True,0,0,0,0,clear,False
genuine,letter,genuine/letters/letter_517.pdf,letter,False,1,True,0,0,0,0,clear,False
genuine,letter,genuine/letters/letter_518.pdf,letter,False,1,True,0,0,0,0,clear,False
genuine,letter,genuine/letters/letter_519.pdf,letter,False,1,True,0,0,0,0,clear,False
genuine,letter,genuine/letters/letter_520.pdf,letter,False,1,True,0,0,0,0,clear,False
genuine,letter,genuine/letters/letter_521.pdf,letter,False,1,True,0,0,0,0,clear,False
genuine,letter,genuine/letters/letter_522.pdf,letter,False,1,True,0,0,0,0,clear,False
genuine,letter,genuine/letters/letter_523.pdf,letter,False,1,True,0,0,0,0,clear,False
genuine,letter,genuine/letters/letter_524.pdf,letter,False,1,True,0,0,0,0,clear,False
genuine,letter,genuine/letters/letter_525.pdf,letter,False,1,True,0,0,0,0,clear,False
genuine,letter,genuine/letters/letter_526.pdf,letter,False,1,True,0,0,0,0,clear,False
genuine,letter,genuine/letters/letter_527.pdf,letter,False,1,True,0,0,0,0,clear,False
genuine,letter,genuine/letters/letter_528.pdf,letter,False,1,True,0,0,0,0,clear,False
genuine,letter,genuine/letters/letter_529.pdf,letter,False,1,True,0,0,0,0,clear,False
genuine,letter,genuine/letters/letter_530.pdf,letter,False,1,True,0,0,0,0,clear,False
genuine,letter,genuine/letters/letter_531.pdf,letter,False,1,True,0,0,0,0,clear,False
genuine,letter,genuine/letters/letter_532.pdf,letter,False,1,True,0,0,0,0,clear,False
genuine,letter,genuine/letters/letter_533.pdf,letter,False,1,True,0,0,0,0,clear,False
genuine,letter,genuine/letters/letter_534.pdf,letter,False,1,True,0,0,0,0,clear,False
genuine,letter,genuine/letters/letter_535.pdf,letter,False,1,True,0,0,0,0,clear,False
genuine,letter,genuine/letters/letter_536.pdf,letter,False,1,True,0,0,0,0,clear,False
genuine,letter,genuine/letters/letter_537.pdf,letter,False,1,True,0,0,0,0,clear,False
genuine,letter,genuine/letters/letter_538.pdf,letter,False,1,True,0,0,0,0,clear,False
genuine,letter,genuine/letters/letter_539.pdf,letter,False,1,True,0,0,0,0,clear,False
genuine,letter,genuine/letters/letter_540.pdf,letter,False,1,True,0,0,0,0,clear,False
genuine,letter,genuine/letters/letter_541.pdf,letter,False,1,True,0,0,0,0,clear,False
genuine,letter,genuine/letters/letter_542.pdf,letter,False,1,True,0,0,0,0,clear,False
genuine,letter,genuine/letters/letter_543.pdf,letter,False,1,True,0,0,0,0,clear,False
genuine,letter,genuine/letters/letter_544.pdf,letter,False,1,True,0,0,0,0,clear,False
genuine,letter,genuine/letters/letter_545.pdf,letter,False,1,True,0,0,0,0,clear,False
genuine,letter,genuine/letters/letter_546.pdf,letter,False,1,True,0,0,0,0,clear,False
genuine,letter,genuine/letters/letter_547.pdf,letter,False,1,True,0,0,0,0,clear,False
genuine,letter,genuine/letters/letter_548.pdf,letter,False,1,True,0,0,0,0,clear,False
genuine,letter,genuine/letters/letter_549.pdf,letter,False,1,True,0,0,0,0,clear,False
genuine,letter,genuine/letters/letter_550.pdf,letter,False,1,True,0,0,0,0,clear,False
genuine,letter,genuine/letters/letter_551.pdf,letter,False,1,True,0,0,0,0,clear,False
genuine,letter,genuine/letters/letter_552.pdf,letter,False,1,True,0,0,0,0,clear,False
genuine,letter,genuine/letters/letter_553.pdf,letter,False,1,True,0,0,0,0,clear,False
genuine,letter,genuine/letters/letter_554.pdf,letter,False,1,True,0,0,0,0,clear,False
genuine,letter,genuine/letters/letter_555.pdf,letter,False,1,True,0,0,0,0,clear,False
genuine,letter,genuine/letters/letter_556.pdf,letter,False,1,True,0,0,0,0,clear,False
genuine,letter,genuine/letters/letter_557.pdf,letter,False,1,True,0,0,0,0,clear,False
genuine,letter,genuine/letters/letter_558.pdf,letter,False,1,True,0,0,0,0,clear,False
genuine,letter,genuine/letters/letter_559.pdf,letter,False,1,True,0,0,0,0,clear,False
genuine,letter,genuine/letters/letter_560.pdf,letter,False,1,True,0,0,0,0,clear,False
genuine,letter,genuine/letters/letter_561.pdf,letter,False,1,True,0,0,0,0,clear,False
genuine,letter,genuine/letters/letter_562.pdf,letter,False,1,True,0,0,0,0,clear,False
genuine,letter,genuine/letters/letter_563.pdf,letter,False,1,True,0,0,0,0,clear,False
genuine,letter,genuine/letters/letter_564.pdf,letter,False,1,True,0,0,0,0,clear,False
genuine,letter,genuine/letters/letter_565.pdf,letter,False,1,True,0,0,0,0,clear,False
genuine,letter,genuine/letters/letter_566.pdf,letter,False,1,True,0,0,0,0,clear,False
genuine,letter,genuine/letters/letter_567.pdf,letter,False,1,True,0,0,0,0,clear,False
genuine,letter,genuine/letters/letter_568.pdf,letter,False,1,True,0,0,0,0,clear,False
genuine,letter,genuine/letters/letter_569.pdf,letter,False,1,True,0,0,0,0,clear,False
genuine,letter,genuine/letters/letter_570.pdf,letter,False,1,True,0,0,0,0,clear,False
genuine,letter,genuine/letters/letter_571.pdf,letter,False,1,True,0,0,0,0,clear,False
genuine,letter,genuine/letters/letter_572.pdf,letter,False,1,True,0,0,0,0,clear,False
genuine,letter,genuine/letters/letter_573.pdf,letter,False,1,True,0,0,0,0,clear,False
genuine,letter,genuine/letters/letter_574.pdf,letter,False,1,True,0,0,0,0,clear,False
genuine,letter,genuine/letters/letter_575.pdf,letter,False,1,True,0,0,0,0,clear,False
genuine,letter,genuine/letters/letter_576.pdf,letter,False,1,True,0,0,0,0,clear,False
genuine,letter,genuine/letters/letter_577.pdf,letter,False,1,True,0,0,0,0,clear,False
genuine,letter,genuine/letters/letter_578.pdf,letter,False,1,True,0,0,0,0,clear,False
genuine,letter,genuine/letters/letter_579.pdf,letter,False,1,True,0,0,0,0,clear,False
genuine,letter,genuine/letters/letter_580.pdf,letter,False,1,True,0,0,0,0,clear,False
genuine,letter,genuine/letters/letter_581.pdf,letter,False,1,True,0,0,0,0,clear,False
genuine,letter,genuine/letters/letter_582.pdf,letter,False,1,True,0,0,0,0,clear,False
genuine,letter,genuine/letters/letter_583.pdf,letter,False,1,True,0,0,0,0,clear,False
genuine,letter,genuine/letters/letter_584.pdf,letter,False,1,True,0,0,0,0,clear,False
genuine,letter,genuine/letters/letter_585.pdf,letter,False,1,True,0,0,0,0,clear,False
genuine,letter,genuine/letters/letter_586.pdf,letter,False,1,True,0,0,0,0,clear,False
genuine,letter,genuine/letters/letter_587.pdf,letter,False,1,True,0,0,0,0,clear,False
genuine,letter,genuine/letters/letter_588.pdf,letter,False,1,True,0,0,0,0,clear,False
genuine,letter,genuine/letters/letter_589.pdf,letter,False,1,True,0,0,0,0,clear,False
genuine,letter,genuine/letters/letter_590.pdf,letter,False,1,True,0,0,0,0,clear,False
genuine,letter,genuine/letters/letter_591.pdf,letter,False,1,True,0,0,0,0,clear,False
genuine,letter,genuine/letters/letter_592.pdf,letter,False,1,True,0,0,0,0,clear,False
genuine,letter,genuine/letters/letter_593.pdf,letter,False,1,True,0,0,0,0,clear,False
genuine,letter,genuine/letters/letter_594.pdf,letter,False,1,True,0,0,0,0,clear,False
genuine,letter,genuine/letters/letter_595.pdf,letter,False,1,True,0,0,0,0,clear,False
genuine,letter,genuine/letters/letter_596.pdf,letter,False,1,True,0,0,0,0,clear,False
genuine,letter,genuine/letters/letter_597.pdf,letter,False,1,True,0,0,0,0,clear,False
genuine,letter,genuine/letters/letter_598.pdf,letter,False,1,True,0,0,0,0,clear,False
genuine,letter,genuine/letters/letter_599.pdf,letter,False,1,True,0,0,0,0,clear,False
genuine,letter,genuine/letters/letter_600.pdf,letter,False,1,True,0,0,0,0,clear,False
genuine,letter,genuine/letters/letter_601.pdf,letter,False,1,True,0,0,0,0,clear,False
genuine,letter,genuine/letters/letter_602.pdf,letter,False,1,True,0,0,0,0,clear,False
genuine,letter,genuine/letters/letter_603.pdf,letter,False,1,True,0,0,0,0,clear,False
genuine,letter,genuine/letters/letter_604.pdf,letter,False,1,True,0,0,0,0,clear,False
genuine,letter,genuine/letters/letter_605.pdf,letter,False,1,True,0,0,0,0,clear,False
genuine,letter,genuine/letters/letter_606.pdf,letter,False,1,True,0,0,0,0,clear,False
genuine,letter,genuine/letters/letter_607.pdf,letter,False,1,True,0,0,0,0,clear,False
genuine,letter,genuine/letters/letter_608.pdf,letter,False,1,True,0,0,0,0,clear,False
genuine,letter,genuine/letters/letter_609.pdf,letter,False,1,True,0,0,0,0,clear,False
genuine,letter,genuine/letters/letter_610.pdf,letter,False,1,True,0,0,0,0,clear,False
genuine,letter,genuine/letters/letter_611.pdf,letter,False,1,True,0,0,0,0,clear,False
genuine,letter,genuine/letters/letter_612.pdf,letter,False,1,True,0,0,0,0,clear,False
genuine,letter,genuine/letters/letter_613.pdf,letter,False,1,True,0,0,0,0,clear,False
genuine,letter,genuine/letters/letter_614.pdf,letter,False,1,True,0,0,0,0,clear,False
genuine,letter,genuine/letters/letter_615.pdf,letter,False,1,True,0,0,0,0,clear,False
genuine,letter,genuine/letters/letter_616.pdf,letter,False,1,True,0,0,0,0,clear,False
genuine,letter,genuine/letters/letter_617.pdf,letter,False,1,True,0,0,0,0,clear,False
genuine,letter,genuine/letters/letter_618.pdf,letter,False,1,True,0,0,0,0,clear,False
genuine,letter,genuine/letters/letter_619.pdf,letter,False,1,True,0,0,0,0,clear,False
genuine,letter,genuine/letters/letter_620.pdf,letter,False,1,True,0,0,0,0,clear,False
genuine,letter,genuine/letters/letter_621.pdf,letter,False,1,True,0,0,0,0,clear,False
genuine,letter,genuine/letters/letter_622.pdf,letter,False,1,True,0,0,0,0,clear,False
genuine,letter,genuine/letters/letter_623.pdf,letter,False,1,True,0,0,0,0,clear,False
genuine,letter,genuine/letters/letter_624.pdf,letter,False,1,True,0,0,0,0,clear,False
genuine,letter,genuine/letters/letter_625.pdf,letter,False,1,True,0,0,0,0,clear,False
genuine,letter,genuine/letters/letter_626.pdf,letter,False,1,True,0,0,0,0,clear,False
genuine,letter,genuine/letters/letter_627.pdf,letter,False,1,True,0,0,0,0,clear,False
genuine,letter,genuine/letters/letter_628.pdf,letter,False,1,True,0,0,0,0,clear,False
genuine,letter,genuine/letters/letter_629.pdf,letter,False,1,True,0,0,0,0,clear,False
genuine,letter,genuine/letters/letter_630.pdf,letter,False,1,True,0,0,0,0,clear,False
genuine,letter,genuine/letters/letter_631.pdf,letter,False,1,True,0,0,0,0,clear,False
genuine,letter,genuine/letters/letter_632.pdf,letter,False,1,True,0,0,0,0,clear,False
genuine,letter,genuine/letters/letter_633.pdf,letter,False,1,True,0,0,0,0,clear,False
genuine,letter,genuine/letters/letter_634.pdf,letter,False,1,True,0,0,0,0,clear,False
genuine,letter,genuine/letters/letter_635.pdf,letter,False,1,True,0,0,0,0,clear,False
genuine,letter,genuine/letters/letter_636.pdf,letter,False,1,True,0,0,0,0,clear,False
genuine,letter,genuine/letters/letter_637.pdf,letter,False,1,True,0,0,0,0,clear,False
genuine,letter,genuine/letters/letter_638.pdf,letter,False,1,True,0,0,0,0,clear,False
genuine,letter,genuine/letters/letter_639.pdf,letter,False,1,True,0,0,0,0,clear,False
genuine,letter,genuine/letters/letter_640.pdf,letter,False,1,True,0,0,0,0,clear,False
genuine,letter,genuine/letters/letter_641.pdf,letter,False,1,True,0,0,0,0,clear,False
genuine,letter,genuine/letters/letter_642.pdf,letter,False,1,True,0,0,0,0,clear,False
genuine,letter,genuine/letters/letter_643.pdf,letter,False,1,True,0,0,0,0,clear,False
genuine,letter,genuine/letters/letter_644.pdf,letter,False,1,True,0,0,0,0,clear,False
genuine,letter,genuine/letters/letter_645.pdf,letter,False,1,True,0,0,0,0,clear,False
genuine,letter,genuine/letters/letter_646.pdf,letter,False,1,True,0,0,0,0,clear,False
genuine,letter,genuine/letters/letter_647.pdf,letter,False,1,True,0,0,0,0,clear,False
genuine,letter,genuine/letters/letter_648.pdf,letter,False,1,True,0,0,0,0,clear,False
genuine,letter,genuine/letters/letter_649.pdf,letter,False,1,True,0,0,0,0,clear,False
genuine,letter,genuine/letters/letter_650.pdf,letter,False,1,True,0,0,0,0,clear,False
genuine,letter,genuine/letters/letter_651.pdf,letter,False,1,True,0,0,0,0,clear,False
genuine,letter,genuine/letters/letter_652.pdf,letter,False,1,True,0,0,0,0,clear,False
genuine,letter,genuine/letters/letter_653.pdf,letter,False,1,True,0,0,0,0,clear,False
genuine,letter,genuine/letters/letter_654.pdf,letter,False,1,True,0,0,0,0,clear,False
genuine,letter,genuine/letters/letter_655.pdf,letter,False,1,True,0,0,0,0,clear,False
genuine,letter,genuine/letters/letter_656.pdf,letter,False,1,True,0,0,0,0,clear,False
genuine,letter,genuine/letters/letter_657.pdf,letter,False,1,True,0,0,0,0,clear,False
genuine,letter,genuine/letters/letter_658.pdf,letter,False,1,True,0,0,0,0,clear,False
genuine,letter,genuine/letters/letter_659.pdf,letter,False,1,True,0,0,0,0,clear,False
genuine,letter,genuine/letters/letter_660.pdf,letter,False,1,True,0,0,0,0,clear,False
genuine,letter,genuine/letters/letter_661.pdf,letter,False,1,True,0,0,0,0,clear,False
genuine,letter,genuine/letters/letter_662.pdf,letter,False,1,True,0,0,0,0,clear,False
genuine,letter,genuine/letters/letter_663.pdf,letter,False,1,True,0,0,0,0,clear,False
genuine,letter,genuine/letters/letter_664.pdf,letter,False,1,True,0,0,0,0,clear,False
genuine,letter,genuine/letters/letter_665.pdf,letter,False,1,True,0,0,0,0,clear,False
genuine,letter,genuine/letters/letter_666.pdf,letter,False,1,True,0,0,0,0,clear,False
genuine,letter,genuine/letters/letter_667.pdf,letter,False,1,True,0,0,0,0,clear,False
genuine,letter,genuine/letters/letter_668.pdf,letter,False,1,True,0,0,0,0,clear,False
genuine,letter,genuine/letters/letter_669.pdf,letter,False,1,True,0,0,0,0,clear,False
genuine,letter,genuine/letters/letter_670.pdf,letter,False,1,True,0,0,0,0,clear,False
genuine,letter,genuine/letters/letter_671.pdf,letter,False,1,True,0,0,0,0,clear,False
genuine,letter,genuine/letters/letter_672.pdf,letter,False,1,True,0,0,0,0,clear,False
genuine,letter,genuine/letters/letter_673.pdf,letter,False,1,True,0,0,0,0,clear,False
genuine,letter,genuine/letters/letter_674.pdf,letter,False,1,True,0,0,0,0,clear,False
genuine,letter,genuine/letters/letter_675.pdf,letter,False,1,True,0,0,0,0,clear,False
genuine,letter,genuine/letters/letter_676.pdf,letter,False,1,True,0,0,0,0,clear,False
genuine,letter,genuine/letters/letter_677.pdf,letter,False,1,True,0,0,0,0,clear,False
genuine,letter,genuine/letters/letter_678.pdf,letter,False,1,True,0,0,0,0,clear,False
genuine,letter,genuine/letters/letter_679.pdf,letter,False,1,True,0,0,0,0,clear,False
genuine,letter,genuine/letters/letter_680.pdf,letter,False,1,True,0,0,0,0,clear,False
genuine,letter,genuine/letters/letter_681.pdf,letter,False,1,True,0,0,0,0,clear,False
genuine,letter,genuine/letters/letter_682.pdf,letter,False,1,True,0,0,0,0,clear,False
genuine,letter,genuine/letters/letter_683.pdf,letter,False,1,True,0,0,0,0,clear,False
genuine,letter,genuine/letters/letter_684.pdf,letter,False,1,True,0,0,0,0,clear,False
genuine,letter,genuine/letters/letter_685.pdf,letter,False,1,True,0,0,0,0,clear,False
genuine,letter,genuine/letters/letter_686.pdf,letter,False,1,True,0,0,0,0,clear,False
genuine,letter,genuine/letters/letter_687.pdf,letter,False,1,True,0,0,0,0,clear,False
genuine,letter,genuine/letters/letter_688.pdf,letter,False,1,True,0,0,0,0,clear,False
genuine,letter,genuine/letters/letter_689.pdf,letter,False,1,True,0,0,0,0,clear,False
genuine,letter,genuine/letters/letter_690.pdf,letter,False,1,True,0,0,0,0,clear,False
genuine,letter,genuine/letters/letter_691.pdf,letter,False,1,True,0,0,0,0,clear,False
genuine,letter,genuine/letters/letter_692.pdf,letter,False,1,True,0,0,0,0,clear,False
genuine,letter,genuine/letters/letter_693.pdf,letter,False,1,True,0,0,0,0,clear,False
genuine,letter,genuine/letters/letter_694.pdf,letter,False,1,True,0,0,0,0,clear,False
genuine,letter,genuine/letters/letter_695.pdf,letter,False,1,True,0,0,0,0,clear,False
genuine,letter,genuine/letters/letter_696.pdf,letter,False,1,True,0,0,0,0,clear,False
genuine,letter,genuine/letters/letter_697.pdf,letter,False,1,True,0,0,0,0,clear,False
genuine,letter,genuine/letters/letter_698.pdf,letter,False,1,True,0,0,0,0,clear,False
genuine,letter,genuine/letters/letter_699.pdf,letter,False,1,True,0,0,0,0,clear,False
genuine,letter,genuine/letters/letter_700.pdf,letter,False,1,True,0,0,0,0,clear,False
genuine,letter,genuine/letters/letter_701.pdf,letter,False,1,True,0,0,0,0,clear,False
genuine,letter,genuine/letters/letter_702.pdf,letter,False,1,True,0,0,0,0,clear,False
genuine,letter,genuine/letters/letter_703.pdf,letter,False,1,True,0,0,0,0,clear,False
genuine,letter,genuine/letters/letter_704.pdf,letter,False,1,True,0,0,0,0,clear,False
genuine,letter,genuine/letters/letter_705.pdf,letter,False,1,True,0,0,0,0,clear,False
genuine,letter,genuine/letters/letter_706.pdf,letter,False,1,True,0,0,0,0,clear,False
genuine,letter,genuine/letters/letter_707.pdf,letter,False,1,True,0,0,0,0,clear,False
genuine,letter,genuine/letters/letter_708.pdf,letter,False,1,True,0,0,0,0,clear,False
genuine,letter,genuine/letters/letter_709.pdf,letter,False,1,True,0,0,0,0,clear,False
genuine,letter,genuine/letters/letter_710.pdf,letter,False,1,True,0,0,0,0,clear,False
genuine,letter,genuine/letters/letter_711.pdf,letter,False,1,True,0,0,0,0,clear,False
genuine,letter,genuine/letters/letter_712.pdf,letter,False,1,True,0,0,0,0,clear,False
genuine,letter,genuine/letters/letter_713.pdf,letter,False,1,True,0,0,0,0,clear,False
genuine,letter,genuine/letters/letter_714.pdf,letter,False,1,True,0,0,0,0,clear,False
genuine,letter,genuine/letters/letter_715.pdf,letter,False,1,True,0,0,0,0,clear,False
genuine,letter,genuine/letters/letter_716.pdf,letter,False,1,True,0,0,0,0,clear,False
genuine,letter,genuine/letters/letter_717.pdf,letter,False,1,True,0,0,0,0,clear,False
genuine,letter,genuine/letters/letter_718.pdf,letter,False,1,True,0,0,0,0,clear,False
genuine,letter,genuine/letters/letter_719.pdf,letter,False,1,True,0,0,0,0,clear,False
genuine,letter,genuine/letters/letter_720.pdf,letter,False,1,True,0,0,0,0,clear,False
genuine,letter,genuine/letters/letter_721.pdf,letter,False,1,True,0,0,0,0,clear,False
genuine,letter,genuine/letters/letter_722.pdf,letter,False,1,True,0,0,0,0,clear,False
genuine,letter,genuine/letters/letter_723.pdf,letter,False,1,True,0,0,0,0,clear,False
genuine,letter,genuine/letters/letter_724.pdf,letter,False,1,True,0,0,0,0,clear,False
genuine,letter,genuine/letters/letter_725.pdf,letter,False,1,True,0,0,0,0,clear,False
genuine,letter,genuine/letters/letter_726.pdf,letter,False,1,True,0,0,0,0,clear,False
genuine,letter,genuine/letters/letter_727.pdf,letter,False,1,True,0,0,0,0,clear,False
genuine,letter,genuine/letters/letter_728.pdf,letter,False,1,True,0,0,0,0,clear,False
genuine,letter,genuine/letters/letter_729.pdf,letter,False,1,True,0,0,0,0,clear,False
genuine,letter,genuine/letters/letter_730.pdf,letter,False,1,True,0,0,0,0,clear,False
genuine,letter,genuine/letters/letter_731.pdf,letter,False,1,True,0,0,0,0,clear,False
genuine,letter,genuine/letters/letter_732.pdf,letter,False,1,True,0,0,0,0,clear,False
genuine,letter,genuine/letters/letter_733.pdf,letter,False,1,True,0,0,0,0,clear,False
genuine,letter,genuine/letters/letter_734.pdf,letter,False,1,True,0,0,0,0,clear,False
genuine,letter,genuine/letters/letter_735.pdf,letter,False,1,True,0,0,0,0,clear,False
genuine,letter,genuine/letters/letter_736.pdf,letter,False,1,True,0,0,0,0,clear,False
genuine,letter,genuine/letters/letter_737.pdf,letter,False,1,True,0,0,0,0,clear,False
genuine,letter,genuine/letters/letter_738.pdf,letter,False,1,True,0,0,0,0,clear,False
genuine,letter,genuine/letters/letter_739.pdf,letter,False,1,True,0,0,0,0,clear,False
genuine,letter,genuine/letters/letter_740.pdf,letter,False,1,True,0,0,0,0,clear,False
genuine,letter,genuine/letters/letter_741.pdf,letter,False,1,True,0,0,0,0,clear,False
genuine,letter,genuine/letters/letter_742.pdf,letter,False,1,True,0,0,0,0,clear,False
genuine,letter,genuine/letters/letter_743.pdf,letter,False,1,True,0,0,0,0,clear,False
genuine,letter,genuine/letters/letter_744.pdf,letter,False,1,True,0,0,0,0,clear,False
genuine,letter,genuine/letters/letter_745.pdf,letter,False,1,True,0,0,0,0,clear,False
genuine,letter,genuine/letters/letter_746.pdf,letter,False,1,True,0,0,0,0,clear,False
genuine,letter,genuine/letters/letter_747.pdf,letter,False,1,True,0,0,0,0,clear,False
genuine,letter,genuine/letters/letter_748.pdf,letter,False,1,True,0,0,0,0,clear,False
genuine,letter,genuine/letters/letter_749.pdf,letter,False,1,True,0,0,0,0,clear,False
genuine,letter,genuine/letters/letter_750.pdf,letter,False,1,True,0,0,0,0,clear,False
genuine,letter,genuine/letters/letter_751.pdf,letter,False,1,True,0,0,0,0,clear,False
genuine,letter,genuine/letters/letter_752.pdf,letter,False,1,True,0,0,0,0,clear,False
genuine,letter,genuine/letters/letter_753.pdf,letter,False,1,True,0,0,0,0,clear,False
genuine,letter,genuine/letters/letter_754.pdf,letter,False,1,True,0,0,0,0,clear,False
genuine,letter,genuine/letters/letter_755.pdf,letter,False,1,True,0,0,0,0,clear,False
genuine,letter,genuine/letters/letter_756.pdf,letter,False,1,True,0,0,0,0,clear,False
genuine,letter,genuine/letters/letter_757.pdf,letter,False,1,True,0,0,0,0,clear,False
genuine,letter,genuine/letters/letter_758.pdf,letter,False,1,True,0,0,0,0,clear,False
genuine,letter,genuine/letters/letter_759.pdf,letter,False,1,True,0,0,0,0,clear,False
genuine,letter,genuine/letters/letter_760.pdf,letter,False,1,True,0,0,0,0,clear,False
genuine,letter,genuine/letters/letter_761.pdf,letter,False,1,True,0,0,0,0,clear,False
genuine,letter,genuine/letters/letter_762.pdf,letter,False,1,True,0,0,0,0,clear,False
genuine,letter,genuine/letters/letter_763.pdf,letter,False,1,True,0,0,0,0,clear,False
genuine,letter,genuine/letters/letter_764.pdf,letter,False,1,True,0,0,0,0,clear,False
genuine,letter,genuine/letters/letter_765.pdf,letter,False,1,True,0,0,0,0,clear,False
genuine,letter,genuine/letters/letter_766.pdf,letter,False,1,True,0,0,0,0,clear,False
genuine,letter,genuine/letters/letter_767.pdf,letter,False,1,True,0,0,0,0,clear,False
genuine,letter,genuine/letters/letter_768.pdf,letter,False,1,True,0,0,0,0,clear,False
genuine,letter,genuine/letters/letter_769.pdf,letter,False,1,True,0,0,0,0,clear,False
genuine,letter,genuine/letters/letter_770.pdf,letter,False,1,True,0,0,0,0,clear,False
genuine,letter,genuine/letters/letter_771.pdf,letter,False,1,True,0,0,0,0,clear,False
genuine,letter,genuine/letters/letter_772.pdf,letter,False,1,True,0,0,0,0,clear,False
genuine,letter,genuine/letters/letter_773.pdf,letter,False,1,True,0,0,0,0,clear,False
genuine,letter,genuine/letters/letter_774.pdf,letter,False,1,True,0,0,0,0,clear,False
genuine,letter,genuine/letters/letter_775.pdf,letter,False,1,True,0,0,0,0,clear,False
genuine,letter,genuine/letters/letter_776.pdf,letter,False,1,True,0,0,0,0,clear,False
genuine,letter,genuine/letters/letter_777.pdf,letter,False,1,True,0,0,0,0,clear,False
genuine,letter,genuine/letters/letter_778.pdf,letter,False,1,True,0,0,0,0,clear,False
genuine,letter,genuine/letters/letter_779.pdf,letter,False,1,True,0,0,0,0,clear,False
genuine,letter,genuine/letters/letter_780.pdf,letter,False,1,True,0,0,0,0,clear,False
genuine,letter,genuine/letters/letter_781.pdf,letter,False,1,True,0,0,0,0,clear,False
genuine,letter,genuine/letters/letter_782.pdf,letter,False,1,True,0,0,0,0,clear,False
genuine,letter,genuine/letters/letter_783.pdf,letter,False,1,True,0,0,0,0,clear,False
genuine,letter,genuine/letters/letter_784.pdf,letter,False,1,True,0,0,0,0,clear,False
genuine,letter,genuine/letters/letter_785.pdf,letter,False,1,True,0,0,0,0,clear,False
genuine,letter,genuine/letters/letter_786.pdf,letter,False,1,True,0,0,0,0,clear,False
genuine,letter,genuine/letters/letter_787.pdf,letter,False,1,True,0,0,0,0,clear,False
genuine,letter,genuine/letters/letter_788.pdf,letter,False,1,True,0,0,0,0,clear,False
genuine,letter,genuine/letters/letter_789.pdf,letter,False,1,True,0,0,0,0,clear,False
genuine,letter,genuine/letters/letter_790.pdf,letter,False,1,True,0,0,0,0,clear,False
genuine,letter,genuine/letters/letter_791.pdf,letter,False,1,True,0,0,0,0,clear,False
genuine,letter,genuine/letters/letter_792.pdf,letter,False,1,True,0,0,0,0,clear,False
genuine,letter,genuine/letters/letter_793.pdf,letter,False,1,True,0,0,0,0,clear,False
genuine,letter,genuine/letters/letter_794.pdf,letter,False,1,True,0,0,0,0,clear,False
genuine,letter,genuine/letters/letter_795.pdf,letter,False,1,True,0,0,0,0,clear,False
genuine,letter,genuine/letters/letter_796.pdf,letter,False,1,True,0,0,0,0,clear,False
genuine,letter,genuine/letters/letter_797.pdf,letter,False,1,True,0,0,0,0,clear,False
genuine,letter,genuine/letters/letter_798.pdf,letter,False,1,True,0,0,0,0,clear,False
genuine,letter,genuine/letters/letter_799.pdf,letter,False,1,True,0,0,0,0,clear,False
genuine,letter,genuine/letters/letter_800.pdf,letter,False,1,True,0,0,0,0,clear,False
genuine,letter,genuine/letters/letter_801.pdf,letter,False,1,True,0,0,0,0,clear,False
genuine,letter,genuine/letters/letter_802.pdf,letter,False,1,True,0,0,0,0,clear,False
genuine,letter,genuine/letters/letter_803.pdf,letter,False,1,True,0,0,0,0,clear,False
genuine,letter,genuine/letters/letter_804.pdf,letter,False,1,True,0,0,0,0,clear,False
genuine,letter,genuine/letters/letter_805.pdf,letter,False,1,True,0,0,0,0,clear,False
genuine,letter,genuine/letters/letter_806.pdf,letter,False,1,True,0,0,0,0,clear,False
genuine,letter,genuine/letters/letter_807.pdf,letter,False,1,True,0,0,0,0,clear,False
genuine,letter,genuine/letters/letter_808.pdf,letter,False,1,True,0,0,0,0,clear,False
genuine,letter,genuine/letters/letter_809.pdf,letter,False,1,True,0,0,0,0,clear,False
genuine,letter,genuine/letters/letter_810.pdf,letter,False,1,True,0,0,0,0,clear,False
genuine,letter,genuine/letters/letter_811.pdf,letter,False,1,True,0,0,0,0,clear,False
genuine,letter,genuine/letters/letter_812.pdf,letter,False,1,True,0,0,0,0,clear,False
genuine,letter,genuine/letters/letter_813.pdf,letter,False,1,True,0,0,0,0,clear,False
genuine,letter,genuine/letters/letter_814.pdf,letter,False,1,True,0,0,0,0,clear,False
genuine,letter,genuine/letters/letter_815.pdf,letter,False,1,True,0,0,0,0,clear,False
genuine,letter,genuine/letters/letter_816.pdf,letter,False,1,True,0,0,0,0,clear,False
genuine,letter,genuine/letters/letter_817.pdf,letter,False,1,True,0,0,0,0,clear,False
genuine,letter,genuine/letters/letter_818.pdf,letter,False,1,True,0,0,0,0,clear,False
genuine,letter,genuine/letters/letter_819.pdf,letter,False,1,True,0,0,0,0,clear,False
genuine,letter,genuine/letters/letter_820.pdf,letter,False,1,True,0,0,0,0,clear,False
genuine,letter,genuine/letters/letter_821.pdf,letter,False,1,True,0,0,0,0,clear,False
genuine,letter,genuine/letters/letter_822.pdf,letter,False,1,True,0,0,0,0,clear,False
genuine,letter,genuine/letters/letter_823.pdf,letter,False,1,True,0,0,0,0,clear,False
genuine,letter,genuine/letters/letter_824.pdf,letter,False,1,True,0,0,0,0,clear,False
genuine,letter,genuine/letters/letter_825.pdf,letter,False,1,True,0,0,0,0,clear,False
genuine,letter,genuine/letters/letter_826.pdf,letter,False,1,True,0,0,0,0,clear,False
genuine,letter,genuine/letters/letter_827.pdf,letter,False,1,True,0,0,0,0,clear,False
genuine,letter,genuine/letters/letter_828.pdf,letter,False,1,True,0,0,0,0,clear,False
genuine,letter,genuine/letters/letter_829.pdf,letter,False,1,True,0,0,0,0,clear,False
genuine,letter,genuine/letters/letter_830.pdf,letter,False,1,True,0,0,0,0,clear,False
genuine,letter,genuine/letters/letter_831.pdf,letter,False,1,True,0,0,0,0,clear,False
genuine,letter,genuine/letters/letter_832.pdf,letter,False,1,True,0,0,0,0,clear,False
genuine,letter,genuine/letters/letter_833.pdf,letter,False,1,True,0,0,0,0,clear,False
genuine,letter,genuine/letters/letter_834.pdf,letter,False,1,True,0,0,0,0,clear,False
genuine,letter,genuine/letters/letter_835.pdf,letter,False,1,True,0,0,0,0,clear,False
genuine,letter,genuine/letters/letter_836.pdf,letter,False,1,True,0,0,0,0,clear,False
genuine,letter,genuine/letters/letter_837.pdf,letter,False,1,True,0,0,0,0,clear,False
genuine,letter,genuine/letters/letter_838.pdf,letter,False,1,True,0,0,0,0,clear,False
genuine,letter,genuine/letters/letter_839.pdf,letter,False,1,True,0,0,0,0,clear,False
genuine,letter,genuine/letters/letter_840.pdf,letter,False,1,True,0,0,0,0,clear,False
genuine,letter,genuine/letters/letter_841.pdf,letter,False,1,True,0,0,0,0,clear,False
genuine,letter,genuine/letters/letter_842.pdf,letter,False,1,True,0,0,0,0,clear,False
genuine,letter,genuine/letters/letter_843.pdf,letter,False,1,True,0,0,0,0,clear,False
genuine,letter,genuine/letters/letter_844.pdf,letter,False,1,True,0,0,0,0,clear,False
genuine,letter,genuine/letters/letter_845.pdf,letter,False,1,True,0,0,0,0,clear,False
genuine,letter,genuine/letters/letter_846.pdf,letter,False,1,True,0,0,0,0,clear,False
genuine,letter,genuine/letters/letter_847.pdf,letter,False,1,True,0,0,0,0,clear,False
genuine,letter,genuine/letters/letter_848.pdf,letter,False,1,True,0,0,0,0,clear,False
genuine,letter,genuine/letters/letter_849.pdf,letter,False,1,True,0,0,0,0,clear,False
genuine,letter,genuine/letters/letter_850.pdf,letter,False,1,True,0,0,0,0,clear,False
genuine,letter,genuine/letters/letter_851.pdf,letter,False,1,True,0,0,0,0,clear,False
genuine,letter,genuine/letters/letter_852.pdf,letter,False,1,True,0,0,0,0,clear,False
genuine,letter,genuine/letters/letter_853.pdf,letter,False,1,True,0,0,0,0,clear,False
genuine,letter,genuine/letters/letter_854.pdf,letter,False,1,True,0,0,0,0,clear,False
genuine,letter,genuine/letters/letter_855.pdf,letter,False,1,True,0,0,0,0,clear,False
genuine,letter,genuine/letters/letter_856.pdf,letter,False,1,True,0,0,0,0,clear,False
genuine,letter,genuine/letters/letter_857.pdf,letter,False,1,True,0,0,0,0,clear,False
genuine,letter,genuine/letters/letter_858.pdf,letter,False,1,True,0,0,0,0,clear,False
genuine,letter,genuine/letters/letter_859.pdf,letter,False,1,True,0,0,0,0,clear,False
genuine,letter,genuine/letters/letter_860.pdf,letter,False,1,True,0,0,0,0,clear,False
genuine,letter,genuine/letters/letter_861.pdf,letter,False,1,True,0,0,0,0,clear,False
genuine,letter,genuine/letters/letter_862.pdf,letter,False,1,True,0,0,0,0,clear,False
genuine,letter,genuine/letters/letter_863.pdf,letter,False,1,True,0,0,0,0,clear,False
genuine,letter,genuine/letters/letter_864.pdf,letter,False,1,True,0,0,0,0,clear,False
genuine,letter,genuine/letters/letter_865.pdf,letter,False,1,True,0,0,0,0,clear,False
genuine,letter,genuine/letters/letter_866.pdf,letter,False,1,True,0,0,0,0,clear,False
genuine,letter,genuine/letters/letter_867.pdf,letter,False,1,True,0,0,0,0,clear,False
genuine,letter,genuine/letters/letter_868.pdf,letter,False,1,True,0,0,0,0,clear,False
genuine,letter,genuine/letters/letter_869.pdf,letter,False,1,True,0,0,0,0,clear,False
genuine,letter,genuine/letters/letter_870.pdf,letter,False,1,True,0,0,0,0,clear,False
genuine,letter,genuine/letters/letter_871.pdf,letter,False,1,True,0,0,0,0,clear,False
genuine,letter,genuine/letters/letter_872.pdf,letter,False,1,True,0,0,0,0,clear,False
genuine,letter,genuine/letters/letter_873.pdf,letter,False,1,True,0,0,0,0,clear,False
genuine,letter,genuine/letters/letter_874.pdf,letter,False,1,True,0,0,0,0,clear,False
genuine,letter,genuine/letters/letter_875.pdf,letter,False,1,True,0,0,0,0,clear,False
genuine,letter,genuine/letters/letter_876.pdf,letter,False,1,True,0,0,0,0,clear,False
genuine,letter,genuine/letters/letter_877.pdf,letter,False,1,True,0,0,0,0,clear,False
genuine,letter,genuine/letters/letter_878.pdf,letter,False,1,True,0,0,0,0,clear,False
genuine,letter,genuine/letters/letter_879.pdf,letter,False,1,True,0,0,0,0,clear,False
genuine,letter,genuine/letters/letter_880.pdf,letter,False,1,True,0,0,0,0,clear,False
genuine,letter,genuine/letters/letter_881.pdf,letter,False,1,True,0,0,0,0,clear,False
genuine,letter,genuine/letters/letter_882.pdf,letter,False,1,True,0,0,0,0,clear,False
genuine,letter,genuine/letters/letter_883.pdf,letter,False,1,True,0,0,0,0,clear,False
genuine,letter,genuine/letters/letter_884.pdf,letter,False,1,True,0,0,0,0,clear,False
genuine,letter,genuine/letters/letter_885.pdf,letter,False,1,True,0,0,0,0,clear,False
genuine,letter,genuine/letters/letter_886.pdf,letter,False,1,True,0,0,0,0,clear,False
genuine,letter,genuine/letters/letter_887.pdf,letter,False,1,True,0,0,0,0,clear,False
genuine,letter,genuine/letters/letter_888.pdf,letter,False,1,True,0,0,0,0,clear,False
genuine,letter,genuine/letters/letter_889.pdf,letter,False,1,True,0,0,0,0,clear,False
genuine,letter,genuine/letters/letter_890.pdf,letter,False,1,True,0,0,0,0,clear,False
genuine,letter,genuine/letters/letter_891.pdf,letter,False,1,True,0,0,0,0,clear,False
genuine,letter,genuine/letters/letter_892.pdf,letter,False,1,True,0,0,0,0,clear,False
genuine,letter,genuine/letters/letter_893.pdf,letter,False,1,True,0,0,0,0,clear,False
genuine,letter,genuine/letters/letter_894.pdf,letter,False,1,True,0,0,0,0,clear,False
genuine,letter,genuine/letters/letter_895.pdf,letter,False,1,True,0,0,0,0,clear,False
genuine,letter,genuine/letters/letter_896.pdf,letter,False,1,True,0,0,0,0,clear,False
genuine,letter,genuine/letters/letter_897.pdf,letter,False,1,True,0,0,0,0,clear,False
genuine,letter,genuine/letters/letter_898.pdf,letter,False,1,True,0,0,0,0,clear,False
genuine,letter,genuine/letters/letter_899.pdf,letter,False,1,True,0,0,0,0,clear,False
genuine,letter,genuine/letters/letter_900.pdf,letter,False,1,True,0,0,0,0,clear,False
genuine,letter,genuine/letters/letter_901.pdf,letter,False,1,True,0,0,0,0,clear,False
genuine,letter,genuine/letters/letter_902.pdf,letter,False,1,True,0,0,0,0,clear,False
genuine,letter,genuine/letters/letter_903.pdf,letter,False,1,True,0,0,0,0,clear,False
genuine,letter,genuine/letters/letter_904.pdf,letter,False,1,True,0,0,0,0,clear,False
genuine,letter,genuine/letters/letter_905.pdf,letter,False,1,True,0,0,0,0,clear,False
genuine,letter,genuine/letters/letter_906.pdf,letter,False,1,True,0,0,0,0,clear,False
genuine,letter,genuine/letters/letter_907.pdf,letter,False,1,True,0,0,0,0,clear,False
genuine,letter,genuine/letters/letter_908.pdf,letter,False,1,True,0,0,0,0,clear,False
genuine,letter,genuine/letters/letter_909.pdf,letter,False,1,True,0,0,0,0,clear,False
genuine,letter,genuine/letters/letter_910.pdf,letter,False,1,True,0,0,0,0,clear,False
genuine,letter,genuine/letters/letter_911.pdf,letter,False,1,True,0,0,0,0,clear,False
genuine,letter,genuine/letters/letter_912.pdf,letter,False,1,True,0,0,0,0,clear,False
genuine,letter,genuine/letters/letter_913.pdf,letter,False,1,True,0,0,0,0,clear,False
genuine,letter,genuine/letters/letter_914.pdf,letter,False,1,True,0,0,0,0,clear,False
genuine,letter,genuine/letters/letter_915.pdf,letter,False,1,True,0,0,0,0,clear,False
genuine,letter,genuine/letters/letter_916.pdf,letter,False,1,True,0,0,0,0,clear,False
genuine,letter,genuine/letters/letter_917.pdf,letter,False,1,True,0,0,0,0,clear,False
genuine,letter,genuine/letters/letter_918.pdf,letter,False,1,True,0,0,0,0,clear,False
genuine,letter,genuine/letters/letter_919.pdf,letter,False,1,True,0,0,0,0,clear,False
genuine,letter,genuine/letters/letter_920.pdf,letter,False,1,True,0,0,0,0,clear,False
genuine,letter,genuine/letters/letter_921.pdf,letter,False,1,True,0,0,0,0,clear,False
genuine,letter,genuine/letters/letter_922.pdf,letter,False,1,True,0,0,0,0,clear,False
genuine,letter,genuine/letters/letter_923.pdf,letter,False,1,True,0,0,0,0,clear,False
genuine,letter,genuine/letters/letter_924.pdf,letter,False,1,True,0,0,0,0,clear,False
genuine,letter,genuine/letters/letter_925.pdf,letter,False,1,True,0,0,0,0,clear,False
genuine,letter,genuine/letters/letter_926.pdf,letter,False,1,True,0,0,0,0,clear,False
genuine,letter,genuine/letters/letter_927.pdf,letter,False,1,True,0,0,0,0,clear,False
genuine,letter,genuine/letters/letter_928.pdf,letter,False,1,True,0,0,0,0,clear,False
genuine,letter,genuine/letters/letter_929.pdf,letter,False,1,True,0,0,0,0,clear,False
genuine,letter,genuine/letters/letter_930.pdf,letter,False,1,True,0,0,0,0,clear,False
genuine,letter,genuine/letters/letter_931.pdf,letter,False,1,True,0,0,0,0,clear,False
genuine,letter,genuine/letters/letter_932.pdf,letter,False,1,True,0,0,0,0,clear,False
genuine,letter,genuine/letters/letter_933.pdf,letter,False,1,True,0,0,0,0,clear,False
genuine,letter,genuine/letters/letter_934.pdf,letter,False,1,True,0,0,0,0,clear,False
genuine,letter,genuine/letters/letter_935.pdf,letter,False,1,True,0,0,0,0,clear,False
genuine,letter,genuine/letters/letter_936.pdf,letter,False,1,True,0,0,0,0,clear,False
genuine,letter,genuine/letters/letter_937.pdf,letter,False,1,True,0,0,0,0,clear,False
genuine,letter,genuine/letters/letter_938.pdf,letter,False,1,True,0,0,0,0,clear,False
genuine,letter,genuine/letters/letter_939.pdf,letter,False,1,True,0,0,0,0,clear,False
genuine,letter,genuine/letters/letter_940.pdf,letter,False,1,True,0,0,0,0,clear,False
genuine,letter,genuine/letters/letter_941.pdf,letter,False,1,True,0,0,0,0,clear,False
genuine,letter,genuine/letters/letter_942.pdf,letter,False,1,True,0,0,0,0,clear,False
genuine,letter,genuine/letters/letter_943.pdf,letter,False,1,True,0,0,0,0,clear,False
genuine,letter,genuine/letters/letter_944.pdf,letter,False,1,True,0,0,0,0,clear,False
genuine,letter,genuine/letters/letter_945.pdf,letter,False,1,True,0,0,0,0,clear,False
genuine,letter,genuine/letters/letter_946.pdf,letter,False,1,True,0,0,0,0,clear,False
genuine,letter,genuine/letters/letter_947.pdf,letter,False,1,True,0,0,0,0,clear,False
genuine,letter,genuine/letters/letter_948.pdf,letter,False,1,True,0,0,0,0,clear,False
genuine,letter,genuine/letters/letter_949.pdf,letter,False,1,True,0,0,0,0,clear,False
genuine,letter,genuine/letters/letter_950.pdf,letter,False,1,True,0,0,0,0,clear,False
genuine,letter,genuine/letters/letter_951.pdf,letter,False,1,True,0,0,0,0,clear,False
genuine,letter,genuine/letters/letter_952.pdf,letter,False,1,True,0,0,0,0,clear,False
genuine,letter,genuine/letters/letter_953.pdf,letter,False,1,True,0,0,0,0,clear,False
genuine,letter,genuine/letters/letter_954.pdf,letter,False,1,True,0,0,0,0,clear,False
genuine,letter,genuine/letters/letter_955.pdf,letter,False,1,True,0,0,0,0,clear,False
genuine,letter,genuine/letters/letter_956.pdf,letter,False,1,True,0,0,0,0,clear,False
genuine,letter,genuine/letters/letter_957.pdf,letter,False,1,True,0,0,0,0,clear,False
genuine,letter,genuine/letters/letter_958.pdf,letter,False,1,True,0,0,0,0,clear,False
genuine,letter,genuine/letters/letter_959.pdf,letter,False,1,True,0,0,0,0,clear,False
genuine,letter,genuine/letters/letter_960.pdf,letter,False,1,True,0,0,0,0,clear,False
genuine,letter,genuine/letters/letter_961.pdf,letter,False,1,True,0,0,0,0,clear,False
genuine,letter,genuine/letters/letter_962.pdf,letter,False,1,True,0,0,0,0,clear,False
genuine,letter,genuine/letters/letter_963.pdf,letter,False,1,True,0,0,0,0,clear,False
genuine,letter,genuine/letters/letter_964.pdf,letter,False,1,True,0,0,0,0,clear,False
genuine,letter,genuine/letters/letter_965.pdf,letter,False,1,True,0,0,0,0,clear,False
genuine,letter,genuine/letters/letter_966.pdf,letter,False,1,True,0,0,0,0,clear,False
genuine,letter,genuine/letters/letter_967.pdf,letter,False,1,True,0,0,0,0,clear,False
genuine,letter,genuine/letters/letter_968.pdf,letter,False,1,True,0,0,0,0,clear,False
genuine,letter,genuine/letters/letter_969.pdf,letter,False,1,True,0,0,0,0,clear,False
genuine,letter,genuine/letters/letter_970.pdf,letter,False,1,True,0,0,0,0,clear,False
genuine,letter,genuine/letters/letter_971.pdf,letter,False,1,True,0,0,0,0,clear,False
genuine,letter,genuine/letters/letter_972.pdf,letter,False,1,True,0,0,0,0,clear,False
genuine,letter,genuine/letters/letter_973.pdf,letter,False,1,True,0,0,0,0,clear,False
genuine,letter,genuine/letters/letter_974.pdf,letter,False,1,True,0,0,0,0,clear,False
genuine,letter,genuine/letters/letter_975.pdf,letter,False,1,True,0,0,0,0,clear,False
genuine,letter,genuine/letters/letter_976.pdf,letter,False,1,True,0,0,0,0,clear,False
genuine,letter,genuine/letters/letter_977.pdf,letter,False,1,True,0,0,0,0,clear,False
genuine,letter,genuine/letters/letter_978.pdf,letter,False,1,True,0,0,0,0,clear,False
genuine,letter,genuine/letters/letter_979.pdf,letter,False,1,True,0,0,0,0,clear,False
genuine,letter,genuine/letters/letter_980.pdf,letter,False,1,True,0,0,0,0,clear,False
genuine,letter,genuine/letters/letter_981.pdf,letter,False,1,True,0,0,0,0,clear,False
genuine,letter,genuine/letters/letter_982.pdf,letter,False,1,True,0,0,0,0,clear,False
genuine,letter,genuine/letters/letter_983.pdf,letter,False,1,True,0,0,0,0,clear,False
genuine,letter,genuine/letters/letter_984.pdf,letter,False,1,True,0,0,0,0,clear,False
genuine,letter,genuine/letters/letter_985.pdf,letter,False,1,True,0,0,0,0,clear,False
genuine,letter,genuine/letters/letter_986.pdf,letter,False,1,True,0,0,0,0,clear,False
genuine,letter,genuine/letters/letter_987.pdf,letter,False,1,True,0,0,0,0,clear,False
genuine,letter,genuine/letters/letter_988.pdf,letter,False,1,True,0,0,0,0,clear,False
genuine,letter,genuine/letters/letter_989.pdf,letter,False,1,True,0,0,0,0,clear,False
genuine,letter,genuine/letters/letter_990.pdf,letter,False,1,True,0,0,0,0,clear,False
genuine,letter,genuine/letters/letter_991.pdf,letter,False,1,True,0,0,0,0,clear,False
genuine,letter,genuine/letters/letter_992.pdf,letter,False,1,True,0,0,0,0,clear,False
genuine,letter,genuine/letters/letter_993.pdf,letter,False,1,True,0,0,0,0,clear,False
genuine,letter,genuine/letters/letter_994.pdf,letter,False,1,True,0,0,0,0,clear,False
genuine,letter,genuine/letters/letter_995.pdf,letter,False,1,True,0,0,0,0,clear,False
genuine,letter,genuine/letters/letter_996.pdf,letter,False,1,True,0,0,0,0,clear,False
genuine,letter,genuine/letters/letter_997.pdf,letter,False,1,True,0,0,0,0,clear,False
genuine,letter,genuine/letters/letter_998.pdf,letter,False,1,True,0,0,0,0,clear,False
genuine,letter,genuine/letters/letter_999.pdf,letter,False,1,True,0,0,0,0,clear,False
genuine,medical,genuine/medicals/medical_001.pdf,medical,False,6,True,0,0,0,0,clear,False
genuine,medical,genuine/medicals/medical_002.pdf,medical,False,6,True,0,0,0,0,clear,False
genuine,medical,genuine/medicals/medical_003.pdf,medical,False,4,True,0,0,0,0,clear,False
genuine,medical,genuine/medicals/medical_004.pdf,medical,False,5,True,0,0,0,0,clear,False
genuine,medical,genuine/medicals/medical_005.pdf,medical,False,7,True,0,0,0,0,clear,False
genuine,medical,genuine/medicals/medical_006.pdf,medical,False,4,True,0,0,0,0,clear,False
genuine,medical,genuine/medicals/medical_007.pdf,medical,False,7,True,0,0,0,0,clear,False
genuine,medical,genuine/medicals/medical_008.pdf,medical,False,7,True,0,0,0,0,clear,False
genuine,medical,genuine/medicals/medical_009.pdf,medical,False,6,True,0,0,0,0,clear,False
genuine,medical,genuine/medicals/medical_010.pdf,medical,False,3,True,0,0,0,0,clear,False
genuine,medical,genuine/medicals/medical_011.pdf,medical,False,5,True,0,0,0,0,clear,False
genuine,medical,genuine/medicals/medical_012.pdf,medical,False,4,True,0,0,0,0,clear,False
genuine,medical,genuine/medicals/medical_013.pdf,medical,False,6,True,0,0,0,0,clear,False
genuine,medical,genuine/medicals/medical_014.pdf,medical,False,6,True,0,0,0,0,clear,False
genuine,medical,genuine/medicals/medical_015.pdf,medical,False,5,True,0,0,0,0,clear,False
genuine,medical,genuine/medicals/medical_016.pdf,medical,False,5,True,0,0,0,0,clear,False
genuine,medical,genuine/medicals/medical_017.pdf,medical,False,5,True,0,0,0,0,clear,False
genuine,medical,genuine/medicals/medical_018.pdf,medical,False,3,True,0,0,0,0,clear,False
genuine,medical,genuine/medicals/medical_019.pdf,medical,False,4,True,0,0,0,0,clear,False
genuine,medical,genuine/medicals/medical_020.pdf,medical,False,6,True,0,0,0,0,clear,False
genuine,medical,genuine/medicals/medical_021.pdf,medical,False,3,True,0,0,0,0,clear,False
genuine,medical,genuine/medicals/medical_022.pdf,medical,False,7,True,0,0,0,0,clear,False
genuine,medical,genuine/medicals/medical_023.pdf,medical,False,3,True,0,0,0,0,clear,False
genuine,medical,genuine/medicals/medical_024.pdf,medical,False,3,True,0,0,0,0,clear,False
genuine,medical,genuine/medicals/medical_025.pdf,medical,False,7,True,0,0,0,0,clear,False
genuine,medical,genuine/medicals/medical_026.pdf,medical,False,4,True,0,0,0,0,clear,False
genuine,medical,genuine/medicals/medical_027.pdf,medical,False,7,True,0,0,0,0,clear,False
genuine,medical,genuine/medicals/medical_028.pdf,medical,False,7,True,0,0,0,0,clear,False
genuine,medical,genuine/medicals/medical_029.pdf,medical,False,7,True,0,0,0,0,clear,False
genuine,medical,genuine/medicals/medical_030.pdf,medical,False,5,True,0,0,0,0,clear,False
genuine,medical,genuine/medicals/medical_031.pdf,medical,False,4,True,0,0,0,0,clear,False
genuine,medical,genuine/medicals/medical_032.pdf,medical,False,6,True,0,0,0,0,clear,False
genuine,medical,genuine/medicals/medical_033.pdf,medical,False,3,True,0,0,0,0,clear,False
genuine,medical,genuine/medicals/medical_034.pdf,medical,False,6,True,0,0,0,0,clear,False
genuine,medical,genuine/medicals/medical_035.pdf,medical,False,7,True,0,0,0,0,clear,False
genuine,medical,genuine/medicals/medical_036.pdf,medical,False,6,True,0,0,0,0,clear,False
genuine,medical,genuine/medicals/medical_037.pdf,medical,False,5,True,0,0,0,0,clear,False
genuine,medical,genuine/medicals/medical_038.pdf,medical,False,3,True,0,0,0,0,clear,False
genuine,medical,genuine/medicals/medical_039.pdf,medical,False,7,True,0,0,0,0,clear,False
genuine,medical,genuine/medicals/medical_040.pdf,medical,False,6,True,0,0,0,0,clear,False
genuine,medical,genuine/medicals/medical_041.pdf,medical,False,6,True,0,0,0,0,clear,False
genuine,medical,genuine/medicals/medical_042.pdf,medical,False,4,True,0,0,0,0,clear,False
genuine,medical,genuine/medicals/medical_043.pdf,medical,False,5,True,0,0,0,0,clear,False
genuine,medical,genuine/medicals/medical_044.pdf,medical,False,7,True,0,0,0,0,clear,False
genuine,medical,genuine/medicals/medical_045.pdf,medical,False,4,True,0,0,0,0,clear,False
genuine,medical,genuine/medicals/medical_046.pdf,medical,False,5,True,0,0,0,0,clear,False
genuine,medical,genuine/medicals/medical_047.pdf,medical,False,4,True,0,0,0,0,clear,False
genuine,medical,genuine/medicals/medical_048.pdf,medical,False,3,True,0,0,0,0,clear,False
genuine,medical,genuine/medicals/medical_049.pdf,medical,False,7,True,0,0,0,0,clear,False
genuine,medical,genuine/medicals/medical_050.pdf,medical,False,6,True,0,0,0,0,clear,False
genuine,medical,genuine/medicals/medical_051.pdf,medical,False,5,True,0,0,0,0,clear,False
genuine,medical,genuine/medicals/medical_052.pdf,medical,False,6,True,0,0,0,0,clear,False
genuine,medical,genuine/medicals/medical_053.pdf,medical,False,3,True,0,0,0,0,clear,False
genuine,medical,genuine/medicals/medical_054.pdf,medical,False,5,True,0,0,0,0,clear,False
genuine,medical,genuine/medicals/medical_055.pdf,medical,False,5,True,0,0,0,0,clear,False
genuine,medical,genuine/medicals/medical_056.pdf,medical,False,3,True,0,0,0,0,clear,False
genuine,medical,genuine/medicals/medical_057.pdf,medical,False,7,True,0,0,0,0,clear,False
genuine,medical,genuine/medicals/medical_058.pdf,medical,False,4,True,0,0,0,0,clear,False
genuine,medical,genuine/medicals/medical_059.pdf,medical,False,5,True,0,0,0,0,clear,False
genuine,medical,genuine/medicals/medical_060.pdf,medical,False,4,True,0,0,0,0,clear,False
genuine,medical,genuine/medicals/medical_061.pdf,medical,False,6,True,0,0,0,0,clear,False
genuine,medical,genuine/medicals/medical_062.pdf,medical,False,3,True,0,0,0,0,clear,False
genuine,medical,genuine/medicals/medical_063.pdf,medical,False,6,True,0,0,0,0,clear,False
genuine,medical,genuine/medicals/medical_064.pdf,medical,False,7,True,0,0,0,0,clear,False
genuine,medical,genuine/medicals/medical_065.pdf,medical,False,5,True,0,0,0,0,clear,False
genuine,medical,genuine/medicals/medical_066.pdf,medical,False,5,True,0,0,0,0,clear,False
genuine,medical,genuine/medicals/medical_067.pdf,medical,False,4,True,0,0,0,0,clear,False
genuine,medical,genuine/medicals/medical_068.pdf,medical,False,5,True,0,0,0,0,clear,False
genuine,medical,genuine/medicals/medical_069.pdf,medical,False,5,True,0,0,0,0,clear,False
genuine,medical,genuine/medicals/medical_070.pdf,medical,False,4,True,0,0,0,0,clear,False
genuine,medical,genuine/medicals/medical_071.pdf,medical,False,4,True,0,0,0,0,clear,False
genuine,medical,genuine/medicals/medical_072.pdf,medical,False,6,True,0,0,0,0,clear,False
genuine,medical,genuine/medicals/medical_073.pdf,medical,False,4,True,0,0,0,0,clear,False
genuine,medical,genuine/medicals/medical_074.pdf,medical,False,4,True,0,0,0,0,clear,False
genuine,medical,genuine/medicals/medical_075.pdf,medical,False,7,True,0,0,0,0,clear,False
genuine,medical,genuine/medicals/medical_076.pdf,medical,False,3,True,0,0,0,0,clear,False
genuine,medical,genuine/medicals/medical_077.pdf,medical,False,7,True,0,0,0,0,clear,False
genuine,medical,genuine/medicals/medical_078.pdf,medical,False,3,True,0,0,0,0,clear,False
genuine,medical,genuine/medicals/medical_079.pdf,medical,False,3,True,0,0,0,0,clear,False
genuine,medical,genuine/medicals/medical_080.pdf,medical,False,7,True,0,0,0,0,clear,False
genuine,medical,genuine/medicals/medical_081.pdf,medical,False,4,True,0,0,0,0,clear,False
genuine,medical,genuine/medicals/medical_082.pdf,medical,False,3,True,0,0,0,0,clear,False
genuine,medical,genuine/medicals/medical_083.pdf,medical,False,6,True,0,0,0,0,clear,False
genuine,medical,genuine/medicals/medical_084.pdf,medical,False,6,True,0,0,0,0,clear,False
genuine,medical,genuine/medicals/medical_085.pdf,medical,False,5,True,0,0,0,0,clear,False
genuine,medical,genuine/medicals/medical_086.pdf,medical,False,7,True,0,0,0,0,clear,False
genuine,medical,genuine/medicals/medical_087.pdf,medical,False,3,True,0,0,0,0,clear,False
genuine,medical,genuine/medicals/medical_088.pdf,medical,False,7,True,0,0,0,0,clear,False
genuine,medical,genuine/medicals/medical_089.pdf,medical,False,5,True,0,0,0,0,clear,False
genuine,medical,genuine/medicals/medical_090.pdf,medical,False,7,True,0,0,0,0,clear,False
genuine,medical,genuine/medicals/medical_091.pdf,medical,False,6,True,0,0,0,0,clear,False
genuine,medical,genuine/medicals/medical_092.pdf,medical,False,7,True,0,0,0,0,clear,False
genuine,medical,genuine/medicals/medical_093.pdf,medical,False,4,True,0,0,0,0,clear,False
genuine,medical,genuine/medicals/medical_094.pdf,medical,False,4,True,0,0,0,0,clear,False
genuine,medical,genuine/medicals/medical_095.pdf,medical,False,3,True,0,0,0,0,clear,False
genuine,medical,genuine/medicals/medical_096.pdf,medical,False,5,True,0,0,0,0,clear,False
genuine,medical,genuine/medicals/medical_097.pdf,medical,False,4,True,0,0,0,0,clear,False
genuine,medical,genuine/medicals/medical_098.pdf,medical,False,7,True,0,0,0,0,clear,False
genuine,medical,genuine/medicals/medical_099.pdf,medical,False,7,True,0,0,0,0,clear,False
genuine,medical,genuine/medicals/medical_100.pdf,medical,False,4,True,0,0,0,0,clear,False
genuine,medical,genuine/medicals/medical_1000.pdf,medical,False,7,True,0,0,0,0,clear,False
genuine,medical,genuine/medicals/medical_101.pdf,medical,False,7,True,0,0,0,0,clear,False
genuine,medical,genuine/medicals/medical_102.pdf,medical,False,3,True,0,0,0,0,clear,False
genuine,medical,genuine/medicals/medical_103.pdf,medical,False,3,True,0,0,0,0,clear,False
genuine,medical,genuine/medicals/medical_104.pdf,medical,False,6,True,0,0,0,0,clear,False
genuine,medical,genuine/medicals/medical_105.pdf,medical,False,7,True,0,0,0,0,clear,False
genuine,medical,genuine/medicals/medical_106.pdf,medical,False,3,True,0,0,0,0,clear,False
genuine,medical,genuine/medicals/medical_107.pdf,medical,False,3,True,0,0,0,0,clear,False
genuine,medical,genuine/medicals/medical_108.pdf,medical,False,7,True,0,0,0,0,clear,False
genuine,medical,genuine/medicals/medical_109.pdf,medical,False,3,True,0,0,0,0,clear,False
genuine,medical,genuine/medicals/medical_110.pdf,medical,False,6,True,0,0,0,0,clear,False
genuine,medical,genuine/medicals/medical_111.pdf,medical,False,7,True,0,0,0,0,clear,False
genuine,medical,genuine/medicals/medical_112.pdf,medical,False,3,True,0,0,0,0,clear,False
genuine,medical,genuine/medicals/medical_113.pdf,medical,False,5,True,0,0,0,0,clear,False
genuine,medical,genuine/medicals/medical_114.pdf,medical,False,6,True,0,0,0,0,clear,False
genuine,medical,genuine/medicals/medical_115.pdf,medical,False,6,True,0,0,0,0,clear,False
genuine,medical,genuine/medicals/medical_116.pdf,medical,False,3,True,0,0,0,0,clear,False
genuine,medical,genuine/medicals/medical_117.pdf,medical,False,3,True,0,0,0,0,clear,False
genuine,medical,genuine/medicals/medical_118.pdf,medical,False,6,True,0,0,0,0,clear,False
genuine,medical,genuine/medicals/medical_119.pdf,medical,False,7,True,0,0,0,0,clear,False
genuine,medical,genuine/medicals/medical_120.pdf,medical,False,3,True,0,0,0,0,clear,False
genuine,medical,genuine/medicals/medical_121.pdf,medical,False,6,True,0,0,0,0,clear,False
genuine,medical,genuine/medicals/medical_122.pdf,medical,False,6,True,0,0,0,0,clear,False
genuine,medical,genuine/medicals/medical_123.pdf,medical,False,6,True,0,0,0,0,clear,False
genuine,medical,genuine/medicals/medical_124.pdf,medical,False,7,True,0,0,0,0,clear,False
genuine,medical,genuine/medicals/medical_125.pdf,medical,False,6,True,0,0,0,0,clear,False
genuine,medical,genuine/medicals/medical_126.pdf,medical,False,7,True,0,0,0,0,clear,False
genuine,medical,genuine/medicals/medical_127.pdf,medical,False,3,True,0,0,0,0,clear,False
genuine,medical,genuine/medicals/medical_128.pdf,medical,False,4,True,0,0,0,0,clear,False
genuine,medical,genuine/medicals/medical_129.pdf,medical,False,5,True,0,0,0,0,clear,False
genuine,medical,genuine/medicals/medical_130.pdf,medical,False,4,True,0,0,0,0,clear,False
genuine,medical,genuine/medicals/medical_131.pdf,medical,False,3,True,0,0,0,0,clear,False
genuine,medical,genuine/medicals/medical_132.pdf,medical,False,5,True,0,0,0,0,clear,False
genuine,medical,genuine/medicals/medical_133.pdf,medical,False,6,True,0,0,0,0,clear,False
genuine,medical,genuine/medicals/medical_134.pdf,medical,False,6,True,0,0,0,0,clear,False
genuine,medical,genuine/medicals/medical_135.pdf,medical,False,3,True,0,0,0,0,clear,False
genuine,medical,genuine/medicals/medical_136.pdf,medical,False,4,True,0,0,0,0,clear,False
genuine,medical,genuine/medicals/medical_137.pdf,medical,False,6,True,0,0,0,0,clear,False
genuine,medical,genuine/medicals/medical_138.pdf,medical,False,4,True,0,0,0,0,clear,False
genuine,medical,genuine/medicals/medical_139.pdf,medical,False,6,True,0,0,0,0,clear,False
genuine,medical,genuine/medicals/medical_140.pdf,medical,False,5,True,0,0,0,0,clear,False
genuine,medical,genuine/medicals/medical_141.pdf,medical,False,5,True,0,0,0,0,clear,False
genuine,medical,genuine/medicals/medical_142.pdf,medical,False,6,True,0,0,0,0,clear,False
genuine,medical,genuine/medicals/medical_143.pdf,medical,False,4,True,0,0,0,0,clear,False
genuine,medical,genuine/medicals/medical_144.pdf,medical,False,7,True,0,0,0,0,clear,False
genuine,medical,genuine/medicals/medical_145.pdf,medical,False,4,True,0,0,0,0,clear,False
genuine,medical,genuine/medicals/medical_146.pdf,medical,False,4,True,0,0,0,0,clear,False
genuine,medical,genuine/medicals/medical_147.pdf,medical,False,7,True,0,0,0,0,clear,False
genuine,medical,genuine/medicals/medical_148.pdf,medical,False,5,True,0,0,0,0,clear,False
genuine,medical,genuine/medicals/medical_149.pdf,medical,False,7,True,0,0,0,0,clear,False
genuine,medical,genuine/medicals/medical_150.pdf,medical,False,6,True,0,0,0,0,clear,False
genuine,medical,genuine/medicals/medical_151.pdf,medical,False,6,True,0,0,0,0,clear,False
genuine,medical,genuine/medicals/medical_152.pdf,medical,False,3,True,0,0,0,0,clear,False
genuine,medical,genuine/medicals/medical_153.pdf,medical,False,3,True,0,0,0,0,clear,False
genuine,medical,genuine/medicals/medical_154.pdf,medical,False,7,True,0,0,0,0,clear,False
genuine,medical,genuine/medicals/medical_155.pdf,medical,False,3,True,0,0,0,0,clear,False
genuine,medical,genuine/medicals/medical_156.pdf,medical,False,3,True,0,0,0,0,clear,False
genuine,medical,genuine/medicals/medical_157.pdf,medical,False,7,True,0,0,0,0,clear,False
genuine,medical,genuine/medicals/medical_158.pdf,medical,False,3,True,0,0,0,0,clear,False
genuine,medical,genuine/medicals/medical_159.pdf,medical,False,6,True,0,0,0,0,clear,False
genuine,medical,genuine/medicals/medical_160.pdf,medical,False,5,True,0,0,0,0,clear,False
genuine,medical,genuine/medicals/medical_161.pdf,medical,False,7,True,0,0,0,0,clear,False
genuine,medical,genuine/medicals/medical_162.pdf,medical,False,7,True,0,0,0,0,clear,False
genuine,medical,genuine/medicals/medical_163.pdf,medical,False,5,True,0,0,0,0,clear,False
genuine,medical,genuine/medicals/medical_164.pdf,medical,False,3,True,0,0,0,0,clear,False
genuine,medical,genuine/medicals/medical_165.pdf,medical,False,5,True,0,0,0,0,clear,False
genuine,medical,genuine/medicals/medical_166.pdf,medical,False,3,True,0,0,0,0,clear,False
genuine,medical,genuine/medicals/medical_167.pdf,medical,False,5,True,0,0,0,0,clear,False
genuine,medical,genuine/medicals/medical_168.pdf,medical,False,6,True,0,0,0,0,clear,False
genuine,medical,genuine/medicals/medical_169.pdf,medical,False,6,True,0,0,0,0,clear,False
genuine,medical,genuine/medicals/medical_170.pdf,medical,False,4,True,0,0,0,0,clear,False
genuine,medical,genuine/medicals/medical_171.pdf,medical,False,5,True,0,0,0,0,clear,False
genuine,medical,genuine/medicals/medical_172.pdf,medical,False,6,True,0,0,0,0,clear,False
genuine,medical,genuine/medicals/medical_173.pdf,medical,False,5,True,0,0,0,0,clear,False
genuine,medical,genuine/medicals/medical_174.pdf,medical,False,4,True,0,0,0,0,clear,False
genuine,medical,genuine/medicals/medical_175.pdf,medical,False,5,True,0,0,0,0,clear,False
genuine,medical,genuine/medicals/medical_176.pdf,medical,False,5,True,0,0,0,0,clear,False
genuine,medical,genuine/medicals/medical_177.pdf,medical,False,3,True,0,0,0,0,clear,False
genuine,medical,genuine/medicals/medical_178.pdf,medical,False,5,True,0,0,0,0,clear,False
genuine,medical,genuine/medicals/medical_179.pdf,medical,False,7,True,0,0,0,0,clear,False
genuine,medical,genuine/medicals/medical_180.pdf,medical,False,5,True,0,0,0,0,clear,False
genuine,medical,genuine/medicals/medical_181.pdf,medical,False,5,True,0,0,0,0,clear,False
genuine,medical,genuine/medicals/medical_182.pdf,medical,False,3,True,0,0,0,0,clear,False
genuine,medical,genuine/medicals/medical_183.pdf,medical,False,3,True,0,0,0,0,clear,False
genuine,medical,genuine/medicals/medical_184.pdf,medical,False,6,True,0,0,0,0,clear,False
genuine,medical,genuine/medicals/medical_185.pdf,medical,False,4,True,0,0,0,0,clear,False
genuine,medical,genuine/medicals/medical_186.pdf,medical,False,4,True,0,0,0,0,clear,False
genuine,medical,genuine/medicals/medical_187.pdf,medical,False,4,True,0,0,0,0,clear,False
genuine,medical,genuine/medicals/medical_188.pdf,medical,False,6,True,0,0,0,0,clear,False
genuine,medical,genuine/medicals/medical_189.pdf,medical,False,4,True,0,0,0,0,clear,False
genuine,medical,genuine/medicals/medical_190.pdf,medical,False,5,True,0,0,0,0,clear,False
genuine,medical,genuine/medicals/medical_191.pdf,medical,False,7,True,0,0,0,0,clear,False
genuine,medical,genuine/medicals/medical_192.pdf,medical,False,3,True,0,0,0,0,clear,False
genuine,medical,genuine/medicals/medical_193.pdf,medical,False,6,True,0,0,0,0,clear,False
genuine,medical,genuine/medicals/medical_194.pdf,medical,False,3,True,0,0,0,0,clear,False
genuine,medical,genuine/medicals/medical_195.pdf,medical,False,3,True,0,0,0,0,clear,False
genuine,medical,genuine/medicals/medical_196.pdf,medical,False,7,True,0,0,0,0,clear,False
genuine,medical,genuine/medicals/medical_197.pdf,medical,False,4,True,0,0,0,0,clear,False
genuine,medical,genuine/medicals/medical_198.pdf,medical,False,3,True,0,0,0,0,clear,False
genuine,medical,genuine/medicals/medical_199.pdf,medical,False,5,True,0,0,0,0,clear,False
genuine,medical,genuine/medicals/medical_200.pdf,medical,False,7,True,0,0,0,0,clear,False
genuine,medical,genuine/medicals/medical_201.pdf,medical,False,7,True,0,0,0,0,clear,False
genuine,medical,genuine/medicals/medical_202.pdf,medical,False,4,True,0,0,0,0,clear,False
genuine,medical,genuine/medicals/medical_203.pdf,medical,False,6,True,0,0,0,0,clear,False
genuine,medical,genuine/medicals/medical_204.pdf,medical,False,7,True,0,0,0,0,clear,False
genuine,medical,genuine/medicals/medical_205.pdf,medical,False,7,True,0,0,0,0,clear,False
genuine,medical,genuine/medicals/medical_206.pdf,medical,False,6,True,0,0,0,0,clear,False
genuine,medical,genuine/medicals/medical_207.pdf,medical,False,6,True,0,0,0,0,clear,False
genuine,medical,genuine/medicals/medical_208.pdf,medical,False,4,True,0,0,0,0,clear,False
genuine,medical,genuine/medicals/medical_209.pdf,medical,False,5,True,0,0,0,0,clear,False
genuine,medical,genuine/medicals/medical_210.pdf,medical,False,6,True,0,0,0,0,clear,False
genuine,medical,genuine/medicals/medical_211.pdf,medical,False,4,True,0,0,0,0,clear,False
genuine,medical,genuine/medicals/medical_212.pdf,medical,False,6,True,0,0,0,0,clear,False
genuine,medical,genuine/medicals/medical_213.pdf,medical,False,6,True,0,0,0,0,clear,False
genuine,medical,genuine/medicals/medical_214.pdf,medical,False,5,True,0,0,0,0,clear,False
genuine,medical,genuine/medicals/medical_215.pdf,medical,False,7,True,0,0,0,0,clear,False
genuine,medical,genuine/medicals/medical_216.pdf,medical,False,5,True,0,0,0,0,clear,False
genuine,medical,genuine/medicals/medical_217.pdf,medical,False,3,True,0,0,0,0,clear,False
genuine,medical,genuine/medicals/medical_218.pdf,medical,False,5,True,0,0,0,0,clear,False
genuine,medical,genuine/medicals/medical_219.pdf,medical,False,6,True,0,0,0,0,clear,False
genuine,medical,genuine/medicals/medical_220.pdf,medical,False,3,True,0,0,0,0,clear,False
genuine,medical,genuine/medicals/medical_221.pdf,medical,False,4,True,0,0,0,0,clear,False
genuine,medical,genuine/medicals/medical_222.pdf,medical,False,6,True,0,0,0,0,clear,False
genuine,medical,genuine/medicals/medical_223.pdf,medical,False,5,True,0,0,0,0,clear,False
genuine,medical,genuine/medicals/medical_224.pdf,medical,False,7,True,0,0,0,0,clear,False
genuine,medical,genuine/medicals/medical_225.pdf,medical,False,4,True,0,0,0,0,clear,False
genuine,medical,genuine/medicals/medical_226.pdf,medical,False,3,True,0,0,0,0,clear,False
genuine,medical,genuine/medicals/medical_227.pdf,medical,False,4,True,0,0,0,0,clear,False
genuine,medical,genuine/medicals/medical_228.pdf,medical,False,7,True,0,0,0,0,clear,False
genuine,medical,genuine/medicals/medical_229.pdf,medical,False,3,True,0,0,0,0,clear,False
genuine,medical,genuine/medicals/medical_230.pdf,medical,False,7,True,0,0,0,0,clear,False
genuine,medical,genuine/medicals/medical_231.pdf,medical,False,4,True,0,0,0,0,clear,False
genuine,medical,genuine/medicals/medical_232.pdf,medical,False,3,True,0,0,0,0,clear,False
genuine,medical,genuine/medicals/medical_233.pdf,medical,False,5,True,0,0,0,0,clear,False
genuine,medical,genuine/medicals/medical_234.pdf,medical,False,6,True,0,0,0,0,clear,False
genuine,medical,genuine/medicals/medical_235.pdf,medical,False,7,True,0,0,0,0,clear,False
genuine,medical,genuine/medicals/medical_236.pdf,medical,False,6,True,0,0,0,0,clear,False
genuine,medical,genuine/medicals/medical_237.pdf,medical,False,3,True,0,0,0,0,clear,False
genuine,medical,genuine/medicals/medical_238.pdf,medical,False,7,True,0,0,0,0,clear,False
genuine,medical,genuine/medicals/medical_239.pdf,medical,False,4,True,0,0,0,0,clear,False
genuine,medical,genuine/medicals/medical_240.pdf,medical,False,7,True,0,0,0,0,clear,False
genuine,medical,genuine/medicals/medical_241.pdf,medical,False,3,True,0,0,0,0,clear,False
genuine,medical,genuine/medicals/medical_242.pdf,medical,False,6,True,0,0,0,0,clear,False
genuine,medical,genuine/medicals/medical_243.pdf,medical,False,4,True,0,0,0,0,clear,False
genuine,medical,genuine/medicals/medical_244.pdf,medical,False,4,True,0,0,0,0,clear,False
genuine,medical,genuine/medicals/medical_245.pdf,medical,False,5,True,0,0,0,0,clear,False
genuine,medical,genuine/medicals/medical_246.pdf,medical,False,4,True,0,0,0,0,clear,False
genuine,medical,genuine/medicals/medical_247.pdf,medical,False,7,True,0,0,0,0,clear,False
genuine,medical,genuine/medicals/medical_248.pdf,medical,False,3,True,0,0,0,0,clear,False
genuine,medical,genuine/medicals/medical_249.pdf,medical,False,5,True,0,0,0,0,clear,False
genuine,medical,genuine/medicals/medical_250.pdf,medical,False,6,True,0,0,0,0,clear,False
genuine,medical,genuine/medicals/medical_251.pdf,medical,False,3,True,0,0,0,0,clear,False
genuine,medical,genuine/medicals/medical_252.pdf,medical,False,4,True,0,0,0,0,clear,False
genuine,medical,genuine/medicals/medical_253.pdf,medical,False,6,True,0,0,0,0,clear,False
genuine,medical,genuine/medicals/medical_254.pdf,medical,False,3,True,0,0,0,0,clear,False
genuine,medical,genuine/medicals/medical_255.pdf,medical,False,6,True,0,0,0,0,clear,False
genuine,medical,genuine/medicals/medical_256.pdf,medical,False,7,True,0,0,0,0,clear,False
genuine,medical,genuine/medicals/medical_257.pdf,medical,False,3,True,0,0,0,0,clear,False
genuine,medical,genuine/medicals/medical_258.pdf,medical,False,3,True,0,0,0,0,clear,False
genuine,medical,genuine/medicals/medical_259.pdf,medical,False,4,True,0,0,0,0,clear,False
genuine,medical,genuine/medicals/medical_260.pdf,medical,False,4,True,0,0,0,0,clear,False
genuine,medical,genuine/medicals/medical_261.pdf,medical,False,6,True,0,0,0,0,clear,False
genuine,medical,genuine/medicals/medical_262.pdf,medical,False,4,True,0,0,0,0,clear,False
genuine,medical,genuine/medicals/medical_263.pdf,medical,False,3,True,0,0,0,0,clear,False
genuine,medical,genuine/medicals/medical_264.pdf,medical,False,6,True,0,0,0,0,clear,False
genuine,medical,genuine/medicals/medical_265.pdf,medical,False,4,True,0,0,0,0,clear,False
genuine,medical,genuine/medicals/medical_266.pdf,medical,False,6,True,0,0,0,0,clear,False
genuine,medical,genuine/medicals/medical_267.pdf,medical,False,5,True,0,0,0,0,clear,False
genuine,medical,genuine/medicals/medical_268.pdf,medical,False,6,True,0,0,0,0,clear,False
genuine,medical,genuine/medicals/medical_269.pdf,medical,False,4,True,0,0,0,0,clear,False
genuine,medical,genuine/medicals/medical_270.pdf,medical,False,7,True,0,0,0,0,clear,False
genuine,medical,genuine/medicals/medical_271.pdf,medical,False,4,True,0,0,0,0,clear,False
genuine,medical,genuine/medicals/medical_272.pdf,medical,False,5,True,0,0,0,0,clear,False
genuine,medical,genuine/medicals/medical_273.pdf,medical,False,4,True,0,0,0,0,clear,False
genuine,medical,genuine/medicals/medical_274.pdf,medical,False,4,True,0,0,0,0,clear,False
genuine,medical,genuine/medicals/medical_275.pdf,medical,False,3,True,0,0,0,0,clear,False
genuine,medical,genuine/medicals/medical_276.pdf,medical,False,3,True,0,0,0,0,clear,False
genuine,medical,genuine/medicals/medical_277.pdf,medical,False,5,True,0,0,0,0,clear,False
genuine,medical,genuine/medicals/medical_278.pdf,medical,False,7,True,0,0,0,0,clear,False
genuine,medical,genuine/medicals/medical_279.pdf,medical,False,5,True,0,0,0,0,clear,False
genuine,medical,genuine/medicals/medical_280.pdf,medical,False,3,True,0,0,0,0,clear,False
genuine,medical,genuine/medicals/medical_281.pdf,medical,False,5,True,0,0,0,0,clear,False
genuine,medical,genuine/medicals/medical_282.pdf,medical,False,3,True,0,0,0,0,clear,False
genuine,medical,genuine/medicals/medical_283.pdf,medical,False,6,True,0,0,0,0,clear,False
genuine,medical,genuine/medicals/medical_284.pdf,medical,False,5,True,0,0,0,0,clear,False
genuine,medical,genuine/medicals/medical_285.pdf,medical,False,5,True,0,0,0,0,clear,False
genuine,medical,genuine/medicals/medical_286.pdf,medical,False,7,True,0,0,0,0,clear,False
genuine,medical,genuine/medicals/medical_287.pdf,medical,False,6,True,0,0,0,0,clear,False
genuine,medical,genuine/medicals/medical_288.pdf,medical,False,6,True,0,0,0,0,clear,False
genuine,medical,genuine/medicals/medical_289.pdf,medical,False,4,True,0,0,0,0,clear,False
genuine,medical,genuine/medicals/medical_290.pdf,medical,False,5,True,0,0,0,0,clear,False
genuine,medical,genuine/medicals/medical_291.pdf,medical,False,7,True,0,0,0,0,clear,False
genuine,medical,genuine/medicals/medical_292.pdf,medical,False,5,True,0,0,0,0,clear,False
genuine,medical,genuine/medicals/medical_293.pdf,medical,False,5,True,0,0,0,0,clear,False
genuine,medical,genuine/medicals/medical_294.pdf,medical,False,3,True,0,0,0,0,clear,False
genuine,medical,genuine/medicals/medical_295.pdf,medical,False,4,True,0,0,0,0,clear,False
genuine,medical,genuine/medicals/medical_296.pdf,medical,False,3,True,0,0,0,0,clear,False
genuine,medical,genuine/medicals/medical_297.pdf,medical,False,7,True,0,0,0,0,clear,False
genuine,medical,genuine/medicals/medical_298.pdf,medical,False,3,True,0,0,0,0,clear,False
genuine,medical,genuine/medicals/medical_299.pdf,medical,False,3,True,0,0,0,0,clear,False
genuine,medical,genuine/medicals/medical_300.pdf,medical,False,6,True,0,0,0,0,clear,False
genuine,medical,genuine/medicals/medical_301.pdf,medical,False,3,True,0,0,0,0,clear,False
genuine,medical,genuine/medicals/medical_302.pdf,medical,False,5,True,0,0,0,0,clear,False
genuine,medical,genuine/medicals/medical_303.pdf,medical,False,5,True,0,0,0,0,clear,False
genuine,medical,genuine/medicals/medical_304.pdf,medical,False,5,True,0,0,0,0,clear,False
genuine,medical,genuine/medicals/medical_305.pdf,medical,False,4,True,0,0,0,0,clear,False
genuine,medical,genuine/medicals/medical_306.pdf,medical,False,5,True,0,0,0,0,clear,False
genuine,medical,genuine/medicals/medical_307.pdf,medical,False,4,True,0,0,0,0,clear,False
genuine,medical,genuine/medicals/medical_308.pdf,medical,False,4,True,0,0,0,0,clear,False
genuine,medical,genuine/medicals/medical_309.pdf,medical,False,7,True,0,0,0,0,clear,False
genuine,medical,genuine/medicals/medical_310.pdf,medical,False,4,True,0,0,0,0,clear,False
genuine,medical,genuine/medicals/medical_311.pdf,medical,False,3,True,0,0,0,0,clear,False
genuine,medical,genuine/medicals/medical_312.pdf,medical,False,6,True,0,0,0,0,clear,False
genuine,medical,genuine/medicals/medical_313.pdf,medical,False,7,True,0,0,0,0,clear,False
genuine,medical,genuine/medicals/medical_314.pdf,medical,False,4,True,0,0,0,0,clear,False
genuine,medical,genuine/medicals/medical_315.pdf,medical,False,6,True,0,0,0,0,clear,False
genuine,medical,genuine/medicals/medical_316.pdf,medical,False,5,True,0,0,0,0,clear,False
genuine,medical,genuine/medicals/medical_317.pdf,medical,False,6,True,0,0,0,0,clear,False
genuine,medical,genuine/medicals/medical_318.pdf,medical,False,4,True,0,0,0,0,clear,False
genuine,medical,genuine/medicals/medical_319.pdf,medical,False,5,True,0,0,0,0,clear,False
genuine,medical,genuine/medicals/medical_320.pdf,medical,False,3,True,0,0,0,0,clear,False
genuine,medical,genuine/medicals/medical_321.pdf,medical,False,4,True,0,0,0,0,clear,False
genuine,medical,genuine/medicals/medical_322.pdf,medical,False,4,True,0,0,0,0,clear,False
genuine,medical,genuine/medicals/medical_323.pdf,medical,False,6,True,0,0,0,0,clear,False
genuine,medical,genuine/medicals/medical_324.pdf,medical,False,7,True,0,0,0,0,clear,False
genuine,medical,genuine/medicals/medical_325.pdf,medical,False,6,True,0,0,0,0,clear,False
genuine,medical,genuine/medicals/medical_326.pdf,medical,False,6,True,0,0,0,0,clear,False
genuine,medical,genuine/medicals/medical_327.pdf,medical,False,6,True,0,0,0,0,clear,False
genuine,medical,genuine/medicals/medical_328.pdf,medical,False,6,True,0,0,0,0,clear,False
genuine,medical,genuine/medicals/medical_329.pdf,medical,False,6,True,0,0,0,0,clear,False
genuine,medical,genuine/medicals/medical_330.pdf,medical,False,4,True,0,0,0,0,clear,False
genuine,medical,genuine/medicals/medical_331.pdf,medical,False,3,True,0,0,0,0,clear,False
genuine,medical,genuine/medicals/medical_332.pdf,medical,False,7,True,0,0,0,0,clear,False
genuine,medical,genuine/medicals/medical_333.pdf,medical,False,4,True,0,0,0,0,clear,False
genuine,medical,genuine/medicals/medical_334.pdf,medical,False,5,True,0,0,0,0,clear,False
genuine,medical,genuine/medicals/medical_335.pdf,medical,False,4,True,0,0,0,0,clear,False
genuine,medical,genuine/medicals/medical_336.pdf,medical,False,4,True,0,0,0,0,clear,False
genuine,medical,genuine/medicals/medical_337.pdf,medical,False,4,True,0,0,0,0,clear,False
genuine,medical,genuine/medicals/medical_338.pdf,medical,False,7,True,0,0,0,0,clear,False
genuine,medical,genuine/medicals/medical_339.pdf,medical,False,7,True,0,0,0,0,clear,False
genuine,medical,genuine/medicals/medical_340.pdf,medical,False,6,True,0,0,0,0,clear,False
genuine,medical,genuine/medicals/medical_341.pdf,medical,False,4,True,0,0,0,0,clear,False
genuine,medical,genuine/medicals/medical_342.pdf,medical,False,6,True,0,0,0,0,clear,False
genuine,medical,genuine/medicals/medical_343.pdf,medical,False,7,True,0,0,0,0,clear,False
genuine,medical,genuine/medicals/medical_344.pdf,medical,False,6,True,0,0,0,0,clear,False
genuine,medical,genuine/medicals/medical_345.pdf,medical,False,6,True,0,0,0,0,clear,False
genuine,medical,genuine/medicals/medical_346.pdf,medical,False,3,True,0,0,0,0,clear,False
genuine,medical,genuine/medicals/medical_347.pdf,medical,False,4,True,0,0,0,0,clear,False
genuine,medical,genuine/medicals/medical_348.pdf,medical,False,7,True,0,0,0,0,clear,False
genuine,medical,genuine/medicals/medical_349.pdf,medical,False,6,True,0,0,0,0,clear,False
genuine,medical,genuine/medicals/medical_350.pdf,medical,False,5,True,0,0,0,0,clear,False
genuine,medical,genuine/medicals/medical_351.pdf,medical,False,7,True,0,0,0,0,clear,False
genuine,medical,genuine/medicals/medical_352.pdf,medical,False,3,True,0,0,0,0,clear,False
genuine,medical,genuine/medicals/medical_353.pdf,medical,False,3,True,0,0,0,0,clear,False
genuine,medical,genuine/medicals/medical_354.pdf,medical,False,3,True,0,0,0,0,clear,False
genuine,medical,genuine/medicals/medical_355.pdf,medical,False,5,True,0,0,0,0,clear,False
genuine,medical,genuine/medicals/medical_356.pdf,medical,False,4,True,0,0,0,0,clear,False
genuine,medical,genuine/medicals/medical_357.pdf,medical,False,4,True,0,0,0,0,clear,False
genuine,medical,genuine/medicals/medical_358.pdf,medical,False,3,True,0,0,0,0,clear,False
genuine,medical,genuine/medicals/medical_359.pdf,medical,False,3,True,0,0,0,0,clear,False
genuine,medical,genuine/medicals/medical_360.pdf,medical,False,4,True,0,0,0,0,clear,False
genuine,medical,genuine/medicals/medical_361.pdf,medical,False,6,True,0,0,0,0,clear,False
genuine,medical,genuine/medicals/medical_362.pdf,medical,False,4,True,0,0,0,0,clear,False
genuine,medical,genuine/medicals/medical_363.pdf,medical,False,4,True,0,0,0,0,clear,False
genuine,medical,genuine/medicals/medical_364.pdf,medical,False,6,True,0,0,0,0,clear,False
genuine,medical,genuine/medicals/medical_365.pdf,medical,False,7,True,0,0,0,0,clear,False
genuine,medical,genuine/medicals/medical_366.pdf,medical,False,5,True,0,0,0,0,clear,False
genuine,medical,genuine/medicals/medical_367.pdf,medical,False,5,True,0,0,0,0,clear,False
genuine,medical,genuine/medicals/medical_368.pdf,medical,False,6,True,0,0,0,0,clear,False
genuine,medical,genuine/medicals/medical_369.pdf,medical,False,7,True,0,0,0,0,clear,False
genuine,medical,genuine/medicals/medical_370.pdf,medical,False,3,True,0,0,0,0,clear,False
genuine,medical,genuine/medicals/medical_371.pdf,medical,False,3,True,0,0,0,0,clear,False
genuine,medical,genuine/medicals/medical_372.pdf,medical,False,5,True,0,0,0,0,clear,False
genuine,medical,genuine/medicals/medical_373.pdf,medical,False,3,True,0,0,0,0,clear,False
genuine,medical,genuine/medicals/medical_374.pdf,medical,False,6,True,0,0,0,0,clear,False
genuine,medical,genuine/medicals/medical_375.pdf,medical,False,6,True,0,0,0,0,clear,False
genuine,medical,genuine/medicals/medical_376.pdf,medical,False,7,True,0,0,0,0,clear,False
genuine,medical,genuine/medicals/medical_377.pdf,medical,False,4,True,0,0,0,0,clear,False
genuine,medical,genuine/medicals/medical_378.pdf,medical,False,5,True,0,0,0,0,clear,False
genuine,medical,genuine/medicals/medical_379.pdf,medical,False,5,True,0,0,0,0,clear,False
genuine,medical,genuine/medicals/medical_380.pdf,medical,False,7,True,0,0,0,0,clear,False
genuine,medical,genuine/medicals/medical_381.pdf,medical,False,4,True,0,0,0,0,clear,False
genuine,medical,genuine/medicals/medical_382.pdf,medical,False,7,True,0,0,0,0,clear,False
genuine,medical,genuine/medicals/medical_383.pdf,medical,False,4,True,0,0,0,0,clear,False
genuine,medical,genuine/medicals/medical_384.pdf,medical,False,7,True,0,0,0,0,clear,False
genuine,medical,genuine/medicals/medical_385.pdf,medical,False,3,True,0,0,0,0,clear,False
genuine,medical,genuine/medicals/medical_386.pdf,medical,False,4,True,0,0,0,0,clear,False
genuine,medical,genuine/medicals/medical_387.pdf,medical,False,5,True,0,0,0,0,clear,False
genuine,medical,genuine/medicals/medical_388.pdf,medical,False,7,True,0,0,0,0,clear,False
genuine,medical,genuine/medicals/medical_389.pdf,medical,False,6,True,0,0,0,0,clear,False
genuine,medical,genuine/medicals/medical_390.pdf,medical,False,5,True,0,0,0,0,clear,False
genuine,medical,genuine/medicals/medical_391.pdf,medical,False,3,True,0,0,0,0,clear,False
genuine,medical,genuine/medicals/medical_392.pdf,medical,False,7,True,0,0,0,0,clear,False
genuine,medical,genuine/medicals/medical_393.pdf,medical,False,5,True,0,0,0,0,clear,False
genuine,medical,genuine/medicals/medical_394.pdf,medical,False,5,True,0,0,0,0,clear,False
genuine,medical,genuine/medicals/medical_395.pdf,medical,False,7,True,0,0,0,0,clear,False
genuine,medical,genuine/medicals/medical_396.pdf,medical,False,5,True,0,0,0,0,clear,False
genuine,medical,genuine/medicals/medical_397.pdf,medical,False,6,True,0,0,0,0,clear,False
genuine,medical,genuine/medicals/medical_398.pdf,medical,False,5,True,0,0,0,0,clear,False
genuine,medical,genuine/medicals/medical_399.pdf,medical,False,7,True,0,0,0,0,clear,False
genuine,medical,genuine/medicals/medical_400.pdf,medical,False,3,True,0,0,0,0,clear,False
genuine,medical,genuine/medicals/medical_401.pdf,medical,False,7,True,0,0,0,0,clear,False
genuine,medical,genuine/medicals/medical_402.pdf,medical,False,6,True,0,0,0,0,clear,False
genuine,medical,genuine/medicals/medical_403.pdf,medical,False,4,True,0,0,0,0,clear,False
genuine,medical,genuine/medicals/medical_404.pdf,medical,False,5,True,0,0,0,0,clear,False
genuine,medical,genuine/medicals/medical_405.pdf,medical,False,7,True,0,0,0,0,clear,False
genuine,medical,genuine/medicals/medical_406.pdf,medical,False,5,True,0,0,0,0,clear,False
genuine,medical,genuine/medicals/medical_407.pdf,medical,False,6,True,0,0,0,0,clear,False
genuine,medical,genuine/medicals/medical_408.pdf,medical,False,7,True,0,0,0,0,clear,False
genuine,medical,genuine/medicals/medical_409.pdf,medical,False,6,True,0,0,0,0,clear,False
genuine,medical,genuine/medicals/medical_410.pdf,medical,False,7,True,0,0,0,0,clear,False
genuine,medical,genuine/medicals/medical_411.pdf,medical,False,7,True,0,0,0,0,clear,False
genuine,medical,genuine/medicals/medical_412.pdf,medical,False,6,True,0,0,0,0,clear,False
genuine,medical,genuine/medicals/medical_413.pdf,medical,False,7,True,0,0,0,0,clear,False
genuine,medical,genuine/medicals/medical_414.pdf,medical,False,4,True,0,0,0,0,clear,False
genuine,medical,genuine/medicals/medical_415.pdf,medical,False,4,True,0,0,0,0,clear,False
genuine,medical,genuine/medicals/medical_416.pdf,medical,False,5,True,0,0,0,0,clear,False
genuine,medical,genuine/medicals/medical_417.pdf,medical,False,3,True,0,0,0,0,clear,False
genuine,medical,genuine/medicals/medical_418.pdf,medical,False,7,True,0,0,0,0,clear,False
genuine,medical,genuine/medicals/medical_419.pdf,medical,False,6,True,0,0,0,0,clear,False
genuine,medical,genuine/medicals/medical_420.pdf,medical,False,5,True,0,0,0,0,clear,False
genuine,medical,genuine/medicals/medical_421.pdf,medical,False,4,True,0,0,0,0,clear,False
genuine,medical,genuine/medicals/medical_422.pdf,medical,False,6,True,0,0,0,0,clear,False
genuine,medical,genuine/medicals/medical_423.pdf,medical,False,5,True,0,0,0,0,clear,False
genuine,medical,genuine/medicals/medical_424.pdf,medical,False,5,True,0,0,0,0,clear,False
genuine,medical,genuine/medicals/medical_425.pdf,medical,False,5,True,0,0,0,0,clear,False
genuine,medical,genuine/medicals/medical_426.pdf,medical,False,5,True,0,0,0,0,clear,False
genuine,medical,genuine/medicals/medical_427.pdf,medical,False,4,True,0,0,0,0,clear,False
genuine,medical,genuine/medicals/medical_428.pdf,medical,False,5,True,0,0,0,0,clear,False
genuine,medical,genuine/medicals/medical_429.pdf,medical,False,4,True,0,0,0,0,clear,False
genuine,medical,genuine/medicals/medical_430.pdf,medical,False,6,True,0,0,0,0,clear,False
genuine,medical,genuine/medicals/medical_431.pdf,medical,False,6,True,0,0,0,0,clear,False
genuine,medical,genuine/medicals/medical_432.pdf,medical,False,6,True,0,0,0,0,clear,False
genuine,medical,genuine/medicals/medical_433.pdf,medical,False,5,True,0,0,0,0,clear,False
genuine,medical,genuine/medicals/medical_434.pdf,medical,False,5,True,0,0,0,0,clear,False
genuine,medical,genuine/medicals/medical_435.pdf,medical,False,7,True,0,0,0,0,clear,False
genuine,medical,genuine/medicals/medical_436.pdf,medical,False,4,True,0,0,0,0,clear,False
genuine,medical,genuine/medicals/medical_437.pdf,medical,False,5,True,0,0,0,0,clear,False
genuine,medical,genuine/medicals/medical_438.pdf,medical,False,3,True,0,0,0,0,clear,False
genuine,medical,genuine/medicals/medical_439.pdf,medical,False,4,True,0,0,0,0,clear,False
genuine,medical,genuine/medicals/medical_440.pdf,medical,False,6,True,0,0,0,0,clear,False
genuine,medical,genuine/medicals/medical_441.pdf,medical,False,3,True,0,0,0,0,clear,False
genuine,medical,genuine/medicals/medical_442.pdf,medical,False,3,True,0,0,0,0,clear,False
genuine,medical,genuine/medicals/medical_443.pdf,medical,False,7,True,0,0,0,0,clear,False
genuine,medical,genuine/medicals/medical_444.pdf,medical,False,6,True,0,0,0,0,clear,False
genuine,medical,genuine/medicals/medical_445.pdf,medical,False,4,True,0,0,0,0,clear,False
genuine,medical,genuine/medicals/medical_446.pdf,medical,False,5,True,0,0,0,0,clear,False
genuine,medical,genuine/medicals/medical_447.pdf,medical,False,5,True,0,0,0,0,clear,False
genuine,medical,genuine/medicals/medical_448.pdf,medical,False,4,True,0,0,0,0,clear,False
genuine,medical,genuine/medicals/medical_449.pdf,medical,False,4,True,0,0,0,0,clear,False
genuine,medical,genuine/medicals/medical_450.pdf,medical,False,6,True,0,0,0,0,clear,False
genuine,medical,genuine/medicals/medical_451.pdf,medical,False,7,True,0,0,0,0,clear,False
genuine,medical,genuine/medicals/medical_452.pdf,medical,False,3,True,0,0,0,0,clear,False
genuine,medical,genuine/medicals/medical_453.pdf,medical,False,4,True,0,0,0,0,clear,False
genuine,medical,genuine/medicals/medical_454.pdf,medical,False,7,True,0,0,0,0,clear,False
genuine,medical,genuine/medicals/medical_455.pdf,medical,False,3,True,0,0,0,0,clear,False
genuine,medical,genuine/medicals/medical_456.pdf,medical,False,6,True,0,0,0,0,clear,False
genuine,medical,genuine/medicals/medical_457.pdf,medical,False,6,True,0,0,0,0,clear,False
genuine,medical,genuine/medicals/medical_458.pdf,medical,False,5,True,0,0,0,0,clear,False
genuine,medical,genuine/medicals/medical_459.pdf,medical,False,6,True,0,0,0,0,clear,False
genuine,medical,genuine/medicals/medical_460.pdf,medical,False,4,True,0,0,0,0,clear,False
genuine,medical,genuine/medicals/medical_461.pdf,medical,False,4,True,0,0,0,0,clear,False
genuine,medical,genuine/medicals/medical_462.pdf,medical,False,3,True,0,0,0,0,clear,False
genuine,medical,genuine/medicals/medical_463.pdf,medical,False,7,True,0,0,0,0,clear,False
genuine,medical,genuine/medicals/medical_464.pdf,medical,False,4,True,0,0,0,0,clear,False
genuine,medical,genuine/medicals/medical_465.pdf,medical,False,7,True,0,0,0,0,clear,False
genuine,medical,genuine/medicals/medical_466.pdf,medical,False,6,True,0,0,0,0,clear,False
genuine,medical,genuine/medicals/medical_467.pdf,medical,False,6,True,0,0,0,0,clear,False
genuine,medical,genuine/medicals/medical_468.pdf,medical,False,5,True,0,0,0,0,clear,False
genuine,medical,genuine/medicals/medical_469.pdf,medical,False,6,True,0,0,0,0,clear,False
genuine,medical,genuine/medicals/medical_470.pdf,medical,False,5,True,0,0,0,0,clear,False
genuine,medical,genuine/medicals/medical_471.pdf,medical,False,5,True,0,0,0,0,clear,False
genuine,medical,genuine/medicals/medical_472.pdf,medical,False,3,True,0,0,0,0,clear,False
genuine,medical,genuine/medicals/medical_473.pdf,medical,False,3,True,0,0,0,0,clear,False
genuine,medical,genuine/medicals/medical_474.pdf,medical,False,3,True,0,0,0,0,clear,False
genuine,medical,genuine/medicals/medical_475.pdf,medical,False,7,True,0,0,0,0,clear,False
genuine,medical,genuine/medicals/medical_476.pdf,medical,False,4,True,0,0,0,0,clear,False
genuine,medical,genuine/medicals/medical_477.pdf,medical,False,5,True,0,0,0,0,clear,False
genuine,medical,genuine/medicals/medical_478.pdf,medical,False,5,True,0,0,0,0,clear,False
genuine,medical,genuine/medicals/medical_479.pdf,medical,False,7,True,0,0,0,0,clear,False
genuine,medical,genuine/medicals/medical_480.pdf,medical,False,3,True,0,0,0,0,clear,False
genuine,medical,genuine/medicals/medical_481.pdf,medical,False,5,True,0,0,0,0,clear,False
genuine,medical,genuine/medicals/medical_482.pdf,medical,False,3,True,0,0,0,0,clear,False
genuine,medical,genuine/medicals/medical_483.pdf,medical,False,3,True,0,0,0,0,clear,False
genuine,medical,genuine/medicals/medical_484.pdf,medical,False,5,True,0,0,0,0,clear,False
genuine,medical,genuine/medicals/medical_485.pdf,medical,False,6,True,0,0,0,0,clear,False
genuine,medical,genuine/medicals/medical_486.pdf,medical,False,3,True,0,0,0,0,clear,False
genuine,medical,genuine/medicals/medical_487.pdf,medical,False,7,True,0,0,0,0,clear,False
genuine,medical,genuine/medicals/medical_488.pdf,medical,False,4,True,0,0,0,0,clear,False
genuine,medical,genuine/medicals/medical_489.pdf,medical,False,7,True,0,0,0,0,clear,False
genuine,medical,genuine/medicals/medical_490.pdf,medical,False,6,True,0,0,0,0,clear,False
genuine,medical,genuine/medicals/medical_491.pdf,medical,False,6,True,0,0,0,0,clear,False
genuine,medical,genuine/medicals/medical_492.pdf,medical,False,5,True,0,0,0,0,clear,False
genuine,medical,genuine/medicals/medical_493.pdf,medical,False,5,True,0,0,0,0,clear,False
genuine,medical,genuine/medicals/medical_494.pdf,medical,False,6,True,0,0,0,0,clear,False
genuine,medical,genuine/medicals/medical_495.pdf,medical,False,3,True,0,0,0,0,clear,False
genuine,medical,genuine/medicals/medical_496.pdf,medical,False,7,True,0,0,0,0,clear,False
genuine,medical,genuine/medicals/medical_497.pdf,medical,False,6,True,0,0,0,0,clear,False
genuine,medical,genuine/medicals/medical_498.pdf,medical,False,7,True,0,0,0,0,clear,False
genuine,medical,genuine/medicals/medical_499.pdf,medical,False,7,True,0,0,0,0,clear,False
genuine,medical,genuine/medicals/medical_500.pdf,medical,False,7,True,0,0,0,0,clear,False
genuine,medical,genuine/medicals/medical_501.pdf,medical,False,3,True,0,0,0,0,clear,False
genuine,medical,genuine/medicals/medical_502.pdf,medical,False,4,True,0,0,0,0,clear,False
genuine,medical,genuine/medicals/medical_503.pdf,medical,False,4,True,0,0,0,0,clear,False
genuine,medical,genuine/medicals/medical_504.pdf,medical,False,4,True,0,0,0,0,clear,False
genuine,medical,genuine/medicals/medical_505.pdf,medical,False,5,True,0,0,0,0,clear,False
genuine,medical,genuine/medicals/medical_506.pdf,medical,False,7,True,0,0,0,0,clear,False
genuine,medical,genuine/medicals/medical_507.pdf,medical,False,6,True,0,0,0,0,clear,False
genuine,medical,genuine/medicals/medical_508.pdf,medical,False,7,True,0,0,0,0,clear,False
genuine,medical,genuine/medicals/medical_509.pdf,medical,False,6,True,0,0,0,0,clear,False
genuine,medical,genuine/medicals/medical_510.pdf,medical,False,7,True,0,0,0,0,clear,False
genuine,medical,genuine/medicals/medical_511.pdf,medical,False,3,True,0,0,0,0,clear,False
genuine,medical,genuine/medicals/medical_512.pdf,medical,False,7,True,0,0,0,0,clear,False
genuine,medical,genuine/medicals/medical_513.pdf,medical,False,4,True,0,0,0,0,clear,False
genuine,medical,genuine/medicals/medical_514.pdf,medical,False,3,True,0,0,0,0,clear,False
genuine,medical,genuine/medicals/medical_515.pdf,medical,False,4,True,0,0,0,0,clear,False
genuine,medical,genuine/medicals/medical_516.pdf,medical,False,3,True,0,0,0,0,clear,False
genuine,medical,genuine/medicals/medical_517.pdf,medical,False,4,True,0,0,0,0,clear,False
genuine,medical,genuine/medicals/medical_518.pdf,medical,False,3,True,0,0,0,0,clear,False
genuine,medical,genuine/medicals/medical_519.pdf,medical,False,3,True,0,0,0,0,clear,False
genuine,medical,genuine/medicals/medical_520.pdf,medical,False,3,True,0,0,0,0,clear,False
genuine,medical,genuine/medicals/medical_521.pdf,medical,False,5,True,0,0,0,0,clear,False
genuine,medical,genuine/medicals/medical_522.pdf,medical,False,7,True,0,0,0,0,clear,False
genuine,medical,genuine/medicals/medical_523.pdf,medical,False,3,True,0,0,0,0,clear,False
genuine,medical,genuine/medicals/medical_524.pdf,medical,False,4,True,0,0,0,0,clear,False
genuine,medical,genuine/medicals/medical_525.pdf,medical,False,4,True,0,0,0,0,clear,False
genuine,medical,genuine/medicals/medical_526.pdf,medical,False,5,True,0,0,0,0,clear,False
genuine,medical,genuine/medicals/medical_527.pdf,medical,False,5,True,0,0,0,0,clear,False
genuine,medical,genuine/medicals/medical_528.pdf,medical,False,5,True,0,0,0,0,clear,False
genuine,medical,genuine/medicals/medical_529.pdf,medical,False,7,True,0,0,0,0,clear,False
genuine,medical,genuine/medicals/medical_530.pdf,medical,False,6,True,0,0,0,0,clear,False
genuine,medical,genuine/medicals/medical_531.pdf,medical,False,6,True,0,0,0,0,clear,False
genuine,medical,genuine/medicals/medical_532.pdf,medical,False,6,True,0,0,0,0,clear,False
genuine,medical,genuine/medicals/medical_533.pdf,medical,False,7,True,0,0,0,0,clear,False
genuine,medical,genuine/medicals/medical_534.pdf,medical,False,7,True,0,0,0,0,clear,False
genuine,medical,genuine/medicals/medical_535.pdf,medical,False,5,True,0,0,0,0,clear,False
genuine,medical,genuine/medicals/medical_536.pdf,medical,False,7,True,0,0,0,0,clear,False
genuine,medical,genuine/medicals/medical_537.pdf,medical,False,6,True,0,0,0,0,clear,False
genuine,medical,genuine/medicals/medical_538.pdf,medical,False,5,True,0,0,0,0,clear,False
genuine,medical,genuine/medicals/medical_539.pdf,medical,False,7,True,0,0,0,0,clear,False
genuine,medical,genuine/medicals/medical_540.pdf,medical,False,3,True,0,0,0,0,clear,False
genuine,medical,genuine/medicals/medical_541.pdf,medical,False,7,True,0,0,0,0,clear,False
genuine,medical,genuine/medicals/medical_542.pdf,medical,False,5,True,0,0,0,0,clear,False
genuine,medical,genuine/medicals/medical_543.pdf,medical,False,6,True,0,0,0,0,clear,False
genuine,medical,genuine/medicals/medical_544.pdf,medical,False,5,True,0,0,0,0,clear,False
genuine,medical,genuine/medicals/medical_545.pdf,medical,False,5,True,0,0,0,0,clear,False
genuine,medical,genuine/medicals/medical_546.pdf,medical,False,4,True,0,0,0,0,clear,False
genuine,medical,genuine/medicals/medical_547.pdf,medical,False,7,True,0,0,0,0,clear,False
genuine,medical,genuine/medicals/medical_548.pdf,medical,False,7,True,0,0,0,0,clear,False
genuine,medical,genuine/medicals/medical_549.pdf,medical,False,7,True,0,0,0,0,clear,False
genuine,medical,genuine/medicals/medical_550.pdf,medical,False,4,True,0,0,0,0,clear,False
genuine,medical,genuine/medicals/medical_551.pdf,medical,False,3,True,0,0,0,0,clear,False
genuine,medical,genuine/medicals/medical_552.pdf,medical,False,6,True,0,0,0,0,clear,False
genuine,medical,genuine/medicals/medical_553.pdf,medical,False,4,True,0,0,0,0,clear,False
genuine,medical,genuine/medicals/medical_554.pdf,medical,False,7,True,0,0,0,0,clear,False
genuine,medical,genuine/medicals/medical_555.pdf,medical,False,5,True,0,0,0,0,clear,False
genuine,medical,genuine/medicals/medical_556.pdf,medical,False,6,True,0,0,0,0,clear,False
genuine,medical,genuine/medicals/medical_557.pdf,medical,False,6,True,0,0,0,0,clear,False
genuine,medical,genuine/medicals/medical_558.pdf,medical,False,4,True,0,0,0,0,clear,False
genuine,medical,genuine/medicals/medical_559.pdf,medical,False,3,True,0,0,0,0,clear,False
genuine,medical,genuine/medicals/medical_560.pdf,medical,False,5,True,0,0,0,0,clear,False
genuine,medical,genuine/medicals/medical_561.pdf,medical,False,5,True,0,0,0,0,clear,False
genuine,medical,genuine/medicals/medical_562.pdf,medical,False,5,True,0,0,0,0,clear,False
genuine,medical,genuine/medicals/medical_563.pdf,medical,False,4,True,0,0,0,0,clear,False
genuine,medical,genuine/medicals/medical_564.pdf,medical,False,7,True,0,0,0,0,clear,False
genuine,medical,genuine/medicals/medical_565.pdf,medical,False,4,True,0,0,0,0,clear,False
genuine,medical,genuine/medicals/medical_566.pdf,medical,False,5,True,0,0,0,0,clear,False
genuine,medical,genuine/medicals/medical_567.pdf,medical,False,5,True,0,0,0,0,clear,False
genuine,medical,genuine/medicals/medical_568.pdf,medical,False,6,True,0,0,0,0,clear,False
genuine,medical,genuine/medicals/medical_569.pdf,medical,False,5,True,0,0,0,0,clear,False
genuine,medical,genuine/medicals/medical_570.pdf,medical,False,4,True,0,0,0,0,clear,False
genuine,medical,genuine/medicals/medical_571.pdf,medical,False,3,True,0,0,0,0,clear,False
genuine,medical,genuine/medicals/medical_572.pdf,medical,False,5,True,0,0,0,0,clear,False
genuine,medical,genuine/medicals/medical_573.pdf,medical,False,7,True,0,0,0,0,clear,False
genuine,medical,genuine/medicals/medical_574.pdf,medical,False,4,True,0,0,0,0,clear,False
genuine,medical,genuine/medicals/medical_575.pdf,medical,False,6,True,0,0,0,0,clear,False
genuine,medical,genuine/medicals/medical_576.pdf,medical,False,4,True,0,0,0,0,clear,False
genuine,medical,genuine/medicals/medical_577.pdf,medical,False,4,True,0,0,0,0,clear,False
genuine,medical,genuine/medicals/medical_578.pdf,medical,False,5,True,0,0,0,0,clear,False
genuine,medical,genuine/medicals/medical_579.pdf,medical,False,5,True,0,0,0,0,clear,False
genuine,medical,genuine/medicals/medical_580.pdf,medical,False,5,True,0,0,0,0,clear,False
genuine,medical,genuine/medicals/medical_581.pdf,medical,False,6,True,0,0,0,0,clear,False
genuine,medical,genuine/medicals/medical_582.pdf,medical,False,5,True,0,0,0,0,clear,False
genuine,medical,genuine/medicals/medical_583.pdf,medical,False,5,True,0,0,0,0,clear,False
genuine,medical,genuine/medicals/medical_584.pdf,medical,False,5,True,0,0,0,0,clear,False
genuine,medical,genuine/medicals/medical_585.pdf,medical,False,4,True,0,0,0,0,clear,False
genuine,medical,genuine/medicals/medical_586.pdf,medical,False,7,True,0,0,0,0,clear,False
genuine,medical,genuine/medicals/medical_587.pdf,medical,False,5,True,0,0,0,0,clear,False
genuine,medical,genuine/medicals/medical_588.pdf,medical,False,7,True,0,0,0,0,clear,False
genuine,medical,genuine/medicals/medical_589.pdf,medical,False,7,True,0,0,0,0,clear,False
genuine,medical,genuine/medicals/medical_590.pdf,medical,False,7,True,0,0,0,0,clear,False
genuine,medical,genuine/medicals/medical_591.pdf,medical,False,4,True,0,0,0,0,clear,False
genuine,medical,genuine/medicals/medical_592.pdf,medical,False,6,True,0,0,0,0,clear,False
genuine,medical,genuine/medicals/medical_593.pdf,medical,False,4,True,0,0,0,0,clear,False
genuine,medical,genuine/medicals/medical_594.pdf,medical,False,7,True,0,0,0,0,clear,False
genuine,medical,genuine/medicals/medical_595.pdf,medical,False,7,True,0,0,0,0,clear,False
genuine,medical,genuine/medicals/medical_596.pdf,medical,False,5,True,0,0,0,0,clear,False
genuine,medical,genuine/medicals/medical_597.pdf,medical,False,6,True,0,0,0,0,clear,False
genuine,medical,genuine/medicals/medical_598.pdf,medical,False,4,True,0,0,0,0,clear,False
genuine,medical,genuine/medicals/medical_599.pdf,medical,False,7,True,0,0,0,0,clear,False
genuine,medical,genuine/medicals/medical_600.pdf,medical,False,4,True,0,0,0,0,clear,False
genuine,medical,genuine/medicals/medical_601.pdf,medical,False,3,True,0,0,0,0,clear,False
genuine,medical,genuine/medicals/medical_602.pdf,medical,False,7,True,0,0,0,0,clear,False
genuine,medical,genuine/medicals/medical_603.pdf,medical,False,6,True,0,0,0,0,clear,False
genuine,medical,genuine/medicals/medical_604.pdf,medical,False,6,True,0,0,0,0,clear,False
genuine,medical,genuine/medicals/medical_605.pdf,medical,False,7,True,0,0,0,0,clear,False
genuine,medical,genuine/medicals/medical_606.pdf,medical,False,7,True,0,0,0,0,clear,False
genuine,medical,genuine/medicals/medical_607.pdf,medical,False,7,True,0,0,0,0,clear,False
genuine,medical,genuine/medicals/medical_608.pdf,medical,False,3,True,0,0,0,0,clear,False
genuine,medical,genuine/medicals/medical_609.pdf,medical,False,5,True,0,0,0,0,clear,False
genuine,medical,genuine/medicals/medical_610.pdf,medical,False,7,True,0,0,0,0,clear,False
genuine,medical,genuine/medicals/medical_611.pdf,medical,False,6,True,0,0,0,0,clear,False
genuine,medical,genuine/medicals/medical_612.pdf,medical,False,6,True,0,0,0,0,clear,False
genuine,medical,genuine/medicals/medical_613.pdf,medical,False,7,True,0,0,0,0,clear,False
genuine,medical,genuine/medicals/medical_614.pdf,medical,False,6,True,0,0,0,0,clear,False
genuine,medical,genuine/medicals/medical_615.pdf,medical,False,3,True,0,0,0,0,clear,False
genuine,medical,genuine/medicals/medical_616.pdf,medical,False,7,True,0,0,0,0,clear,False
genuine,medical,genuine/medicals/medical_617.pdf,medical,False,7,True,0,0,0,0,clear,False
genuine,medical,genuine/medicals/medical_618.pdf,medical,False,3,True,0,0,0,0,clear,False
genuine,medical,genuine/medicals/medical_619.pdf,medical,False,4,True,0,0,0,0,clear,False
genuine,medical,genuine/medicals/medical_620.pdf,medical,False,4,True,0,0,0,0,clear,False
genuine,medical,genuine/medicals/medical_621.pdf,medical,False,5,True,0,0,0,0,clear,False
genuine,medical,genuine/medicals/medical_622.pdf,medical,False,4,True,0,0,0,0,clear,False
genuine,medical,genuine/medicals/medical_623.pdf,medical,False,7,True,0,0,0,0,clear,False
genuine,medical,genuine/medicals/medical_624.pdf,medical,False,7,True,0,0,0,0,clear,False
genuine,medical,genuine/medicals/medical_625.pdf,medical,False,3,True,0,0,0,0,clear,False
genuine,medical,genuine/medicals/medical_626.pdf,medical,False,6,True,0,0,0,0,clear,False
genuine,medical,genuine/medicals/medical_627.pdf,medical,False,5,True,0,0,0,0,clear,False
genuine,medical,genuine/medicals/medical_628.pdf,medical,False,6,True,0,0,0,0,clear,False
genuine,medical,genuine/medicals/medical_629.pdf,medical,False,6,True,0,0,0,0,clear,False
genuine,medical,genuine/medicals/medical_630.pdf,medical,False,7,True,0,0,0,0,clear,False
genuine,medical,genuine/medicals/medical_631.pdf,medical,False,7,True,0,0,0,0,clear,False
genuine,medical,genuine/medicals/medical_632.pdf,medical,False,5,True,0,0,0,0,clear,False
genuine,medical,genuine/medicals/medical_633.pdf,medical,False,3,True,0,0,0,0,clear,False
genuine,medical,genuine/medicals/medical_634.pdf,medical,False,3,True,0,0,0,0,clear,False
genuine,medical,genuine/medicals/medical_635.pdf,medical,False,3,True,0,0,0,0,clear,False
genuine,medical,genuine/medicals/medical_636.pdf,medical,False,4,True,0,0,0,0,clear,False
genuine,medical,genuine/medicals/medical_637.pdf,medical,False,7,True,0,0,0,0,clear,False
genuine,medical,genuine/medicals/medical_638.pdf,medical,False,6,True,0,0,0,0,clear,False
genuine,medical,genuine/medicals/medical_639.pdf,medical,False,7,True,0,0,0,0,clear,False
genuine,medical,genuine/medicals/medical_640.pdf,medical,False,7,True,0,0,0,0,clear,False
genuine,medical,genuine/medicals/medical_641.pdf,medical,False,5,True,0,0,0,0,clear,False
genuine,medical,genuine/medicals/medical_642.pdf,medical,False,6,True,0,0,0,0,clear,False
genuine,medical,genuine/medicals/medical_643.pdf,medical,False,6,True,0,0,0,0,clear,False
genuine,medical,genuine/medicals/medical_644.pdf,medical,False,4,True,0,0,0,0,clear,False
genuine,medical,genuine/medicals/medical_645.pdf,medical,False,6,True,0,0,0,0,clear,False
genuine,medical,genuine/medicals/medical_646.pdf,medical,False,3,True,0,0,0,0,clear,False
genuine,medical,genuine/medicals/medical_647.pdf,medical,False,6,True,0,0,0,0,clear,False
genuine,medical,genuine/medicals/medical_648.pdf,medical,False,7,True,0,0,0,0,clear,False
genuine,medical,genuine/medicals/medical_649.pdf,medical,False,4,True,0,0,0,0,clear,False
genuine,medical,genuine/medicals/medical_650.pdf,medical,False,5,True,0,0,0,0,clear,False
genuine,medical,genuine/medicals/medical_651.pdf,medical,False,6,True,0,0,0,0,clear,False
genuine,medical,genuine/medicals/medical_652.pdf,medical,False,6,True,0,0,0,0,clear,False
genuine,medical,genuine/medicals/medical_653.pdf,medical,False,5,True,0,0,0,0,clear,False
genuine,medical,genuine/medicals/medical_654.pdf,medical,False,3,True,0,0,0,0,clear,False
genuine,medical,genuine/medicals/medical_655.pdf,medical,False,6,True,0,0,0,0,clear,False
genuine,medical,genuine/medicals/medical_656.pdf,medical,False,6,True,0,0,0,0,clear,False
genuine,medical,genuine/medicals/medical_657.pdf,medical,False,3,True,0,0,0,0,clear,False
genuine,medical,genuine/medicals/medical_658.pdf,medical,False,3,True,0,0,0,0,clear,False
genuine,medical,genuine/medicals/medical_659.pdf,medical,False,4,True,0,0,0,0,clear,False
genuine,medical,genuine/medicals/medical_660.pdf,medical,False,6,True,0,0,0,0,clear,False
genuine,medical,genuine/medicals/medical_661.pdf,medical,False,7,True,0,0,0,0,clear,False
genuine,medical,genuine/medicals/medical_662.pdf,medical,False,5,True,0,0,0,0,clear,False
genuine,medical,genuine/medicals/medical_663.pdf,medical,False,5,True,0,0,0,0,clear,False
genuine,medical,genuine/medicals/medical_664.pdf,medical,False,5,True,0,0,0,0,clear,False
genuine,medical,genuine/medicals/medical_665.pdf,medical,False,6,True,0,0,0,0,clear,False
genuine,medical,genuine/medicals/medical_666.pdf,medical,False,7,True,0,0,0,0,clear,False
genuine,medical,genuine/medicals/medical_667.pdf,medical,False,5,True,0,0,0,0,clear,False
genuine,medical,genuine/medicals/medical_668.pdf,medical,False,7,True,0,0,0,0,clear,False
genuine,medical,genuine/medicals/medical_669.pdf,medical,False,7,True,0,0,0,0,clear,False
genuine,medical,genuine/medicals/medical_670.pdf,medical,False,7,True,0,0,0,0,clear,False
genuine,medical,genuine/medicals/medical_671.pdf,medical,False,6,True,0,0,0,0,clear,False
genuine,medical,genuine/medicals/medical_672.pdf,medical,False,4,True,0,0,0,0,clear,False
genuine,medical,genuine/medicals/medical_673.pdf,medical,False,4,True,0,0,0,0,clear,False
genuine,medical,genuine/medicals/medical_674.pdf,medical,False,4,True,0,0,0,0,clear,False
genuine,medical,genuine/medicals/medical_675.pdf,medical,False,4,True,0,0,0,0,clear,False
genuine,medical,genuine/medicals/medical_676.pdf,medical,False,4,True,0,0,0,0,clear,False
genuine,medical,genuine/medicals/medical_677.pdf,medical,False,5,True,0,0,0,0,clear,False
genuine,medical,genuine/medicals/medical_678.pdf,medical,False,5,True,0,0,0,0,clear,False
genuine,medical,genuine/medicals/medical_679.pdf,medical,False,6,True,0,0,0,0,clear,False
genuine,medical,genuine/medicals/medical_680.pdf,medical,False,5,True,0,0,0,0,clear,False
genuine,medical,genuine/medicals/medical_681.pdf,medical,False,3,True,0,0,0,0,clear,False
genuine,medical,genuine/medicals/medical_682.pdf,medical,False,3,True,0,0,0,0,clear,False
genuine,medical,genuine/medicals/medical_683.pdf,medical,False,6,True,0,0,0,0,clear,False
genuine,medical,genuine/medicals/medical_684.pdf,medical,False,6,True,0,0,0,0,clear,False
genuine,medical,genuine/medicals/medical_685.pdf,medical,False,5,True,0,0,0,0,clear,False
genuine,medical,genuine/medicals/medical_686.pdf,medical,False,4,True,0,0,0,0,clear,False
genuine,medical,genuine/medicals/medical_687.pdf,medical,False,4,True,0,0,0,0,clear,False
genuine,medical,genuine/medicals/medical_688.pdf,medical,False,7,True,0,0,0,0,clear,False
genuine,medical,genuine/medicals/medical_689.pdf,medical,False,7,True,0,0,0,0,clear,False
genuine,medical,genuine/medicals/medical_690.pdf,medical,False,3,True,0,0,0,0,clear,False
genuine,medical,genuine/medicals/medical_691.pdf,medical,False,6,True,0,0,0,0,clear,False
genuine,medical,genuine/medicals/medical_692.pdf,medical,False,3,True,0,0,0,0,clear,False
genuine,medical,genuine/medicals/medical_693.pdf,medical,False,6,True,0,0,0,0,clear,False
genuine,medical,genuine/medicals/medical_694.pdf,medical,False,6,True,0,0,0,0,clear,False
genuine,medical,genuine/medicals/medical_695.pdf,medical,False,6,True,0,0,0,0,clear,False
genuine,medical,genuine/medicals/medical_696.pdf,medical,False,4,True,0,0,0,0,clear,False
genuine,medical,genuine/medicals/medical_697.pdf,medical,False,3,True,0,0,0,0,clear,False
genuine,medical,genuine/medicals/medical_698.pdf,medical,False,4,True,0,0,0,0,clear,False
genuine,medical,genuine/medicals/medical_699.pdf,medical,False,3,True,0,0,0,0,clear,False
genuine,medical,genuine/medicals/medical_700.pdf,medical,False,3,True,0,0,0,0,clear,False
genuine,medical,genuine/medicals/medical_701.pdf,medical,False,6,True,0,0,0,0,clear,False
genuine,medical,genuine/medicals/medical_702.pdf,medical,False,5,True,0,0,0,0,clear,False
genuine,medical,genuine/medicals/medical_703.pdf,medical,False,3,True,0,0,0,0,clear,False
genuine,medical,genuine/medicals/medical_704.pdf,medical,False,3,True,0,0,0,0,clear,False
genuine,medical,genuine/medicals/medical_705.pdf,medical,False,4,True,0,0,0,0,clear,False
genuine,medical,genuine/medicals/medical_706.pdf,medical,False,5,True,0,0,0,0,clear,False
genuine,medical,genuine/medicals/medical_707.pdf,medical,False,3,True,0,0,0,0,clear,False
genuine,medical,genuine/medicals/medical_708.pdf,medical,False,4,True,0,0,0,0,clear,False
genuine,medical,genuine/medicals/medical_709.pdf,medical,False,3,True,0,0,0,0,clear,False
genuine,medical,genuine/medicals/medical_710.pdf,medical,False,6,True,0,0,0,0,clear,False
genuine,medical,genuine/medicals/medical_711.pdf,medical,False,4,True,0,0,0,0,clear,False
genuine,medical,genuine/medicals/medical_712.pdf,medical,False,4,True,0,0,0,0,clear,False
genuine,medical,genuine/medicals/medical_713.pdf,medical,False,7,True,0,0,0,0,clear,False
genuine,medical,genuine/medicals/medical_714.pdf,medical,False,5,True,0,0,0,0,clear,False
genuine,medical,genuine/medicals/medical_715.pdf,medical,False,3,True,0,0,0,0,clear,False
genuine,medical,genuine/medicals/medical_716.pdf,medical,False,7,True,0,0,0,0,clear,False
genuine,medical,genuine/medicals/medical_717.pdf,medical,False,3,True,0,0,0,0,clear,False
genuine,medical,genuine/medicals/medical_718.pdf,medical,False,5,True,0,0,0,0,clear,False
genuine,medical,genuine/medicals/medical_719.pdf,medical,False,6,True,0,0,0,0,clear,False
genuine,medical,genuine/medicals/medical_720.pdf,medical,False,6,True,0,0,0,0,clear,False
genuine,medical,genuine/medicals/medical_721.pdf,medical,False,5,True,0,0,0,0,clear,False
genuine,medical,genuine/medicals/medical_722.pdf,medical,False,4,True,0,0,0,0,clear,False
genuine,medical,genuine/medicals/medical_723.pdf,medical,False,7,True,0,0,0,0,clear,False
genuine,medical,genuine/medicals/medical_724.pdf,medical,False,7,True,0,0,0,0,clear,False
genuine,medical,genuine/medicals/medical_725.pdf,medical,False,3,True,0,0,0,0,clear,False
genuine,medical,genuine/medicals/medical_726.pdf,medical,False,7,True,0,0,0,0,clear,False
genuine,medical,genuine/medicals/medical_727.pdf,medical,False,5,True,0,0,0,0,clear,False
genuine,medical,genuine/medicals/medical_728.pdf,medical,False,6,True,0,0,0,0,clear,False
genuine,medical,genuine/medicals/medical_729.pdf,medical,False,7,True,0,0,0,0,clear,False
genuine,medical,genuine/medicals/medical_730.pdf,medical,False,4,True,0,0,0,0,clear,False
genuine,medical,genuine/medicals/medical_731.pdf,medical,False,4,True,0,0,0,0,clear,False
genuine,medical,genuine/medicals/medical_732.pdf,medical,False,5,True,0,0,0,0,clear,False
genuine,medical,genuine/medicals/medical_733.pdf,medical,False,3,True,0,0,0,0,clear,False
genuine,medical,genuine/medicals/medical_734.pdf,medical,False,4,True,0,0,0,0,clear,False
genuine,medical,genuine/medicals/medical_735.pdf,medical,False,3,True,0,0,0,0,clear,False
genuine,medical,genuine/medicals/medical_736.pdf,medical,False,7,True,0,0,0,0,clear,False
genuine,medical,genuine/medicals/medical_737.pdf,medical,False,3,True,0,0,0,0,clear,False
genuine,medical,genuine/medicals/medical_738.pdf,medical,False,4,True,0,0,0,0,clear,False
genuine,medical,genuine/medicals/medical_739.pdf,medical,False,6,True,0,0,0,0,clear,False
genuine,medical,genuine/medicals/medical_740.pdf,medical,False,3,True,0,0,0,0,clear,False
genuine,medical,genuine/medicals/medical_741.pdf,medical,False,5,True,0,0,0,0,clear,False
genuine,medical,genuine/medicals/medical_742.pdf,medical,False,6,True,0,0,0,0,clear,False
genuine,medical,genuine/medicals/medical_743.pdf,medical,False,3,True,0,0,0,0,clear,False
genuine,medical,genuine/medicals/medical_744.pdf,medical,False,6,True,0,0,0,0,clear,False
genuine,medical,genuine/medicals/medical_745.pdf,medical,False,3,True,0,0,0,0,clear,False
genuine,medical,genuine/medicals/medical_746.pdf,medical,False,3,True,0,0,0,0,clear,False
genuine,medical,genuine/medicals/medical_747.pdf,medical,False,7,True,0,0,0,0,clear,False
genuine,medical,genuine/medicals/medical_748.pdf,medical,False,5,True,0,0,0,0,clear,False
genuine,medical,genuine/medicals/medical_749.pdf,medical,False,4,True,0,0,0,0,clear,False
genuine,medical,genuine/medicals/medical_750.pdf,medical,False,5,True,0,0,0,0,clear,False
genuine,medical,genuine/medicals/medical_751.pdf,medical,False,5,True,0,0,0,0,clear,False
genuine,medical,genuine/medicals/medical_752.pdf,medical,False,3,True,0,0,0,0,clear,False
genuine,medical,genuine/medicals/medical_753.pdf,medical,False,3,True,0,0,0,0,clear,False
genuine,medical,genuine/medicals/medical_754.pdf,medical,False,7,True,0,0,0,0,clear,False
genuine,medical,genuine/medicals/medical_755.pdf,medical,False,6,True,0,0,0,0,clear,False
genuine,medical,genuine/medicals/medical_756.pdf,medical,False,3,True,0,0,0,0,clear,False
genuine,medical,genuine/medicals/medical_757.pdf,medical,False,5,True,0,0,0,0,clear,False
genuine,medical,genuine/medicals/medical_758.pdf,medical,False,5,True,0,0,0,0,clear,False
genuine,medical,genuine/medicals/medical_759.pdf,medical,False,5,True,0,0,0,0,clear,False
genuine,medical,genuine/medicals/medical_760.pdf,medical,False,4,True,0,0,0,0,clear,False
genuine,medical,genuine/medicals/medical_761.pdf,medical,False,5,True,0,0,0,0,clear,False
genuine,medical,genuine/medicals/medical_762.pdf,medical,False,3,True,0,0,0,0,clear,False
genuine,medical,genuine/medicals/medical_763.pdf,medical,False,5,True,0,0,0,0,clear,False
genuine,medical,genuine/medicals/medical_764.pdf,medical,False,6,True,0,0,0,0,clear,False
genuine,medical,genuine/medicals/medical_765.pdf,medical,False,6,True,0,0,0,0,clear,False
genuine,medical,genuine/medicals/medical_766.pdf,medical,False,4,True,0,0,0,0,clear,False
genuine,medical,genuine/medicals/medical_767.pdf,medical,False,3,True,0,0,0,0,clear,False
genuine,medical,genuine/medicals/medical_768.pdf,medical,False,6,True,0,0,0,0,clear,False
genuine,medical,genuine/medicals/medical_769.pdf,medical,False,5,True,0,0,0,0,clear,False
genuine,medical,genuine/medicals/medical_770.pdf,medical,False,6,True,0,0,0,0,clear,False
genuine,medical,genuine/medicals/medical_771.pdf,medical,False,5,True,0,0,0,0,clear,False
genuine,medical,genuine/medicals/medical_772.pdf,medical,False,4,True,0,0,0,0,clear,False
genuine,medical,genuine/medicals/medical_773.pdf,medical,False,5,True,0,0,0,0,clear,False
genuine,medical,genuine/medicals/medical_774.pdf,medical,False,5,True,0,0,0,0,clear,False
genuine,medical,genuine/medicals/medical_775.pdf,medical,False,4,True,0,0,0,0,clear,False
genuine,medical,genuine/medicals/medical_776.pdf,medical,False,4,True,0,0,0,0,clear,False
genuine,medical,genuine/medicals/medical_777.pdf,medical,False,6,True,0,0,0,0,clear,False
genuine,medical,genuine/medicals/medical_778.pdf,medical,False,3,True,0,0,0,0,clear,False
genuine,medical,genuine/medicals/medical_779.pdf,medical,False,6,True,0,0,0,0,clear,False
genuine,medical,genuine/medicals/medical_780.pdf,medical,False,6,True,0,0,0,0,clear,False
genuine,medical,genuine/medicals/medical_781.pdf,medical,False,3,True,0,0,0,0,clear,False
genuine,medical,genuine/medicals/medical_782.pdf,medical,False,7,True,0,0,0,0,clear,False
genuine,medical,genuine/medicals/medical_783.pdf,medical,False,3,True,0,0,0,0,clear,False
genuine,medical,genuine/medicals/medical_784.pdf,medical,False,3,True,0,0,0,0,clear,False
genuine,medical,genuine/medicals/medical_785.pdf,medical,False,7,True,0,0,0,0,clear,False
genuine,medical,genuine/medicals/medical_786.pdf,medical,False,4,True,0,0,0,0,clear,False
genuine,medical,genuine/medicals/medical_787.pdf,medical,False,4,True,0,0,0,0,clear,False
genuine,medical,genuine/medicals/medical_788.pdf,medical,False,6,True,0,0,0,0,clear,False
genuine,medical,genuine/medicals/medical_789.pdf,medical,False,5,True,0,0,0,0,clear,False
genuine,medical,genuine/medicals/medical_790.pdf,medical,False,5,True,0,0,0,0,clear,False
genuine,medical,genuine/medicals/medical_791.pdf,medical,False,4,True,0,0,0,0,clear,False
genuine,medical,genuine/medicals/medical_792.pdf,medical,False,5,True,0,0,0,0,clear,False
genuine,medical,genuine/medicals/medical_793.pdf,medical,False,7,True,0,0,0,0,clear,False
genuine,medical,genuine/medicals/medical_794.pdf,medical,False,7,True,0,0,0,0,clear,False
genuine,medical,genuine/medicals/medical_795.pdf,medical,False,6,True,0,0,0,0,clear,False
genuine,medical,genuine/medicals/medical_796.pdf,medical,False,7,True,0,0,0,0,clear,False
genuine,medical,genuine/medicals/medical_797.pdf,medical,False,4,True,0,0,0,0,clear,False
genuine,medical,genuine/medicals/medical_798.pdf,medical,False,6,True,0,0,0,0,clear,False
genuine,medical,genuine/medicals/medical_799.pdf,medical,False,3,True,0,0,0,0,clear,False
genuine,medical,genuine/medicals/medical_800.pdf,medical,False,4,True,0,0,0,0,clear,False
genuine,medical,genuine/medicals/medical_801.pdf,medical,False,4,True,0,0,0,0,clear,False
genuine,medical,genuine/medicals/medical_802.pdf,medical,False,4,True,0,0,0,0,clear,False
genuine,medical,genuine/medicals/medical_803.pdf,medical,False,5,True,0,0,0,0,clear,False
genuine,medical,genuine/medicals/medical_804.pdf,medical,False,4,True,0,0,0,0,clear,False
genuine,medical,genuine/medicals/medical_805.pdf,medical,False,4,True,0,0,0,0,clear,False
genuine,medical,genuine/medicals/medical_806.pdf,medical,False,7,True,0,0,0,0,clear,False
genuine,medical,genuine/medicals/medical_807.pdf,medical,False,7,True,0,0,0,0,clear,False
genuine,medical,genuine/medicals/medical_808.pdf,medical,False,3,True,0,0,0,0,clear,False
genuine,medical,genuine/medicals/medical_809.pdf,medical,False,3,True,0,0,0,0,clear,False
genuine,medical,genuine/medicals/medical_810.pdf,medical,False,3,True,0,0,0,0,clear,False
genuine,medical,genuine/medicals/medical_811.pdf,medical,False,3,True,0,0,0,0,clear,False
genuine,medical,genuine/medicals/medical_812.pdf,medical,False,7,True,0,0,0,0,clear,False
genuine,medical,genuine/medicals/medical_813.pdf,medical,False,5,True,0,0,0,0,clear,False
genuine,medical,genuine/medicals/medical_814.pdf,medical,False,3,True,0,0,0,0,clear,False
genuine,medical,genuine/medicals/medical_815.pdf,medical,False,5,True,0,0,0,0,clear,False
genuine,medical,genuine/medicals/medical_816.pdf,medical,False,6,True,0,0,0,0,clear,False
genuine,medical,genuine/medicals/medical_817.pdf,medical,False,6,True,0,0,0,0,clear,False
genuine,medical,genuine/medicals/medical_818.pdf,medical,False,6,True,0,0,0,0,clear,False
genuine,medical,genuine/medicals/medical_819.pdf,medical,False,3,True,0,0,0,0,clear,False
genuine,medical,genuine/medicals/medical_820.pdf,medical,False,3,True,0,0,0,0,clear,False
genuine,medical,genuine/medicals/medical_821.pdf,medical,False,7,True,0,0,0,0,clear,False
genuine,medical,genuine/medicals/medical_822.pdf,medical,False,3,True,0,0,0,0,clear,False
genuine,medical,genuine/medicals/medical_823.pdf,medical,False,4,True,0,0,0,0,clear,False
genuine,medical,genuine/medicals/medical_824.pdf,medical,False,3,True,0,0,0,0,clear,False
genuine,medical,genuine/medicals/medical_825.pdf,medical,False,3,True,0,0,0,0,clear,False
genuine,medical,genuine/medicals/medical_826.pdf,medical,False,7,True,0,0,0,0,clear,False
genuine,medical,genuine/medicals/medical_827.pdf,medical,False,5,True,0,0,0,0,clear,False
genuine,medical,genuine/medicals/medical_828.pdf,medical,False,4,True,0,0,0,0,clear,False
genuine,medical,genuine/medicals/medical_829.pdf,medical,False,6,True,0,0,0,0,clear,False
genuine,medical,genuine/medicals/medical_830.pdf,medical,False,6,True,0,0,0,0,clear,False
genuine,medical,genuine/medicals/medical_831.pdf,medical,False,5,True,0,0,0,0,clear,False
genuine,medical,genuine/medicals/medical_832.pdf,medical,False,4,True,0,0,0,0,clear,False
genuine,medical,genuine/medicals/medical_833.pdf,medical,False,3,True,0,0,0,0,clear,False
genuine,medical,genuine/medicals/medical_834.pdf,medical,False,3,True,0,0,0,0,clear,False
genuine,medical,genuine/medicals/medical_835.pdf,medical,False,4,True,0,0,0,0,clear,False
genuine,medical,genuine/medicals/medical_836.pdf,medical,False,5,True,0,0,0,0,clear,False
genuine,medical,genuine/medicals/medical_837.pdf,medical,False,3,True,0,0,0,0,clear,False
genuine,medical,genuine/medicals/medical_838.pdf,medical,False,7,True,0,0,0,0,clear,False
genuine,medical,genuine/medicals/medical_839.pdf,medical,False,3,True,0,0,0,0,clear,False
genuine,medical,genuine/medicals/medical_840.pdf,medical,False,3,True,0,0,0,0,clear,False
genuine,medical,genuine/medicals/medical_841.pdf,medical,False,4,True,0,0,0,0,clear,False
genuine,medical,genuine/medicals/medical_842.pdf,medical,False,6,True,0,0,0,0,clear,False
genuine,medical,genuine/medicals/medical_843.pdf,medical,False,6,True,0,0,0,0,clear,False
genuine,medical,genuine/medicals/medical_844.pdf,medical,False,5,True,0,0,0,0,clear,False
genuine,medical,genuine/medicals/medical_845.pdf,medical,False,3,True,0,0,0,0,clear,False
genuine,medical,genuine/medicals/medical_846.pdf,medical,False,5,True,0,0,0,0,clear,False
genuine,medical,genuine/medicals/medical_847.pdf,medical,False,7,True,0,0,0,0,clear,False
genuine,medical,genuine/medicals/medical_848.pdf,medical,False,7,True,0,0,0,0,clear,False
genuine,medical,genuine/medicals/medical_849.pdf,medical,False,7,True,0,0,0,0,clear,False
genuine,medical,genuine/medicals/medical_850.pdf,medical,False,3,True,0,0,0,0,clear,False
genuine,medical,genuine/medicals/medical_851.pdf,medical,False,7,True,0,0,0,0,clear,False
genuine,medical,genuine/medicals/medical_852.pdf,medical,False,5,True,0,0,0,0,clear,False
genuine,medical,genuine/medicals/medical_853.pdf,medical,False,7,True,0,0,0,0,clear,False
genuine,medical,genuine/medicals/medical_854.pdf,medical,False,3,True,0,0,0,0,clear,False
genuine,medical,genuine/medicals/medical_855.pdf,medical,False,5,True,0,0,0,0,clear,False
genuine,medical,genuine/medicals/medical_856.pdf,medical,False,4,True,0,0,0,0,clear,False
genuine,medical,genuine/medicals/medical_857.pdf,medical,False,3,True,0,0,0,0,clear,False
genuine,medical,genuine/medicals/medical_858.pdf,medical,False,3,True,0,0,0,0,clear,False
genuine,medical,genuine/medicals/medical_859.pdf,medical,False,6,True,0,0,0,0,clear,False
genuine,medical,genuine/medicals/medical_860.pdf,medical,False,3,True,0,0,0,0,clear,False
genuine,medical,genuine/medicals/medical_861.pdf,medical,False,4,True,0,0,0,0,clear,False
genuine,medical,genuine/medicals/medical_862.pdf,medical,False,5,True,0,0,0,0,clear,False
genuine,medical,genuine/medicals/medical_863.pdf,medical,False,6,True,0,0,0,0,clear,False
genuine,medical,genuine/medicals/medical_864.pdf,medical,False,4,True,0,0,0,0,clear,False
genuine,medical,genuine/medicals/medical_865.pdf,medical,False,7,True,0,0,0,0,clear,False
genuine,medical,genuine/medicals/medical_866.pdf,medical,False,7,True,0,0,0,0,clear,False
genuine,medical,genuine/medicals/medical_867.pdf,medical,False,6,True,0,0,0,0,clear,False
genuine,medical,genuine/medicals/medical_868.pdf,medical,False,6,True,0,0,0,0,clear,False
genuine,medical,genuine/medicals/medical_869.pdf,medical,False,4,True,0,0,0,0,clear,False
genuine,medical,genuine/medicals/medical_870.pdf,medical,False,6,True,0,0,0,0,clear,False
genuine,medical,genuine/medicals/medical_871.pdf,medical,False,4,True,0,0,0,0,clear,False
genuine,medical,genuine/medicals/medical_872.pdf,medical,False,6,True,0,0,0,0,clear,False
genuine,medical,genuine/medicals/medical_873.pdf,medical,False,3,True,0,0,0,0,clear,False
genuine,medical,genuine/medicals/medical_874.pdf,medical,False,7,True,0,0,0,0,clear,False
genuine,medical,genuine/medicals/medical_875.pdf,medical,False,5,True,0,0,0,0,clear,False
genuine,medical,genuine/medicals/medical_876.pdf,medical,False,3,True,0,0,0,0,clear,False
genuine,medical,genuine/medicals/medical_877.pdf,medical,False,6,True,0,0,0,0,clear,False
genuine,medical,genuine/medicals/medical_878.pdf,medical,False,5,True,0,0,0,0,clear,False
genuine,medical,genuine/medicals/medical_879.pdf,medical,False,5,True,0,0,0,0,clear,False
genuine,medical,genuine/medicals/medical_880.pdf,medical,False,7,True,0,0,0,0,clear,False
genuine,medical,genuine/medicals/medical_881.pdf,medical,False,5,True,0,0,0,0,clear,False
genuine,medical,genuine/medicals/medical_882.pdf,medical,False,3,True,0,0,0,0,clear,False
genuine,medical,genuine/medicals/medical_883.pdf,medical,False,4,True,0,0,0,0,clear,False
genuine,medical,genuine/medicals/medical_884.pdf,medical,False,4,True,0,0,0,0,clear,False
genuine,medical,genuine/medicals/medical_885.pdf,medical,False,4,True,0,0,0,0,clear,False
genuine,medical,genuine/medicals/medical_886.pdf,medical,False,3,True,0,0,0,0,clear,False
genuine,medical,genuine/medicals/medical_887.pdf,medical,False,7,True,0,0,0,0,clear,False
genuine,medical,genuine/medicals/medical_888.pdf,medical,False,3,True,0,0,0,0,clear,False
genuine,medical,genuine/medicals/medical_889.pdf,medical,False,3,True,0,0,0,0,clear,False
genuine,medical,genuine/medicals/medical_890.pdf,medical,False,7,True,0,0,0,0,clear,False
genuine,medical,genuine/medicals/medical_891.pdf,medical,False,6,True,0,0,0,0,clear,False
genuine,medical,genuine/medicals/medical_892.pdf,medical,False,3,True,0,0,0,0,clear,False
genuine,medical,genuine/medicals/medical_893.pdf,medical,False,3,True,0,0,0,0,clear,False
genuine,medical,genuine/medicals/medical_894.pdf,medical,False,6,True,0,0,0,0,clear,False
genuine,medical,genuine/medicals/medical_895.pdf,medical,False,3,True,0,0,0,0,clear,False
genuine,medical,genuine/medicals/medical_896.pdf,medical,False,3,True,0,0,0,0,clear,False
genuine,medical,genuine/medicals/medical_897.pdf,medical,False,3,True,0,0,0,0,clear,False
genuine,medical,genuine/medicals/medical_898.pdf,medical,False,4,True,0,0,0,0,clear,False
genuine,medical,genuine/medicals/medical_899.pdf,medical,False,6,True,0,0,0,0,clear,False
genuine,medical,genuine/medicals/medical_900.pdf,medical,False,7,True,0,0,0,0,clear,False
genuine,medical,genuine/medicals/medical_901.pdf,medical,False,3,True,0,0,0,0,clear,False
genuine,medical,genuine/medicals/medical_902.pdf,medical,False,6,True,0,0,0,0,clear,False
genuine,medical,genuine/medicals/medical_903.pdf,medical,False,7,True,0,0,0,0,clear,False
genuine,medical,genuine/medicals/medical_904.pdf,medical,False,7,True,0,0,0,0,clear,False
genuine,medical,genuine/medicals/medical_905.pdf,medical,False,6,True,0,0,0,0,clear,False
genuine,medical,genuine/medicals/medical_906.pdf,medical,False,7,True,0,0,0,0,clear,False
genuine,medical,genuine/medicals/medical_907.pdf,medical,False,3,True,0,0,0,0,clear,False
genuine,medical,genuine/medicals/medical_908.pdf,medical,False,6,True,0,0,0,0,clear,False
genuine,medical,genuine/medicals/medical_909.pdf,medical,False,4,True,0,0,0,0,clear,False
genuine,medical,genuine/medicals/medical_910.pdf,medical,False,5,True,0,0,0,0,clear,False
genuine,medical,genuine/medicals/medical_911.pdf,medical,False,7,True,0,0,0,0,clear,False
genuine,medical,genuine/medicals/medical_912.pdf,medical,False,7,True,0,0,0,0,clear,False
genuine,medical,genuine/medicals/medical_913.pdf,medical,False,6,True,0,0,0,0,clear,False
genuine,medical,genuine/medicals/medical_914.pdf,medical,False,3,True,0,0,0,0,clear,False
genuine,medical,genuine/medicals/medical_915.pdf,medical,False,7,True,0,0,0,0,clear,False
genuine,medical,genuine/medicals/medical_916.pdf,medical,False,3,True,0,0,0,0,clear,False
genuine,medical,genuine/medicals/medical_917.pdf,medical,False,3,True,0,0,0,0,clear,False
genuine,medical,genuine/medicals/medical_918.pdf,medical,False,7,True,0,0,0,0,clear,False
genuine,medical,genuine/medicals/medical_919.pdf,medical,False,4,True,0,0,0,0,clear,False
genuine,medical,genuine/medicals/medical_920.pdf,medical,False,4,True,0,0,0,0,clear,False
genuine,medical,genuine/medicals/medical_921.pdf,medical,False,5,True,0,0,0,0,clear,False
genuine,medical,genuine/medicals/medical_922.pdf,medical,False,7,True,0,0,0,0,clear,False
genuine,medical,genuine/medicals/medical_923.pdf,medical,False,3,True,0,0,0,0,clear,False
genuine,medical,genuine/medicals/medical_924.pdf,medical,False,7,True,0,0,0,0,clear,False
genuine,medical,genuine/medicals/medical_925.pdf,medical,False,4,True,0,0,0,0,clear,False
genuine,medical,genuine/medicals/medical_926.pdf,medical,False,4,True,0,0,0,0,clear,False
genuine,medical,genuine/medicals/medical_927.pdf,medical,False,5,True,0,0,0,0,clear,False
genuine,medical,genuine/medicals/medical_928.pdf,medical,False,5,True,0,0,0,0,clear,False
genuine,medical,genuine/medicals/medical_929.pdf,medical,False,6,True,0,0,0,0,clear,False
genuine,medical,genuine/medicals/medical_930.pdf,medical,False,7,True,0,0,0,0,clear,False
genuine,medical,genuine/medicals/medical_931.pdf,medical,False,6,True,0,0,0,0,clear,False
genuine,medical,genuine/medicals/medical_932.pdf,medical,False,5,True,0,0,0,0,clear,False
genuine,medical,genuine/medicals/medical_933.pdf,medical,False,6,True,0,0,0,0,clear,False
genuine,medical,genuine/medicals/medical_934.pdf,medical,False,4,True,0,0,0,0,clear,False
genuine,medical,genuine/medicals/medical_935.pdf,medical,False,4,True,0,0,0,0,clear,False
genuine,medical,genuine/medicals/medical_936.pdf,medical,False,4,True,0,0,0,0,clear,False
genuine,medical,genuine/medicals/medical_937.pdf,medical,False,6,True,0,0,0,0,clear,False
genuine,medical,genuine/medicals/medical_938.pdf,medical,False,5,True,0,0,0,0,clear,False
genuine,medical,genuine/medicals/medical_939.pdf,medical,False,6,True,0,0,0,0,clear,False
genuine,medical,genuine/medicals/medical_940.pdf,medical,False,6,True,0,0,0,0,clear,False
genuine,medical,genuine/medicals/medical_941.pdf,medical,False,3,True,0,0,0,0,clear,False
genuine,medical,genuine/medicals/medical_942.pdf,medical,False,4,True,0,0,0,0,clear,False
genuine,medical,genuine/medicals/medical_943.pdf,medical,False,3,True,0,0,0,0,clear,False
genuine,medical,genuine/medicals/medical_944.pdf,medical,False,5,True,0,0,0,0,clear,False
genuine,medical,genuine/medicals/medical_945.pdf,medical,False,4,True,0,0,0,0,clear,False
genuine,medical,genuine/medicals/medical_946.pdf,medical,False,5,True,0,0,0,0,clear,False
genuine,medical,genuine/medicals/medical_947.pdf,medical,False,7,True,0,0,0,0,clear,False
genuine,medical,genuine/medicals/medical_948.pdf,medical,False,4,True,0,0,0,0,clear,False
genuine,medical,genuine/medicals/medical_949.pdf,medical,False,3,True,0,0,0,0,clear,False
genuine,medical,genuine/medicals/medical_950.pdf,medical,False,5,True,0,0,0,0,clear,False
genuine,medical,genuine/medicals/medical_951.pdf,medical,False,4,True,0,0,0,0,clear,False
genuine,medical,genuine/medicals/medical_952.pdf,medical,False,6,True,0,0,0,0,clear,False
genuine,medical,genuine/medicals/medical_953.pdf,medical,False,7,True,0,0,0,0,clear,False
genuine,medical,genuine/medicals/medical_954.pdf,medical,False,4,True,0,0,0,0,clear,False
genuine,medical,genuine/medicals/medical_955.pdf,medical,False,7,True,0,0,0,0,clear,False
genuine,medical,genuine/medicals/medical_956.pdf,medical,False,7,True,0,0,0,0,clear,False
genuine,medical,genuine/medicals/medical_957.pdf,medical,False,5,True,0,0,0,0,clear,False
genuine,medical,genuine/medicals/medical_958.pdf,medical,False,4,True,0,0,0,0,clear,False
genuine,medical,genuine/medicals/medical_959.pdf,medical,False,6,True,0,0,0,0,clear,False
genuine,medical,genuine/medicals/medical_960.pdf,medical,False,7,True,0,0,0,0,clear,False
genuine,medical,genuine/medicals/medical_961.pdf,medical,False,7,True,0,0,0,0,clear,False
genuine,medical,genuine/medicals/medical_962.pdf,medical,False,5,True,0,0,0,0,clear,False
genuine,medical,genuine/medicals/medical_963.pdf,medical,False,4,True,0,0,0,0,clear,False
genuine,medical,genuine/medicals/medical_964.pdf,medical,False,3,True,0,0,0,0,clear,False
genuine,medical,genuine/medicals/medical_965.pdf,medical,False,6,True,0,0,0,0,clear,False
genuine,medical,genuine/medicals/medical_966.pdf,medical,False,6,True,0,0,0,0,clear,False
genuine,medical,genuine/medicals/medical_967.pdf,medical,False,3,True,0,0,0,0,clear,False
genuine,medical,genuine/medicals/medical_968.pdf,medical,False,5,True,0,0,0,0,clear,False
genuine,medical,genuine/medicals/medical_969.pdf,medical,False,7,True,0,0,0,0,clear,False
genuine,medical,genuine/medicals/medical_970.pdf,medical,False,6,True,0,0,0,0,clear,False
genuine,medical,genuine/medicals/medical_971.pdf,medical,False,3,True,0,0,0,0,clear,False
genuine,medical,genuine/medicals/medical_972.pdf,medical,False,5,True,0,0,0,0,clear,False
genuine,medical,genuine/medicals/medical_973.pdf,medical,False,3,True,0,0,0,0,clear,False
genuine,medical,genuine/medicals/medical_974.pdf,medical,False,4,True,0,0,0,0,clear,False
genuine,medical,genuine/medicals/medical_975.pdf,medical,False,4,True,0,0,0,0,clear,False
genuine,medical,genuine/medicals/medical_976.pdf,medical,False,7,True,0,0,0,0,clear,False
genuine,medical,genuine/medicals/medical_977.pdf,medical,False,6,True,0,0,0,0,clear,False
genuine,medical,genuine/medicals/medical_978.pdf,medical,False,3,True,0,0,0,0,clear,False
genuine,medical,genuine/medicals/medical_979.pdf,medical,False,6,True,0,0,0,0,clear,False
genuine,medical,genuine/medicals/medical_980.pdf,medical,False,6,True,0,0,0,0,clear,False
genuine,medical,genuine/medicals/medical_981.pdf,medical,False,6,True,0,0,0,0,clear,False
genuine,medical,genuine/medicals/medical_982.pdf,medical,False,7,True,0,0,0,0,clear,False
genuine,medical,genuine/medicals/medical_983.pdf,medical,False,4,True,0,0,0,0,clear,False
genuine,medical,genuine/medicals/medical_984.pdf,medical,False,3,True,0,0,0,0,clear,False
genuine,medical,genuine/medicals/medical_985.pdf,medical,False,4,True,0,0,0,0,clear,False
genuine,medical,genuine/medicals/medical_986.pdf,medical,False,6,True,0,0,0,0,clear,False
genuine,medical,genuine/medicals/medical_987.pdf,medical,False,5,True,0,0,0,0,clear,False
genuine,medical,genuine/medicals/medical_988.pdf,medical,False,3,True,0,0,0,0,clear,False
genuine,medical,genuine/medicals/medical_989.pdf,medical,False,4,True,0,0,0,0,clear,False
genuine,medical,genuine/medicals/medical_990.pdf,medical,False,6,True,0,0,0,0,clear,False
genuine,medical,genuine/medicals/medical_991.pdf,medical,False,3,True,0,0,0,0,clear,False
genuine,medical,genuine/medicals/medical_992.pdf,medical,False,5,True,0,0,0,0,clear,False
genuine,medical,genuine/medicals/medical_993.pdf,medical,False,3,True,0,0,0,0,clear,False
genuine,medical,genuine/medicals/medical_994.pdf,medical,False,7,True,0,0,0,0,clear,False
genuine,medical,genuine/medicals/medical_995.pdf,medical,False,7,True,0,0,0,0,clear,False
genuine,medical,genuine/medicals/medical_996.pdf,medical,False,3,True,0,0,0,0,clear,False
genuine,medical,genuine/medicals/medical_997.pdf,medical,False,5,True,0,0,0,0,clear,False
genuine,medical,genuine/medicals/medical_998.pdf,medical,False,4,True,0,0,0,0,clear,False
genuine,medical,genuine/medicals/medical_999.pdf,medical,False,4,True,0,0,0,0,clear,False
forged_inplace,invoice,forged_inplace/invoices/invoice_026_inplace.pdf,invoice,True,0,True,2,0,1,3,review,True
forged_inplace,invoice,forged_inplace/invoices/invoice_028_inplace.pdf,invoice,True,0,True,2,0,1,3,review,True
forged_inplace,invoice,forged_inplace/invoices/invoice_031_inplace.pdf,invoice,True,0,True,2,0,1,3,review,True
forged_inplace,invoice,forged_inplace/invoices/invoice_033_inplace.pdf,invoice,True,0,True,2,0,1,3,review,True
forged_inplace,invoice,forged_inplace/invoices/invoice_090_inplace.pdf,invoice,True,0,True,2,0,1,3,review,True
forged_inplace,invoice,forged_inplace/invoices/invoice_096_inplace.pdf,invoice,True,0,True,2,0,1,3,review,True
forged_inplace,invoice,forged_inplace/invoices/invoice_104_inplace.pdf,invoice,True,0,True,2,0,1,3,review,True
forged_inplace,invoice,forged_inplace/invoices/invoice_114_inplace.pdf,invoice,True,0,True,2,0,1,3,review,True
forged_inplace,invoice,forged_inplace/invoices/invoice_142_inplace.pdf,invoice,True,0,True,2,0,1,3,review,True
forged_inplace,invoice,forged_inplace/invoices/invoice_223_inplace.pdf,invoice,True,0,True,2,0,1,3,review,True
forged_inplace,invoice,forged_inplace/invoices/invoice_228_inplace.pdf,invoice,True,0,True,2,0,1,3,review,True
forged_inplace,invoice,forged_inplace/invoices/invoice_238_inplace.pdf,invoice,True,0,True,2,0,1,3,review,True
forged_inplace,invoice,forged_inplace/invoices/invoice_250_inplace.pdf,invoice,True,0,True,2,0,1,3,review,True
forged_inplace,invoice,forged_inplace/invoices/invoice_281_inplace.pdf,invoice,True,0,True,2,0,1,3,review,True
forged_inplace,invoice,forged_inplace/invoices/invoice_432_inplace.pdf,invoice,True,0,True,2,0,1,3,review,True
forged_inplace,invoice,forged_inplace/invoices/invoice_517_inplace.pdf,invoice,True,0,True,2,0,1,3,review,True
forged_inplace,invoice,forged_inplace/invoices/invoice_558_inplace.pdf,invoice,True,0,True,2,0,1,3,review,True
forged_inplace,invoice,forged_inplace/invoices/invoice_604_inplace.pdf,invoice,True,0,True,2,0,1,3,review,True
forged_inplace,invoice,forged_inplace/invoices/invoice_616_inplace.pdf,invoice,True,0,True,2,0,1,3,review,True
forged_inplace,invoice,forged_inplace/invoices/invoice_654_inplace.pdf,invoice,True,0,True,2,0,1,3,review,True
forged_inplace,invoice,forged_inplace/invoices/invoice_692_inplace.pdf,invoice,True,0,True,2,0,1,3,review,True
forged_inplace,invoice,forged_inplace/invoices/invoice_754_inplace.pdf,invoice,True,0,True,2,0,1,3,review,True
forged_inplace,invoice,forged_inplace/invoices/invoice_758_inplace.pdf,invoice,True,0,True,2,0,1,3,review,True
forged_inplace,invoice,forged_inplace/invoices/invoice_759_inplace.pdf,invoice,True,0,True,2,0,1,3,review,True
forged_inplace,invoice,forged_inplace/invoices/invoice_913_inplace.pdf,invoice,True,0,True,2,0,1,3,review,True
forged_inplace,letter,forged_inplace/letters/letter_001_inplace.pdf,letter,True,0,True,2,0,1,3,review,True
forged_inplace,letter,forged_inplace/letters/letter_020_inplace.pdf,letter,True,0,True,2,0,1,3,review,True
forged_inplace,letter,forged_inplace/letters/letter_114_inplace.pdf,letter,True,0,True,2,0,1,3,review,True
forged_inplace,letter,forged_inplace/letters/letter_156_inplace.pdf,letter,True,0,True,2,0,1,3,review,True
forged_inplace,letter,forged_inplace/letters/letter_165_inplace.pdf,letter,True,0,True,2,0,1,3,review,True
forged_inplace,letter,forged_inplace/letters/letter_203_inplace.pdf,letter,True,0,True,2,0,1,3,review,True
forged_inplace,letter,forged_inplace/letters/letter_305_inplace.pdf,letter,True,0,True,2,0,1,3,review,True
forged_inplace,letter,forged_inplace/letters/letter_331_inplace.pdf,letter,True,0,True,2,0,1,3,review,True
forged_inplace,letter,forged_inplace/letters/letter_382_inplace.pdf,letter,True,0,True,2,0,1,3,review,True
forged_inplace,letter,forged_inplace/letters/letter_500_inplace.pdf,letter,True,0,True,2,0,1,3,review,True
forged_inplace,letter,forged_inplace/letters/letter_519_inplace.pdf,letter,True,0,True,2,0,1,3,review,True
forged_inplace,letter,forged_inplace/letters/letter_543_inplace.pdf,letter,True,0,True,2,0,1,3,review,True
forged_inplace,letter,forged_inplace/letters/letter_552_inplace.pdf,letter,True,0,True,2,0,1,3,review,True
forged_inplace,letter,forged_inplace/letters/letter_613_inplace.pdf,letter,True,0,True,2,0,1,3,review,True
forged_inplace,letter,forged_inplace/letters/letter_623_inplace.pdf,letter,True,0,True,2,0,1,3,review,True
forged_inplace,letter,forged_inplace/letters/letter_640_inplace.pdf,letter,True,0,True,2,0,1,3,review,True
forged_inplace,letter,forged_inplace/letters/letter_654_inplace.pdf,letter,True,0,True,2,0,1,3,review,True
forged_inplace,letter,forged_inplace/letters/letter_780_inplace.pdf,letter,True,0,True,2,0,1,3,review,True
forged_inplace,letter,forged_inplace/letters/letter_797_inplace.pdf,letter,True,0,True,2,0,1,3,review,True
forged_inplace,letter,forged_inplace/letters/letter_861_inplace.pdf,letter,True,0,True,2,0,1,3,review,True
forged_inplace,letter,forged_inplace/letters/letter_891_inplace.pdf,letter,True,0,True,2,0,1,3,review,True
forged_inplace,letter,forged_inplace/letters/letter_940_inplace.pdf,letter,True,0,True,2,0,1,3,review,True
forged_inplace,letter,forged_inplace/letters/letter_944_inplace.pdf,letter,True,0,True,2,0,1,3,review,True
forged_inplace,letter,forged_inplace/letters/letter_951_inplace.pdf,letter,True,0,True,2,0,1,3,review,True
forged_inplace,letter,forged_inplace/letters/letter_976_inplace.pdf,letter,True,0,True,2,0,1,3,review,True
forged_inplace,medical,forged_inplace/medicals/medical_041_inplace.pdf,medical,True,5,True,2,0,1,3,review,True
forged_inplace,medical,forged_inplace/medicals/medical_084_inplace.pdf,medical,True,5,True,2,0,1,3,review,True
forged_inplace,medical,forged_inplace/medicals/medical_122_inplace.pdf,medical,True,5,True,2,0,1,3,review,True
forged_inplace,medical,forged_inplace/medicals/medical_209_inplace.pdf,medical,True,4,True,2,0,1,3,review,True
forged_inplace,medical,forged_inplace/medicals/medical_240_inplace.pdf,medical,True,6,True,2,0,1,3,review,True
forged_inplace,medical,forged_inplace/medicals/medical_252_inplace.pdf,medical,True,3,True,2,0,1,3,review,True
forged_inplace,medical,forged_inplace/medicals/medical_267_inplace.pdf,medical,True,4,True,2,0,1,3,review,True
forged_inplace,medical,forged_inplace/medicals/medical_321_inplace.pdf,medical,True,3,True,2,0,1,3,review,True
forged_inplace,medical,forged_inplace/medicals/medical_323_inplace.pdf,medical,True,5,True,2,0,1,3,review,True
forged_inplace,medical,forged_inplace/medicals/medical_413_inplace.pdf,medical,True,6,True,2,0,1,3,review,True
forged_inplace,medical,forged_inplace/medicals/medical_429_inplace.pdf,medical,True,3,True,2,0,1,3,review,True
forged_inplace,medical,forged_inplace/medicals/medical_535_inplace.pdf,medical,True,4,True,2,0,1,3,review,True
forged_inplace,medical,forged_inplace/medicals/medical_578_inplace.pdf,medical,True,4,True,2,0,1,3,review,True
forged_inplace,medical,forged_inplace/medicals/medical_583_inplace.pdf,medical,True,4,True,2,0,1,3,review,True
forged_inplace,medical,forged_inplace/medicals/medical_592_inplace.pdf,medical,True,5,True,2,0,1,3,review,True
forged_inplace,medical,forged_inplace/medicals/medical_597_inplace.pdf,medical,True,5,True,2,0,1,3,review,True
forged_inplace,medical,forged_inplace/medicals/medical_608_inplace.pdf,medical,True,2,True,2,0,1,3,review,True
forged_inplace,medical,forged_inplace/medicals/medical_634_inplace.pdf,medical,True,2,True,2,0,1,3,review,True
forged_inplace,medical,forged_inplace/medicals/medical_673_inplace.pdf,medical,True,3,True,2,0,1,3,review,True
forged_inplace,medical,forged_inplace/medicals/medical_685_inplace.pdf,medical,True,4,True,2,0,1,3,review,True
forged_inplace,medical,forged_inplace/medicals/medical_733_inplace.pdf,medical,True,2,True,2,0,1,3,review,True
forged_inplace,medical,forged_inplace/medicals/medical_882_inplace.pdf,medical,True,2,True,2,0,1,3,review,True
forged_inplace,medical,forged_inplace/medicals/medical_911_inplace.pdf,medical,True,6,True,2,0,1,3,review,True
forged_inplace,medical,forged_inplace/medicals/medical_957_inplace.pdf,medical,True,4,True,2,0,1,3,review,True
forged_inplace,medical,forged_inplace/medicals/medical_964_inplace.pdf,medical,True,2,True,2,0,1,3,review,True
forged_reauthored,invoice,forged_reauthored/invoices/invoice_026_reauthored.pdf,invoice,True,147,True,2,2,1,5,conviction,True
forged_reauthored,invoice,forged_reauthored/invoices/invoice_028_reauthored.pdf,invoice,True,188,True,2,2,1,5,conviction,True
forged_reauthored,invoice,forged_reauthored/invoices/invoice_031_reauthored.pdf,invoice,True,190,True,2,2,1,5,conviction,True
forged_reauthored,invoice,forged_reauthored/invoices/invoice_033_reauthored.pdf,invoice,True,169,True,2,2,1,5,conviction,True
forged_reauthored,invoice,forged_reauthored/invoices/invoice_090_reauthored.pdf,invoice,True,293,True,2,2,1,5,conviction,True
forged_reauthored,invoice,forged_reauthored/invoices/invoice_096_reauthored.pdf,invoice,True,220,True,2,2,1,5,conviction,True
forged_reauthored,invoice,forged_reauthored/invoices/invoice_104_reauthored.pdf,invoice,True,113,True,2,2,1,5,conviction,True
forged_reauthored,invoice,forged_reauthored/invoices/invoice_114_reauthored.pdf,invoice,True,210,True,2,2,1,5,conviction,True
forged_reauthored,invoice,forged_reauthored/invoices/invoice_142_reauthored.pdf,invoice,True,257,True,2,2,1,5,conviction,True
forged_reauthored,invoice,forged_reauthored/invoices/invoice_223_reauthored.pdf,invoice,True,157,True,2,2,1,5,conviction,True
forged_reauthored,invoice,forged_reauthored/invoices/invoice_228_reauthored.pdf,invoice,True,207,True,2,2,1,5,conviction,True
forged_reauthored,invoice,forged_reauthored/invoices/invoice_238_reauthored.pdf,invoice,True,280,True,2,2,1,5,conviction,True
forged_reauthored,invoice,forged_reauthored/invoices/invoice_250_reauthored.pdf,invoice,True,80,True,2,2,1,5,conviction,True
forged_reauthored,invoice,forged_reauthored/invoices/invoice_281_reauthored.pdf,invoice,True,127,True,2,2,1,5,conviction,True
forged_reauthored,invoice,forged_reauthored/invoices/invoice_432_reauthored.pdf,invoice,True,123,True,2,2,1,5,conviction,True
forged_reauthored,invoice,forged_reauthored/invoices/invoice_517_reauthored.pdf,invoice,True,256,True,2,2,1,5,conviction,True
forged_reauthored,invoice,forged_reauthored/invoices/invoice_558_reauthored.pdf,invoice,True,266,True,2,2,1,5,conviction,True
forged_reauthored,invoice,forged_reauthored/invoices/invoice_604_reauthored.pdf,invoice,True,161,True,2,2,1,5,conviction,True
forged_reauthored,invoice,forged_reauthored/invoices/invoice_616_reauthored.pdf,invoice,True,100,True,2,2,1,5,conviction,True
forged_reauthored,invoice,forged_reauthored/invoices/invoice_654_reauthored.pdf,invoice,True,243,True,2,2,1,5,conviction,True
forged_reauthored,invoice,forged_reauthored/invoices/invoice_692_reauthored.pdf,invoice,True,215,True,2,2,1,5,conviction,True
forged_reauthored,invoice,forged_reauthored/invoices/invoice_754_reauthored.pdf,invoice,True,131,True,2,2,1,5,conviction,True
forged_reauthored,invoice,forged_reauthored/invoices/invoice_758_reauthored.pdf,invoice,True,101,True,2,2,1,5,conviction,True
forged_reauthored,invoice,forged_reauthored/invoices/invoice_759_reauthored.pdf,invoice,True,83,True,2,2,1,5,conviction,True
forged_reauthored,invoice,forged_reauthored/invoices/invoice_913_reauthored.pdf,invoice,True,116,True,2,2,1,5,conviction,True
forged_reauthored,letter,forged_reauthored/letters/letter_001_reauthored.pdf,letter,True,164,True,2,2,1,5,conviction,True
forged_reauthored,letter,forged_reauthored/letters/letter_020_reauthored.pdf,letter,True,140,True,2,2,1,5,conviction,True
forged_reauthored,letter,forged_reauthored/letters/letter_114_reauthored.pdf,letter,True,295,True,2,2,1,5,conviction,True
forged_reauthored,letter,forged_reauthored/letters/letter_156_reauthored.pdf,letter,True,280,True,2,2,1,5,conviction,True
forged_reauthored,letter,forged_reauthored/letters/letter_165_reauthored.pdf,letter,True,181,True,2,2,1,5,conviction,True
forged_reauthored,letter,forged_reauthored/letters/letter_203_reauthored.pdf,letter,True,241,True,2,2,1,5,conviction,True
forged_reauthored,letter,forged_reauthored/letters/letter_305_reauthored.pdf,letter,True,228,True,2,2,1,5,conviction,True
forged_reauthored,letter,forged_reauthored/letters/letter_331_reauthored.pdf,letter,True,260,True,2,2,1,5,conviction,True
forged_reauthored,letter,forged_reauthored/letters/letter_382_reauthored.pdf,letter,True,231,True,2,2,1,5,conviction,True
forged_reauthored,letter,forged_reauthored/letters/letter_500_reauthored.pdf,letter,True,108,True,2,2,1,5,conviction,True
forged_reauthored,letter,forged_reauthored/letters/letter_519_reauthored.pdf,letter,True,123,True,2,2,1,5,conviction,True
forged_reauthored,letter,forged_reauthored/letters/letter_543_reauthored.pdf,letter,True,123,True,2,2,1,5,conviction,True
forged_reauthored,letter,forged_reauthored/letters/letter_552_reauthored.pdf,letter,True,170,True,2,2,1,5,conviction,True
forged_reauthored,letter,forged_reauthored/letters/letter_613_reauthored.pdf,letter,True,102,True,2,2,1,5,conviction,True
forged_reauthored,letter,forged_reauthored/letters/letter_623_reauthored.pdf,letter,True,201,True,2,2,1,5,conviction,True
forged_reauthored,letter,forged_reauthored/letters/letter_640_reauthored.pdf,letter,True,247,True,2,2,1,5,conviction,True
forged_reauthored,letter,forged_reauthored/letters/letter_654_reauthored.pdf,letter,True,139,True,2,2,1,5,conviction,True
forged_reauthored,letter,forged_reauthored/letters/letter_780_reauthored.pdf,letter,True,299,True,2,2,1,5,conviction,True
forged_reauthored,letter,forged_reauthored/letters/letter_797_reauthored.pdf,letter,True,146,True,2,2,1,5,conviction,True
forged_reauthored,letter,forged_reauthored/letters/letter_861_reauthored.pdf,letter,True,283,True,2,2,1,5,conviction,True
forged_reauthored,letter,forged_reauthored/letters/letter_891_reauthored.pdf,letter,True,138,True,2,2,1,5,conviction,True
forged_reauthored,letter,forged_reauthored/letters/letter_940_reauthored.pdf,letter,True,226,True,2,2,1,5,conviction,True
forged_reauthored,letter,forged_reauthored/letters/letter_944_reauthored.pdf,letter,True,174,True,2,2,1,5,conviction,True
forged_reauthored,letter,forged_reauthored/letters/letter_951_reauthored.pdf,letter,True,77,True,2,2,1,5,conviction,True
forged_reauthored,letter,forged_reauthored/letters/letter_976_reauthored.pdf,letter,True,73,True,2,2,1,5,conviction,True
forged_reauthored,medical,forged_reauthored/medicals/medical_041_reauthored.pdf,medical,True,117,True,2,2,1,5,conviction,True
forged_reauthored,medical,forged_reauthored/medicals/medical_084_reauthored.pdf,medical,True,253,True,2,2,1,5,conviction,True
forged_reauthored,medical,forged_reauthored/medicals/medical_122_reauthored.pdf,medical,True,271,True,2,2,1,5,conviction,True
forged_reauthored,medical,forged_reauthored/medicals/medical_209_reauthored.pdf,medical,True,243,True,2,2,1,5,conviction,True
forged_reauthored,medical,forged_reauthored/medicals/medical_240_reauthored.pdf,medical,True,206,True,2,2,1,5,conviction,True
forged_reauthored,medical,forged_reauthored/medicals/medical_252_reauthored.pdf,medical,True,259,True,2,2,1,5,conviction,True
forged_reauthored,medical,forged_reauthored/medicals/medical_267_reauthored.pdf,medical,True,281,True,2,2,1,5,conviction,True
forged_reauthored,medical,forged_reauthored/medicals/medical_321_reauthored.pdf,medical,True,119,True,2,2,1,5,conviction,True
forged_reauthored,medical,forged_reauthored/medicals/medical_323_reauthored.pdf,medical,True,194,True,2,2,1,5,conviction,True
forged_reauthored,medical,forged_reauthored/medicals/medical_413_reauthored.pdf,medical,True,289,True,2,2,1,5,conviction,True
forged_reauthored,medical,forged_reauthored/medicals/medical_429_reauthored.pdf,medical,True,264,True,2,2,1,5,conviction,True
forged_reauthored,medical,forged_reauthored/medicals/medical_535_reauthored.pdf,medical,True,131,True,2,2,1,5,conviction,True
forged_reauthored,medical,forged_reauthored/medicals/medical_578_reauthored.pdf,medical,True,194,True,2,2,1,5,conviction,True
forged_reauthored,medical,forged_reauthored/medicals/medical_583_reauthored.pdf,medical,True,295,True,2,2,1,5,conviction,True
forged_reauthored,medical,forged_reauthored/medicals/medical_592_reauthored.pdf,medical,True,68,True,2,2,1,5,conviction,True
forged_reauthored,medical,forged_reauthored/medicals/medical_597_reauthored.pdf,medical,True,112,True,2,2,1,5,conviction,True
forged_reauthored,medical,forged_reauthored/medicals/medical_608_reauthored.pdf,medical,True,203,True,2,2,1,5,conviction,True
forged_reauthored,medical,forged_reauthored/medicals/medical_634_reauthored.pdf,medical,True,257,True,2,2,1,5,conviction,True
forged_reauthored,medical,forged_reauthored/medicals/medical_673_reauthored.pdf,medical,True,274,True,2,2,1,5,conviction,True
forged_reauthored,medical,forged_reauthored/medicals/medical_685_reauthored.pdf,medical,True,210,True,2,2,1,5,conviction,True
forged_reauthored,medical,forged_reauthored/medicals/medical_733_reauthored.pdf,medical,True,174,True,2,2,1,5,conviction,True
forged_reauthored,medical,forged_reauthored/medicals/medical_882_reauthored.pdf,medical,True,230,True,2,2,1,5,conviction,True
forged_reauthored,medical,forged_reauthored/medicals/medical_911_reauthored.pdf,medical,True,117,True,2,2,1,5,conviction,True
forged_reauthored,medical,forged_reauthored/medicals/medical_957_reauthored.pdf,medical,True,195,True,2,2,1,5,conviction,True
forged_reauthored,medical,forged_reauthored/medicals/medical_964_reauthored.pdf,medical,True,131,True,2,2,1,5,conviction,True
