file,producer,institutional,score_P0_published,score_P1_converter_excl,score_P2_authoring_only,score_P3_author_or_editor
001306.pdf,Acrobat Distiller 7.0.5 (Windows),False,2,2,2,2
001307.pdf,Acrobat Distiller 6.0.1 (Windows),False,0,0,0,0
001309.pdf,Acrobat Distiller 3.02,False,2,2,2,2
001310.pdf,Acrobat PDFWriter 3.01 for Windows,False,0,0,0,0
001311.pdf,Acrobat Distiller 7.0.5 (Windows),False,0,0,0,0
001312.pdf,Acrobat Distiller 5.0 (Windows),False,0,0,0,0
001313.pdf,Acrobat Distiller 6.0.1 (Windows),False,2,2,2,2
001341.pdf,Acrobat Distiller 7.0 (Windows),False,0,0,0,0
001343.pdf,Acrobat Distiller 7.0.5 (Windows),False,0,0,0,0
001355.pdf,Acrobat Distiller 5.0.5 (Windows),False,0,0,0,0
001358.pdf,Acrobat Distiller 5.0.5 (Windows),False,0,0,0,0
001359.pdf,Acrobat Net Distiller 1.0 for Windows,False,0,0,0,0
001363.pdf,Acrobat Distiller 7.0.5 (Windows),False,0,0,0,0
001364.pdf,Acrobat Distiller 5.0.5 (Windows),False,0,0,0,0
001367.pdf,Acrobat Distiller 4.0 for Windows,False,0,0,0,0
001368.pdf,Acrobat Distiller 7.0.5 (Windows),False,0,0,0,0
001369.pdf,Acrobat Distiller 7.0.5 (Windows),False,0,0,0,0
001370.pdf,PrimoPDF,False,2,2,2,2
001371.pdf,Acrobat Distiller 8.1.0 (Windows),False,2,2,2,2
001372.pdf,Acrobat Distiller 4.0 for Macintosh,False,0,0,0,0
001024.pdf,Acrobat Distiller 6.0 (Windows),False,0,0,0,0
001028.pdf,Acrobat Distiller 7.0.5 (Windows),False,0,0,0,0
001029.pdf,Corel PDF Engine Version 9.654,False,2,2,2,2
001030.pdf,Acrobat Distiller 5.0.5 (Windows),False,0,0,0,0
001031.pdf,Acrobat Distiller 7.0.5 (Windows),False,0,0,0,0
001032.pdf,Acrobat PDFWriter 4.0 for Windows,False,2,2,2,2
001033.pdf,Corel PDF Engine Version 10.719,False,0,0,0,0
001034.pdf,Acrobat Distiller 6.0.1 (Windows),False,0,0,0,0
001035.pdf,Acrobat Distiller 7.0 (Windows),False,0,0,0,0
001036.pdf,Acrobat Distiller 8.1.0 (Windows),False,2,2,2,2
001037.pdf,Creo Normalizer JTP,False,2,2,2,2
001038.pdf,Acrobat Distiller 5.0 (Windows),False,2,2,2,2
001039.pdf,Adobe PDF Library 6.0,False,0,0,0,0
001040.pdf,Acrobat Distiller 2.1 for Windows,False,0,0,0,0
001041.pdf,Acrobat Web Capture 5.0,False,0,0,0,0
001042.pdf,Acrobat Distiller 6.0.1 (Windows),False,0,0,0,0
001043.pdf,,False,0,0,0,0
001044.pdf,Acrobat Distiller 5.0.5 (Windows),False,0,0,0,0
001045.pdf,,False,0,0,0,0
001046.pdf,Acrobat PDFWriter 2.0 for Macintosh,False,0,0,0,0
001047.pdf,Acrobat Distiller 7.0.5 (Windows),False,0,0,0,0
001049.pdf,Acrobat Distiller 7.0.5 (Windows),False,2,2,2,2
001050.pdf,Acrobat Distiller 7.0.5 (Windows),False,0,0,0,0
001053.pdf,Acrobat Distiller 3.0 for Windows,False,0,0,0,0
001057.pdf,Acrobat Distiller 4.05 for Windows,False,2,2,2,2
001058.pdf,Acrobat Distiller 7.0.5 (Windows),False,0,0,0,0
001059.pdf,Acrobat Distiller 6.0 (Windows),False,0,0,0,0
001060.pdf,Mac OS X 10.4.6 Quartz PDFContext,False,0,0,0,0
001061.pdf,pdfeTeX-1.21a,False,0,0,0,0
001062.pdf,Acrobat Distiller 5.0.5 (Windows),False,2,2,2,2
001063.pdf,Acrobat Distiller 7.0.5 (Windows),False,0,0,0,0
001064.pdf,Acrobat Distiller 5.0 (Windows),False,0,0,0,0
001065.pdf,Acrobat Distiller 7.0.5 (Windows),False,2,2,2,2
001067.pdf,Acrobat Distiller 5.0 (Windows),False,0,0,0,0
001068.pdf,Corel PDF Engine Version 11.321,False,0,0,0,0
001069.pdf,Acrobat Distiller 6.0 (Windows),False,0,0,0,0
001070.pdf,Acrobat Distiller 6.0.1 (Windows),False,0,0,0,0
001071.pdf,Acrobat Distiller 7.0 (Windows),False,0,0,0,0
001072.pdf,Adobe PDF Library 8.0,False,2,2,2,2
001073.pdf,Acrobat Distiller 7.0 (Windows),False,0,0,0,0
001147.pdf,Acrobat Distiller Command 3.01 for Solaris 2.3 and later (SPARC),False,2,2,2,2
001148.pdf,Corel PDF Engine Version 9.398,False,0,0,0,0
001149.pdf,Acrobat Distiller 4.0 for Macintosh,False,0,0,0,0
001150.pdf,RealPage data converter,False,2,2,2,2
001152.pdf,Hewlett-Packard Intelligent Scanning Technology3,False,2,2,2,2
001154.pdf,Microsoft® Office Access 2007,False,0,0,0,0
001155.pdf,Acrobat Distiller 5.0.5 for Macintosh,False,2,2,2,2
001157.pdf,GNU Ghostscript 7.07,False,0,0,0,0
001256.pdf,Adobe PDF Library 8.0,False,0,0,0,0
001257.pdf,Adobe PDF Library 7.0,False,0,0,0,0
001266.pdf,"Etymon PJ 1.10, Copyright (C) 1998-2000 Etymon Systems, Inc. <http://www.etymon.com/>. ",False,2,2,2,2
001269.pdf,Acrobat Distiller 3.01 for Power Macintosh,False,2,2,2,2
001270.pdf,Adobe PDF Library 4.0,True,3,0,0,0
001271.pdf,Acrobat PDFWriter 3.0 for Windows,True,3,0,0,0
001273.pdf,Acrobat PDFWriter 3.0 for Power Macintosh,False,0,0,0,0
001274.pdf,PDFlib PLOP 2.0.0p6 (SunOS)/Acrobat Distiller 5.0.5 (Windows),False,2,2,2,2
001276.pdf,Acrobat Distiller 6.0.1 for Macintosh,False,0,0,0,0
001278.pdf,Acrobat Distiller 8.0.0 (Windows),False,0,0,0,0
001279.pdf,Acrobat Distiller 7.0.5 (Windows),False,0,0,0,0
001280.pdf,Acrobat Distiller 8.0.0 (Windows),False,0,0,0,0
001074.pdf,Acrobat Distiller 8.0.0 (Windows),False,0,0,0,0
001075.pdf,Acrobat Distiller 7.0.5 (Windows),True,3,0,0,0
001081.pdf,"5,0,0,296",False,2,2,2,2
001090.pdf,Acrobat Distiller 5.0.2 for Macintosh,False,0,0,0,0
001092.pdf,Acrobat Distiller 4.05 for Windows,False,0,0,0,0
001094.pdf,,False,2,2,2,2
001097.pdf,Acrobat Distiller 6.0 (Windows),False,2,2,2,2
001099.pdf,StampPDF Batch 3.0 Windows SPDF_1085 Oct 13 2003,False,2,2,2,2
001103.pdf,Acrobat Distiller 5.0.5 (Windows),False,0,0,0,0
001106.pdf,,False,0,0,0,0
001107.pdf,Adobe Acrobat 7.08 Paper Capture Plug-in,False,0,0,0,0
001116.pdf,Acrobat Distiller 5.0.5 (Windows),False,0,0,0,0
001117.pdf,Acrobat Distiller 7.0.5 (Windows),False,2,2,2,2
001124.pdf,,True,0,0,3,3
001127.pdf,Acrobat PDFWriter 2.01 for Windows,False,0,0,0,0
001129.pdf,Acrobat Distiller 5.0.5 (Windows),False,2,2,2,2
001131.pdf,Adobe Photoshop for Macintosh -- Image Conversion Plug-in,False,0,0,0,0
001132.pdf,Adobe PDF Library 6.0,False,2,2,2,2
001134.pdf,Acrobat Distiller 6.0 (Windows),False,0,0,0,0
001135.pdf,Acrobat PDFWriter 4.0 for Windows,False,0,0,0,0
001373.pdf,StampPDF Batch 3.2.1 Solaris_x86 SPDF_1092 Jan 30 2004,False,0,0,0,0
001374.pdf,Acrobat Distiller 3.02 for Power Macintosh,False,0,0,0,0
001375.pdf,Acrobat PDFWriter 3.02 for Windows NT,False,0,0,0,0
001376.pdf,Acrobat Distiller 2.1 for Windows,False,2,2,2,2
001377.pdf,Mac OS X 10.5.2 Quartz PDFContext,False,2,2,2,2
001378.pdf,Acrobat Distiller 5.0.5 (Windows),False,2,2,2,2
001379.pdf,Acrobat Distiller 5.0.5 (Windows),False,0,0,0,0
001380.pdf,Acrobat Distiller 6.0 (Windows),False,0,0,0,0
001381.pdf,Acrobat Distiller 6.0.1 (Windows),False,0,0,0,0
001382.pdf,Acrobat PDFWriter 5.0 for Windows,False,0,0,0,0
001383.pdf,Acrobat Distiller 4.05 for Windows,False,2,2,2,2
001384.pdf,Acrobat PDFWriter 3.0 for Windows,False,0,0,0,0
001385.pdf,Acrobat Distiller 5.0.5 for Macintosh,False,2,2,2,2
001386.pdf,Acrobat Distiller 8.0.0 (Windows),False,0,0,0,0
001387.pdf,Acrobat Distiller 6.0 (Windows),False,0,0,0,0
001388.pdf,Acrobat Distiller 7.0.5 (Windows),False,0,0,0,0
001389.pdf,Acrobat Distiller 3.0 for Windows,False,0,0,0,0
001390.pdf,Acrobat PDFWriter 2.01 for Windows,False,0,0,0,0
001391.pdf,Acrobat Distiller 5.0.5 (Windows),False,0,0,0,0
001392.pdf,Acrobat PDFWriter 2.01 for Windows,False,0,0,0,0
001501.pdf,Acrobat Distiller 7.0.5 (Windows),False,0,0,0,0
001503.pdf,Acrobat Distiller 3.01 for Windows,False,0,0,0,0
001504.pdf,Acrobat Distiller 5.0.5 (Windows),False,0,0,0,0
001505.pdf,Acrobat Distiller 5.0 (Windows),False,0,0,0,0
001506.pdf,Acrobat Distiller 6.0 (Windows),False,0,0,0,0
001508.pdf,Acrobat Distiller 6.0 (Windows),False,0,0,0,0
001509.pdf,Acrobat PDFWriter 4.0 for Windows NT,False,0,0,0,0
001510.pdf,Acrobat PDFWriter 5.0 for Windows NT,False,0,0,0,0
001511.pdf,Acrobat Distiller 5.0.5 (Windows),False,0,0,0,0
001512.pdf,Acrobat Distiller 7.0.5 (Windows),False,0,0,0,0
001514.pdf,Acrobat Distiller 7.0 (Windows),False,2,2,2,2
001528.pdf,Acrobat Distiller 2.1 for Windows,False,0,0,0,0
001564.pdf,Acrobat Distiller 7.0.5 (Windows),False,0,0,0,0
001565.pdf,Acrobat Distiller 7.0.5 (Windows),False,0,0,0,0
001644.pdf,Acrobat Distiller 6.0 (Windows),False,2,2,2,2
001647.pdf,Acrobat Distiller 6.0 (Windows),False,2,2,2,2
001649.pdf,Acrobat Distiller 7.0.5 (Windows),False,0,0,0,0
001650.pdf,Acrobat Distiller 6.0.1 (Windows),False,0,0,0,0
001655.pdf,,False,0,0,0,0
001656.pdf,Acrobat Distiller 5.0.5 (Windows),False,0,0,0,0
001657.pdf,Adobe Acrobat 6.02 Image Conversion Plug-in,False,0,0,0,0
001658.pdf,,False,2,2,2,2
001659.pdf,,False,2,2,2,2
001660.pdf,Acrobat Distiller 6.0 (Windows),False,0,0,0,0
001661.pdf,Acrobat Distiller 7.0.5 (Windows),False,0,0,0,0
001663.pdf,Acrobat Distiller 4.0 for Windows,False,0,0,0,0
001664.pdf,Acrobat Distiller 6.0 (Windows),False,0,0,0,0
001665.pdf,Acrobat Distiller 4.0 for Windows,False,0,0,0,0
001666.pdf,Acrobat Distiller 8.1.0 (Windows),False,0,0,0,0
001668.pdf,Acrobat Distiller 7.0.5 (Windows),False,0,0,0,0
001669.pdf,,False,2,2,2,2
001670.pdf,Acrobat PDFWriter 3.02 for Windows,False,0,0,0,0
001672.pdf,iText by lowagie.com (r1.01;p126),False,2,2,2,2
001673.pdf,Acrobat Distiller 8.0.0 (Windows),False,2,2,2,2
001674.pdf,Acrobat Distiller 6.0 (Windows),False,0,0,0,0
001675.pdf,iText by lowagie.com (r1.01;p126),False,0,0,0,0
001676.pdf,Acrobat Distiller 6.0 (Windows),False,0,0,0,0
001677.pdf,Acrobat Distiller 5.0.5 (Windows),False,2,2,2,2
001678.pdf,Acrobat Distiller 6.0 (Windows),False,0,0,0,0
001679.pdf,Acrobat Distiller 6.0 (Windows),False,2,2,2,2
001406.pdf,Acrobat PDFWriter 3.02 for Windows,False,0,0,0,0
001418.pdf,Acrobat Distiller 8.0.0 (Windows),False,0,0,0,0
001465.pdf,Acrobat Distiller 7.0.5 (Windows),False,0,0,0,0
001466.pdf,Acrobat Distiller 3.01 for Windows,False,0,0,0,0
001467.pdf,Acrobat Distiller 7.0.5 (Windows),False,0,0,0,0
001481.pdf,Acrobat Distiller 5.0.5 (Windows),False,0,0,0,0
001482.pdf,Acrobat Distiller 6.0 (Windows),False,0,0,0,0
001483.pdf,Apogee Create Series3 v1.0,True,2,2,2,2
001484.pdf,Acrobat Distiller 6.0.1 (Windows),False,0,0,0,0
001487.pdf,Acrobat PDFWriter 4.0 for Windows,False,2,2,2,2
001488.pdf,AFPL Ghostscript 8.50,False,0,0,0,0
001489.pdf,Acrobat Distiller 5.0.5 (Windows),False,0,0,0,0
001490.pdf,Acrobat Distiller 8.1.0 (Windows),True,3,0,0,0
001492.pdf,Acrobat Distiller 4.05 for Windows,False,0,0,0,0
001493.pdf,Acrobat Distiller 6.0.1 (Windows),False,2,2,2,2
001494.pdf,Aladdin Ghostscript 5.50,False,0,0,0,0
001495.pdf,Acrobat Distiller 4.05 for Windows,False,0,0,0,0
001497.pdf,OmniPage Pro 14 http://www.scansoft.com,False,0,0,0,0
001498.pdf,Acrobat Web Capture 4.0,False,0,0,0,0
001499.pdf,Acrobat Distiller 7.0.5 (Windows),False,0,0,0,0
001281.pdf,Acrobat Distiller 4.0 for Windows,False,0,0,0,0
001284.pdf,Acrobat PDFWriter 3.0 for Power Macintosh,False,0,0,0,0
001285.pdf,Acrobat Distiller 6.0 (Windows),False,2,2,2,2
001286.pdf,Acrobat Distiller 4.0 for Macintosh,False,0,0,0,0
001288.pdf,Acrobat Distiller 6.0 (Windows),False,2,2,2,2
001290.pdf,Acrobat Distiller 7.0 (Windows),False,2,2,2,2
001291.pdf,Acrobat Distiller 6.0.1 (Windows),False,0,0,0,0
001292.pdf,Acrobat Distiller 5.0.5 (Windows),False,0,0,0,0
001293.pdf,GNU Ghostscript 7.07 / pdcat (www.glance.ch),False,0,0,0,0
001294.pdf,Acrobat Distiller Daemon 3.01 for Solaris 2.3 and later (SPARC),False,2,2,2,2
001296.pdf,AFPL Ghostscript 7.03,False,0,0,0,0
001297.pdf,Acrobat Distiller 4.0 for Windows,False,0,0,0,0
001298.pdf,Mac OS X 10.4.8 Quartz PDFContext,False,0,0,0,0
001299.pdf,Acrobat Distiller 5.0 (Windows),False,2,2,2,2
001300.pdf,Acrobat Distiller 5.0.5 (Windows),False,0,0,0,0
001301.pdf,Acrobat Distiller 5.0.5 (Windows),False,2,2,2,2
001302.pdf,Acrobat Distiller 4.05 for Windows,False,0,0,0,0
001303.pdf,Acrobat Distiller 7.0 (Windows),False,0,0,0,0
001304.pdf,Acrobat Distiller Daemon 3.01 for Solaris 2.3 and later (SPARC),False,0,0,0,0
001305.pdf,Acrobat Distiller 7.0 (Windows),False,2,2,2,2
001680.pdf,Acrobat Distiller 5.0.5 for Macintosh,False,0,0,0,0
001681.pdf,Acrobat Distiller 5.0 (Windows),False,0,0,0,0
001682.pdf,Acrobat PDFWriter 5.0 for Windows NT,False,0,0,0,0
001683.pdf,Acrobat Distiller 4.0 for Macintosh,False,0,0,0,0
001684.pdf,Acrobat Distiller 7.0.5 (Windows),False,2,2,2,2
001685.pdf,Acrobat Distiller 8.0.0 (Windows),False,0,0,0,0
001686.pdf,Adobe PDF Library 5.0,False,0,0,0,0
001687.pdf,Acrobat Distiller 8.1.0 (Windows),False,0,0,0,0
001688.pdf,Acrobat Distiller 5.0 (Windows),False,0,0,0,0
001689.pdf,Acrobat PDFWriter 4.05 for Windows NT,False,0,0,0,0
001690.pdf,Adobe PDF Library 7.0,False,0,0,0,0
001691.pdf,Acrobat Distiller 6.0.1 (Windows),False,0,0,0,0
001692.pdf,Acrobat Distiller 7.0.5 (Windows),False,0,0,0,0
001693.pdf,Acrobat Distiller 5.0.5 (Windows),False,2,2,2,2
001694.pdf,Acrobat Distiller 5.0 for Macintosh,False,0,0,0,0
001695.pdf,Acrobat Distiller 7.0.5 (Windows),False,0,0,0,0
001696.pdf,Acrobat Distiller 3.0 for Windows,False,0,0,0,0
001720.pdf,Acrobat Distiller 5.0.5 (Windows),False,0,0,0,0
001730.pdf,Acrobat Distiller 6.0.1 (Windows),False,0,0,0,0
001737.pdf,Acrobat Distiller 6.0.1 (Windows),False,0,0,0,0
001878.pdf,Acrobat Distiller 7.0.5 (Windows),False,2,2,2,2
001882.pdf,Acrobat Distiller 8.1.0 (Windows),False,0,0,0,0
001897.pdf,Acrobat Distiller 4.0 for Windows,False,0,0,0,0
001926.pdf,Acrobat Distiller 8.1.0 (Windows),False,0,0,0,0
001927.pdf,,False,0,0,0,0
001928.pdf,Acrobat Distiller 5.0 (Windows),False,0,0,0,0
001929.pdf,"Etymon PJ 1.10, Copyright (C) 1998-2000 Etymon Systems, Inc. <http://www.etymon.com/>. ",False,0,0,0,0
001930.pdf,Acrobat Distiller 3.0 for Power Macintosh,False,0,0,0,0
001931.pdf,Acrobat Distiller 3.01 for Power Macintosh,False,0,0,0,0
001932.pdf,Acrobat Distiller 7.0.5 (Windows),False,0,0,0,0
001933.pdf,Acrobat Distiller 8.1.0 (Windows),False,0,0,0,0
001934.pdf,Acrobat Distiller 6.0.1 (Windows),False,0,0,0,0
001938.pdf,Hyf PDF Output Library 2.2.3 (Solaris),False,2,2,2,2
001940.pdf,Acrobat Distiller 7.0.5 (Windows),False,0,0,0,0
001941.pdf,Acrobat Distiller 4.0 for Windows,False,0,0,0,0
001943.pdf,Acrobat Distiller 4.0 for Macintosh,False,2,2,2,2
001945.pdf,Acrobat PDFWriter 3.02 for Windows,False,0,0,0,0
001946.pdf,Acrobat Distiller 2.1 PE for Windows,False,0,0,0,0
001947.pdf,Acrobat Distiller 7.0.5 (Windows),False,0,0,0,0
001948.pdf,Acrobat Distiller 7.0 (Windows),False,0,0,0,0
001949.pdf,Acrobat Distiller 4.0 for Windows,False,0,0,0,0
001950.pdf,Acrobat Distiller 6.0.1 (Windows),False,2,2,2,2
001951.pdf,Acrobat PDFWriter 2.01 for Windows,False,2,2,2,2
001953.pdf,Acrobat Distiller 5.0.5 (Windows),False,2,2,2,2
001954.pdf,Microsoft® Office Word 2007,False,0,0,0,0
001955.pdf,Acrobat Distiller 5.0 (Windows),False,0,0,0,0
001956.pdf,Acrobat Distiller 8.1.0 (Windows),False,0,0,0,0
001957.pdf,Acrobat Distiller 4.0 for Windows,False,2,2,2,2
001958.pdf,Acrobat Distiller 8.1.0 (Windows),False,0,0,0,0
001959.pdf,Acrobat PDFWriter 4.0 for Windows NT,False,0,0,0,0
001960.pdf,Acrobat Distiller 4.0 for Windows,False,0,0,0,0
001961.pdf,ESP Ghostscript 7.07,False,0,0,0,0
001964.pdf,Rumborak PDF-Writer Plus 1.0 RC9 / GS 8.50,False,2,2,2,2
001967.pdf,Acrobat Distiller 7.0 (Windows),False,0,0,0,0
001977.pdf,Acrobat Distiller 7.0.5 (Windows),False,2,2,2,2
001978.pdf,Acrobat Distiller 8.1.0 (Windows),False,0,0,0,0
001980.pdf,Acrobat Web Capture 4.05,False,0,0,0,0
001985.pdf,Acrobat Distiller 8.1.0 (Windows),False,2,2,2,2
001987.pdf,Acrobat PDFWriter 5.0 for Windows NT,False,2,2,2,2
001988.pdf,Acrobat Distiller 7.0 (Windows),False,2,2,2,2
001765.pdf,Acrobat Distiller 6.0.1 (Windows),False,0,0,0,0
001766.pdf,Acrobat Distiller 6.0.1 (Windows),False,0,0,0,0
001767.pdf,Acrobat Distiller 6.0.1 (Windows),False,0,0,0,0
001768.pdf,Acrobat Distiller 6.0.1 (Windows),False,0,0,0,0
001769.pdf,Acrobat Distiller 6.0.1 (Windows),False,0,0,0,0
001770.pdf,dgn2pdf,False,0,0,0,0
001775.pdf,Acrobat Distiller 5.0.5 (Windows),False,0,0,0,0
001780.pdf,Acrobat Distiller 4.0 for Windows,False,2,2,2,2
001785.pdf,Acrobat Distiller 7.0.5 (Windows),False,0,0,0,0
001787.pdf,Acrobat Distiller 2.1 for Windows,False,0,0,0,0
001793.pdf,Acrobat PDFWriter 3.02 for Windows,False,0,0,0,0
001796.pdf,iText1.1 by lowagie.com (based on itext-paulo-142),False,0,0,0,0
001799.pdf,Acrobat PDFWriter 5.0 for Windows NT,False,0,0,0,0
001800.pdf,Acrobat Distiller 5.0.5 for Macintosh,False,0,0,0,0
001814.pdf,Acrobat Distiller 5.0 (Windows),False,0,0,0,0
001815.pdf,Acrobat Distiller 7.0.5 (Windows),False,2,2,2,2
001852.pdf,Acrobat PDFWriter 5.0 for Windows NT,False,0,0,0,0
001854.pdf,iText1.1 by lowagie.com (based on itext-paulo-142),False,0,0,0,0
001869.pdf,Acrobat Distiller 7.0 (Windows),False,0,0,0,0
001871.pdf,Acrobat Distiller 5.0.2 for Macintosh,False,0,0,0,0
016133.pdf,Acrobat PDFWriter 4.0 for Windows,False,2,2,2,2
016134.pdf,GNU Ghostscript 7.05,False,0,0,0,0
016135.pdf,Acrobat Distiller 5.0.5 (Windows),False,0,0,0,0
016136.pdf,Acrobat Distiller 6.0.1 (Windows),False,2,2,2,2
016137.pdf,Acrobat Distiller 5.0.5 (Windows),False,0,0,0,0
016138.pdf,Acrobat Distiller 6.0.1 (Windows),False,0,0,0,0
016139.pdf,Acrobat Distiller 6.0.1 (Windows),False,0,0,0,0
016140.pdf,Acrobat Distiller 6.0 (Windows),False,0,0,0,0
016141.pdf,Acrobat Distiller 7.0 (Windows),False,0,0,0,0
016142.pdf,"Etymon PJ 1.10, Copyright (C) 1998-2000 Etymon Systems, Inc. <http://www.etymon.com/>. ",False,0,0,0,0
016143.pdf,Acrobat Distiller 5.0.5 (Windows),False,0,0,0,0
016145.pdf,"dvipdfm 0.13.2b, Copyright © 1998, by Mark A. Wicks",False,2,2,2,2
016146.pdf,pdfeTeX-1.21a,False,0,0,0,0
016147.pdf,Acrobat Distiller 7.0.5 (Windows),False,0,0,0,0
016148.pdf,Acrobat Distiller 3.01 for Windows,False,0,0,0,0
016149.pdf,Acrobat Distiller 4.0 for Windows,False,0,0,0,0
016150.pdf,GPL Ghostscript 8.15,False,0,0,0,0
016151.pdf,pdfeTeX-1.21a,False,0,0,0,0
016152.pdf,pdfTeX-1.40.3,False,0,0,0,0
016153.pdf,Acrobat Distiller 8.1.0 (Windows),False,0,0,0,0
001989.pdf,Adobe PDF Library 8.0,False,0,0,0,0
001991.pdf,Acrobat PDFWriter 1.0 for Windows,False,0,0,0,0
001994.pdf,Acrobat Distiller 6.0 (Windows),False,0,0,0,0
001995.pdf,"Etymon PJ 1.10, Copyright (C) 1998-2000 Etymon Systems, Inc. <http://www.etymon.com/>. ",False,0,0,0,0
016009.pdf,Acrobat Distiller 7.0.5 (Windows),False,0,0,0,0
016010.pdf,Acrobat Distiller 4.05 for Macintosh,False,0,0,0,0
016011.pdf,Acrobat Distiller 5.0.5 (Windows),False,0,0,0,0
016012.pdf,Acrobat Distiller 4.0 for Windows,False,2,2,2,2
016018.pdf,Acrobat Distiller 6.0.1 for Macintosh,False,0,0,0,0
016019.pdf,Acrobat Distiller 5.0.5 for Macintosh,False,0,0,0,0
016035.pdf,Acrobat Distiller 3.02,False,0,0,0,0
016036.pdf,Acrobat PDFWriter 4.0 for Windows,False,0,0,0,0
016039.pdf,Acrobat PDFWriter 5.0 for Windows NT,False,0,0,0,0
016044.pdf,Acrobat Distiller 6.0.1 (Windows),False,0,0,0,0
016051.pdf,Acrobat Distiller 1.0.2 for Macintosh,False,0,0,0,0
016052.pdf,Acrobat PDFWriter 3.0 for Windows,False,0,0,0,0
016109.pdf,Acrobat Distiller 4.05 for Windows,False,0,0,0,0
016110.pdf,Apache FOP Version 0.94,False,0,0,0,0
016111.pdf,Acrobat Distiller 7.0.5 (Windows),False,0,0,0,0
016112.pdf,Acrobat Distiller 4.05 for Windows,False,0,0,0,0
016154.pdf,AFPL Ghostscript 8.0,False,0,0,0,0
016155.pdf,Acrobat Distiller 8.1.0 (Windows),False,0,0,0,0
016175.pdf,Acrobat Distiller 3.01 for Windows,False,0,0,0,0
016182.pdf,Acrobat Distiller 6.0 (Windows),False,0,0,0,0
016184.pdf,Acrobat Distiller 4.05 for Windows,False,0,0,0,0
016188.pdf,Acrobat Distiller 4.0 for Windows,False,0,0,0,0
016191.pdf,Acrobat Distiller 7.0.5 (Windows),False,0,0,0,0
016192.pdf,Acrobat Distiller 7.0.5 (Windows),False,0,0,0,0
016214.pdf,Acrobat Distiller 3.02,False,0,0,0,0
016287.pdf,Acrobat Distiller 6.0 (Windows),False,0,0,0,0
016288.pdf,PDFlib V0.6 (C) Thomas Merz 1997-98,False,0,0,0,0
016291.pdf,Acrobat PDFWriter 2.01 for Windows,False,0,0,0,0
016336.pdf,Acrobat Distiller 7.0 (Windows),False,0,0,0,0
016337.pdf,www.adlibsys.com:ADLIBPDF20801-W2KA,False,0,0,0,0
016338.pdf,Acrobat Distiller 5.00 for Macintosh,False,0,0,0,0
016339.pdf,Acrobat PDFWriter 3.02 for Windows NT,False,0,0,0,0
016362.pdf,Acrobat Distiller 5.0 (Windows),False,0,0,0,0
016387.pdf,IRIS     ,False,0,0,0,0
016424.pdf,Adobe PDF Library 7.0,False,0,0,0,0
016429.pdf,Acrobat Distiller 5.0.5 (Windows),False,2,2,2,2
016113.pdf,dvips + ESP Ghostscript 815.03,False,0,0,0,0
016114.pdf,Acrobat PDFWriter 3.02 for Windows,False,0,0,0,0
016115.pdf,pdfeTeX-1.21a,False,0,0,0,0
016116.pdf,Acrobat Distiller 5.0.5 (Windows),False,0,0,0,0
016117.pdf,GNU Ghostscript 7.05,False,0,0,0,0
016118.pdf,Acrobat PDFWriter 3.02 for Windows,False,0,0,0,0
016119.pdf,OmniPage 12 http://www.scansoft.com,False,0,0,0,0
016120.pdf,AFPL Ghostscript 7.0,False,0,0,0,0
016121.pdf,Acrobat Distiller 6.0 (Windows),False,0,0,0,0
016122.pdf,pdfeTeX-1.20a,False,0,0,0,0
016123.pdf,Acrobat Distiller 2.1 for Windows,False,2,2,2,2
016124.pdf,Acrobat Distiller 7.0 (Windows),False,2,2,2,2
016125.pdf,AppendPDF 2.0 for Windows - SPDF 1021,False,0,0,0,0
016126.pdf,OpenOffice.org 2.0,False,0,0,0,0
016127.pdf,Mac OS X 10.4.10 Quartz PDFContext,False,0,0,0,0
016128.pdf,Adobe Acrobat 9.0 Paper Capture Plug-in,False,2,2,2,2
016129.pdf,pdfTeX-1.10b,False,0,0,0,0
016130.pdf,Apogee Series3 Pilot v1.0.1u2,False,2,2,2,2
016131.pdf,US General Accounting Office (GAO),False,0,0,0,0
016132.pdf,PDFlib PLOP 2.0.0p6 (SunOS)/Acrobat Distiller 5.0.5 (Windows),False,0,0,0,0
016480.pdf,www.adlibsoftware.com:EXS3181-Windows 2003:TNG,False,0,0,0,0
016481.pdf,Acrobat Distiller 6.0 (Windows),False,0,0,0,0
016482.pdf,Acrobat Distiller 6.0 (Windows),False,0,0,0,0
016483.pdf,Acrobat Distiller 6.0.1 (Windows),False,2,2,2,2
016484.pdf,Acrobat Distiller 6.0 (Windows),False,0,0,0,0
016487.pdf,Acrobat Distiller 5.0.5 (Windows),False,0,0,0,0
016490.pdf,Acrobat PDFWriter 3.0 for Windows,False,0,0,0,0
016491.pdf,Acrobat Distiller 7.0.5 (Windows),False,0,0,0,0
016492.pdf,,False,0,0,0,0
016499.pdf,Acrobat PDFWriter 3.02 for Windows,False,0,0,0,0
016503.pdf,Acrobat 5.0 Scan Plug-in for Windows,False,0,0,0,0
016537.pdf,Acrobat Distiller 6.0.1 (Windows),False,0,0,0,0
016552.pdf,Acrobat Distiller 6.0.1 (Windows),False,2,2,2,2
016555.pdf,JAWS PDFLib,False,2,2,2,2
016583.pdf,Acrobat Distiller 8.1.0 (Windows),False,0,0,0,0
016595.pdf,"Etymon PJ 1.10, Copyright (C) 1998-2000 Etymon Systems, Inc. <http://www.etymon.com/>. ",False,0,0,0,0
016611.pdf,Acrobat Distiller 5.0.5 (Windows),False,2,2,2,2
016612.pdf,Acrobat Distiller 5.0.5 for Macintosh,False,2,2,2,2
016613.pdf,Acrobat PDFWriter 3.02 for Windows,False,0,0,0,0
016614.pdf,Acrobat PDFWriter 4.05 for Windows,False,0,0,0,0
016459.pdf,Acrobat Distiller 5.0.5 (Windows),False,0,0,0,0
016460.pdf,Acrobat Distiller 8.1.0 (Windows),False,2,2,2,2
016461.pdf,Acrobat PDFWriter 5.0 for Windows NT,False,0,0,0,0
016462.pdf,Acrobat PDFWriter 2.11 for Windows,False,2,2,2,2
016463.pdf,Acrobat Distiller 4.05 for Macintosh,False,0,0,0,0
016464.pdf,Acrobat Distiller 6.0.1 (Windows),False,0,0,0,0
016465.pdf,AFPL Ghostscript 8.53,False,0,0,0,0
016466.pdf,Acrobat Distiller 5.0.5 (Windows),False,0,0,0,0
016467.pdf,Acrobat Distiller 7.0.5 (Windows),False,0,0,0,0
016468.pdf,Mac OS X 10.1.5 Quartz PDFContext,False,0,0,0,0
016469.pdf,Acrobat Distiller 4.0 for Windows,False,0,0,0,0
016470.pdf,Acrobat Distiller 6.0 (Windows),False,0,0,0,0
016471.pdf,pdfTeX-0.14f,False,0,0,0,0
016472.pdf,Acrobat Distiller 4.05 for Windows,False,2,2,2,2
016473.pdf,Acrobat Distiller 5.0.5 for Macintosh,False,0,0,0,0
016474.pdf,APJavaScript 2.2.1 Windows SPDF_1112 Oct  3 2005,False,0,0,0,0
016475.pdf,Acrobat Distiller 6.0 (Windows),False,2,2,2,2
016476.pdf,"Etymon PJ 1.10, Copyright (C) 1998-2000 Etymon Systems, Inc. <http://www.etymon.com/>. ",False,0,0,0,0
016477.pdf,Acrobat Distiller 7.0 (Windows),False,0,0,0,0
016478.pdf,Acrobat Distiller 7.0.5 (Windows),False,0,0,0,0
016433.pdf,Acrobat Distiller 5.0.5 (Windows),False,2,2,2,2
016438.pdf,Acrobat Distiller 7.0.5 (Windows),False,2,2,2,2
016439.pdf,Acrobat PDFWriter 5.0 for Windows,False,0,0,0,0
016442.pdf,Acrobat Distiller 6.0 (Windows),False,0,0,0,0
016443.pdf,Acrobat Distiller 5.0.5 (Windows),False,0,0,0,0
016444.pdf,Acrobat Distiller 7.0 (Windows),False,2,2,2,2
016445.pdf,Acrobat Distiller 8.1.0 (Windows),False,2,2,2,2
016446.pdf,Acrobat Distiller 8.1.0 (Windows),False,2,2,2,2
016447.pdf,Acrobat Distiller 3.0 for Windows,False,2,2,2,2
016448.pdf,Acrobat Distiller 5.0.5 (Windows),False,0,0,0,0
016449.pdf,Acrobat Distiller 8.0.0 (Windows),False,0,0,0,0
016450.pdf,Acrobat Distiller 5.00 for Macintosh,False,0,0,0,0
016451.pdf,pdfeTeX-1.20a,False,0,0,0,0
016452.pdf,Acrobat Distiller 4.0 for Windows,False,0,0,0,0
016453.pdf,Acrobat Distiller 5.0.5 (Windows),False,0,0,0,0
016454.pdf,Mac OS X 10.4.6 Quartz PDFContext,False,2,2,2,2
016455.pdf,Acrobat Distiller 7.0.5 (Windows),False,2,2,2,2
016456.pdf,Amyuni Document Converter,False,0,0,0,0
016457.pdf,Acrobat Distiller 7.0.5 (Windows),False,2,2,2,2
016458.pdf,Acrobat Distiller 6.0 (Windows),False,0,0,0,0
016615.pdf,Acrobat Distiller 5.0 (Windows),False,0,0,0,0
016616.pdf,Acrobat Distiller 4.0 for Windows,False,0,0,0,0
016617.pdf,Acrobat Distiller 4.0 for Windows,False,0,0,0,0
016619.pdf,Acrobat Distiller 4.0 for Windows,False,0,0,0,0
016620.pdf,Corel PDF Engine Version 11.4.0.100,False,0,0,0,0
016624.pdf,Acrobat Distiller 5.0 (Windows),False,0,0,0,0
016631.pdf,Acrobat Distiller 6.0 (Windows),False,2,2,2,2
016635.pdf,,False,0,0,0,0
016637.pdf,Acrobat Distiller 4.0 for Windows,False,0,0,0,0
016638.pdf,Acrobat Distiller 6.0 (Windows),False,0,0,0,0
016639.pdf,Acrobat Distiller 8.1.0 (Windows),False,2,2,2,2
016642.pdf,Acrobat Distiller 6.0.1 (Windows),False,0,0,0,0
016649.pdf,Acrobat Distiller 3.0 for Power Macintosh,False,0,0,0,0
016653.pdf,,False,2,2,2,2
016654.pdf,Acrobat Distiller 4.0 for Macintosh,False,0,0,0,0
016655.pdf,Acrobat Distiller 8.1.0 (Windows),True,3,0,0,0
016659.pdf,Acrobat Distiller 6.0 (Windows),False,0,0,0,0
016662.pdf,Acrobat Distiller 7.0 (Windows),False,0,0,0,0
016665.pdf,Acrobat Distiller 8.1.0 (Windows),False,0,0,0,0
016667.pdf,Acrobat PDFWriter 3.03 for Windows,False,0,0,0,0
016737.pdf,Acrobat Distiller 8.1.0 (Windows),False,0,0,0,0
016738.pdf,Acrobat Distiller 6.0 (Windows),False,2,2,2,2
016739.pdf,Acrobat Distiller 6.0.1 (Windows),False,2,2,2,2
016740.pdf,Acrobat PDFWriter 4.05 for Windows,False,0,0,0,0
016741.pdf,JAWS PDFLib,False,0,0,0,0
016742.pdf,Acrobat Distiller 8.1.0 (Windows),False,0,0,0,0
016743.pdf,Acrobat PDFWriter 3.02 for Windows NT,False,2,2,2,2
016744.pdf,Acrobat Distiller 7.0.5 (Windows),False,0,0,0,0
016745.pdf,,False,0,0,0,0
016746.pdf,www.adlibsys.com:EXD3145-W98,False,2,2,2,2
016747.pdf,Acrobat Distiller 6.0.1 (Windows),False,2,2,2,2
016748.pdf,www.adlibsys.com:EXD3145-W98,False,2,2,2,2
016749.pdf,,False,0,0,0,0
016750.pdf,Acrobat Distiller 4.0 for Windows,False,2,2,2,2
016751.pdf,www.adlibsoftware.com:EXS3167-Windows XP,False,0,0,0,0
016752.pdf,Acrobat Distiller 7.0 (Windows),False,0,0,0,0
016753.pdf,Acrobat PDFWriter 4.05 for Windows,False,2,2,2,2
016755.pdf,Acrobat Distiller 8.0.0 (Windows),False,0,0,0,0
016756.pdf,Acrobat PDFWriter 4.0 for Windows,False,0,0,0,0
016757.pdf,Corel PDF Engine Version 11.2.0.239,False,0,0,0,0
016668.pdf,Acrobat Distiller 3.0 for Power Macintosh,False,0,0,0,0
016670.pdf,www.adlibsoftware.com:EXS3183-Windows 2003:TNG,False,0,0,0,0
016671.pdf,Acrobat Distiller 8.1.0 (Windows),False,0,0,0,0
016676.pdf,Acrobat Distiller 5.0.5 (Windows),False,0,0,0,0
016683.pdf,Acrobat PDFWriter 3.02 for Windows NT,False,0,0,0,0
016684.pdf,Microsoft® Office Word 2007,False,0,0,0,0
016685.pdf,Acrobat Distiller 7.0.5 (Windows),False,0,0,0,0
016689.pdf,Acrobat Distiller 7.0.5 (Windows),False,0,0,0,0
016691.pdf,Acrobat Distiller 5.0 (Windows),False,0,0,0,0
016693.pdf,Acrobat Distiller 7.0.5 (Windows),False,0,0,0,0
016726.pdf,Acrobat PDFWriter 3.02 for Windows,False,0,0,0,0
016728.pdf,,False,0,0,0,0
016729.pdf,Oracle PDF driver,False,0,0,0,0
016730.pdf,Acrobat Distiller 6.0.1 (Windows),False,0,0,0,0
016731.pdf,Acrobat Distiller 8.1.0 (Windows),False,0,0,0,0
016732.pdf,Acrobat Distiller 8.1.0 (Windows),False,0,0,0,0
016733.pdf,Readiris Build 4658,False,0,0,0,0
016734.pdf,Acrobat Distiller 6.0 (Windows),False,0,0,0,0
016735.pdf,Acrobat Distiller 7.0 (Windows),False,2,2,2,2
016736.pdf,JAWS PDFLib,False,0,0,0,0
016860.pdf,Corel PDF Engine Version 9.395,False,0,0,0,0
016861.pdf,Acrobat Distiller 3.01 for Windows,False,0,0,0,0
016862.pdf,Acrobat Distiller 2.1 for Windows,False,0,0,0,0
016863.pdf,Acrobat Distiller 5.0 (Windows),False,0,0,0,0
016864.pdf,Acrobat Distiller 3.02,False,0,0,0,0
016866.pdf,Acrobat Distiller 5.0.5 (Windows),False,0,0,0,0
016868.pdf,Acrobat Distiller 6.0.1 (Windows),False,0,0,0,0
016869.pdf,Acrobat PDFWriter 4.0 for Windows NT,False,0,0,0,0
016870.pdf,Acrobat Distiller 5.0.5 (Windows),False,2,2,2,2
016871.pdf,Acrobat Distiller 6.0.1 (Windows),False,0,0,0,0
016872.pdf,Acrobat Distiller 7.0.5 (Windows),False,0,0,0,0
016873.pdf,Acrobat Distiller 6.0 (Windows),False,0,0,0,0
016874.pdf,Adobe Acrobat 6.0,False,2,2,2,2
016876.pdf,Corel PDF Engine Version 9.654,False,0,0,0,0
016877.pdf,Acrobat Distiller 5.0 (Windows),False,2,2,2,2
016878.pdf,Acrobat Distiller 7.0 (Windows),False,0,0,0,0
016880.pdf,Acrobat PDFWriter 3.02 for Windows,False,0,0,0,0
016881.pdf,Acrobat Distiller 6.0 (Windows),False,0,0,0,0
016883.pdf,Acrobat Distiller 7.0 (Windows),False,2,2,2,2
016884.pdf,Acrobat Distiller 8.1.0 (Windows),False,2,2,2,2
016758.pdf,Acrobat PDFWriter 5.0 for Windows NT,False,0,0,0,0
016759.pdf,Adobe PDF Library 7.0,False,0,0,0,0
016761.pdf,Acrobat Distiller 5.0.5 for Macintosh,False,0,0,0,0
016762.pdf,Acrobat Distiller 6.0.1 (Windows),False,0,0,0,0
016763.pdf,Acrobat Distiller 7.0 (Windows),False,0,0,0,0
016764.pdf,Acrobat Distiller 6.0.1 (Windows),False,0,0,0,0
016766.pdf,Adobe PDF Library 5.0,False,0,0,0,0
016767.pdf,Acrobat Distiller 5.0 (Windows),False,0,0,0,0
016770.pdf,Acrobat Distiller 8.0.0 (Windows),False,0,0,0,0
016773.pdf,pdfTeX-0.14h,False,0,0,0,0
016777.pdf,Acrobat Distiller 4.05 for Windows,False,0,0,0,0
016784.pdf,Acrobat Distiller 6.0.1 (Windows),False,0,0,0,0
016791.pdf,Acrobat Distiller 3.0 for Power Macintosh,False,0,0,0,0
016795.pdf,StampPDF Batch 2.7 for Solaris - SPDF 1045,False,0,0,0,0
016797.pdf,Acrobat Distiller 6.0.1 (Windows),False,0,0,0,0
016798.pdf,Acrobat Distiller 5.0 (Windows),False,0,0,0,0
016799.pdf,Acrobat Distiller 3.01 for Power Macintosh,False,0,0,0,0
016800.pdf,Acrobat Distiller 5.0.5 (Windows),False,0,0,0,0
016802.pdf,Acrobat Distiller 4.0 for Windows,False,2,2,2,2
016803.pdf,Acrobat Distiller 4.05 for Windows,False,2,2,2,2
016805.pdf,Acrobat Distiller 5.0.5 (Windows),False,2,2,2,2
016818.pdf,Acrobat Distiller 2.1 for Windows,False,2,2,2,2
016819.pdf,Acrobat Distiller Daemon 3.01 for Solaris 2.3 and later (SPARC),False,0,0,0,0
016820.pdf,Acrobat Distiller 4.05 for Windows,False,0,0,0,0
016821.pdf,Acrobat Distiller 3.01 for Windows,False,2,2,2,2
016822.pdf,Acrobat Distiller 4.05 for Windows,False,2,2,2,2
016824.pdf,Acrobat Distiller 3.0 for Power Macintosh,False,0,0,0,0
016832.pdf,Adobe PDF Library 7.0,False,0,0,0,0
016839.pdf,Acrobat PDFWriter 3.0 for Windows,False,0,0,0,0
016844.pdf,Acrobat Distiller 3.0 for Power Macintosh,False,0,0,0,0
016845.pdf,Acrobat Distiller 6.0 (Windows),False,0,0,0,0
016846.pdf,Acrobat Distiller 7.0 (Windows),False,0,0,0,0
016847.pdf,Acrobat Distiller 7.0 (Windows),False,2,2,2,2
016848.pdf,Acrobat Distiller 2.0 for Windows,False,0,0,0,0
016849.pdf,,False,0,0,0,0
016850.pdf,Acrobat Distiller 3.0 for Power Macintosh,False,0,0,0,0
016852.pdf,Adobe PDF Library 7.0,True,0,0,0,0
016856.pdf,Acrobat Distiller 6.0.1 (Windows),False,0,0,0,0
016858.pdf,,False,0,0,0,0
016859.pdf,Acrobat Distiller 4.0 for Windows,False,2,2,2,2
016885.pdf,Acrobat PDFWriter 3.02 for Windows NT,False,0,0,0,0
016914.pdf,Acrobat PDFWriter 3.02 for Windows,False,0,0,0,0
033000.pdf,Acrobat Distiller 4.0 for Windows,False,0,0,0,0
033002.pdf,Acrobat Distiller 4.0 for Windows,False,0,0,0,0
033004.pdf,Acrobat Distiller 4.0 for Windows,False,0,0,0,0
033005.pdf,Acrobat Net Distiller 1.0 for Windows,False,0,0,0,0
033006.pdf,Acrobat Distiller 4.0 for Windows,False,0,0,0,0
033008.pdf,Acrobat Distiller 6.0.1 (Windows),False,0,0,0,0
033009.pdf,Acrobat Net Distiller 1.0 for Windows,False,2,2,2,2
033010.pdf,Acrobat Distiller 3.01 for Windows,False,0,0,0,0
033011.pdf,Acrobat Distiller Command 3.01 for Solaris 2.3 and later (SPARC),False,0,0,0,0
033012.pdf,Oracle PDF driver,False,0,0,0,0
033013.pdf,Acrobat Distiller 6.0.1 (Windows),False,0,0,0,0
033014.pdf,Acrobat Distiller 3.0 for Power Macintosh,False,0,0,0,0
033015.pdf,TextBridge(TM) http://www.scansoft.com,False,2,2,2,2
033016.pdf,Acrobat Distiller 4.0 for Windows,False,0,0,0,0
033017.pdf,Acrobat Distiller 6.0.1 (Windows),False,2,2,2,2
033018.pdf,Acrobat Distiller 6.0 (Windows),False,0,0,0,0
033019.pdf,Corel PDF Engine Version 11.4.0.100,False,0,0,0,0
033021.pdf,OmniPage 12 http://www.scansoft.com,False,0,0,0,0
033022.pdf,Acrobat Distiller 4.0 for Windows,False,0,0,0,0
033023.pdf,Acrobat Distiller 4.0 for Windows,False,0,0,0,0
033024.pdf,Adobe Acrobat 6.0,False,0,0,0,0
033025.pdf,Acrobat Distiller 3.01 for Power Macintosh,False,2,2,2,2
033026.pdf,Acrobat Distiller 7.0 (Windows),False,2,2,2,2
033028.pdf,Acrobat Distiller 6.0 (Windows),False,0,0,0,0
033029.pdf,Acrobat Distiller 6.0.1 (Windows),False,0,0,0,0
033031.pdf,,False,0,0,0,0
033039.pdf,Acrobat PDFWriter 4.05 for Windows NT,False,0,0,0,0
033042.pdf,Oracle PDF driver,False,0,0,0,0
033048.pdf,Acrobat Distiller 5.0.5 (Windows),False,0,0,0,0
033051.pdf,Acrobat Distiller 7.0.5 (Windows),False,2,2,2,2
033056.pdf,Amyuni Document Converter,False,0,0,0,0
033148.pdf,Acrobat Distiller 4.05 for Macintosh,False,0,0,0,0
033151.pdf,Acrobat Distiller 7.0.5 (Windows),False,0,0,0,0
033152.pdf,Acrobat Distiller 8.0.0 (Windows),False,0,0,0,0
033153.pdf,Acrobat Distiller 5.0.5 (Windows),False,0,0,0,0
033154.pdf,Acrobat Distiller 4.0 for Windows,False,0,0,0,0
033155.pdf,Acrobat Distiller 4.0 for Windows,False,0,0,0,0
033156.pdf,Acrobat Distiller 7.0.5 for Macintosh,False,0,0,0,0
033157.pdf,Acrobat Distiller 8.1.0 (Windows),False,0,0,0,0
033158.pdf,Adobe Acrobat 8.1,False,0,0,0,0
033159.pdf,Adobe PDF Library 8.0,False,0,0,0,0
033160.pdf,Acrobat Distiller 8.1.0 (Windows),False,0,0,0,0
033161.pdf,Acrobat Distiller 4.0 for Windows,False,0,0,0,0
033162.pdf,Acrobat Distiller 4.0 for Windows,False,0,0,0,0
033163.pdf,Acrobat Distiller 7.0.5 for Macintosh,False,0,0,0,0
033164.pdf,Acrobat Distiller 5.0 (Windows),False,0,0,0,0
033166.pdf,Acrobat Distiller 7.0.5 (Windows),False,0,0,0,0
033167.pdf,Acrobat Distiller 6.0 (Windows),False,0,0,0,0
033168.pdf,Acrobat Distiller 6.0.1 (Windows),False,2,2,2,2
033169.pdf,Mac OS X 10.4.10 Quartz PDFContext,False,0,0,0,0
033170.pdf,Acrobat Distiller 5.0.5 (Windows),False,0,0,0,0
033171.pdf,Acrobat Distiller 6.0 (Windows),False,0,0,0,0
033172.pdf,Acrobat Distiller 6.0 (Windows),False,0,0,0,0
033173.pdf,Acrobat Distiller 7.0.5 (Windows),False,2,2,2,2
033174.pdf,Acrobat Distiller 5.0.5 (Windows),False,0,0,0,0
033175.pdf,,False,0,0,0,0
033176.pdf,Acrobat PDFWriter 4.05 for Windows NT,False,0,0,0,0
033177.pdf,Acrobat Distiller 6.0 (Windows),False,0,0,0,0
033526.pdf,Acrobat PDFWriter 2.0 for Macintosh,False,0,0,0,0
033527.pdf,Acrobat Distiller 6.0 (Windows),False,0,0,0,0
033528.pdf,Acrobat Web Capture 6.0,False,0,0,0,0
033529.pdf,Acrobat Distiller 5.0.5 (Windows),False,0,0,0,0
033530.pdf,Mac OS X 10.4.11 Quartz PDFContext,False,0,0,0,0
033531.pdf,Acrobat Distiller 6.0 (Windows),False,0,0,0,0
033532.pdf,Acrobat Distiller 7.0.5 (Windows),False,0,0,0,0
033533.pdf,GNU Ghostscript 7.05,True,0,0,0,0
033534.pdf,Acrobat Distiller 5.0.5 (Windows),False,0,0,0,0
033535.pdf,Acrobat Distiller 4.0 for Macintosh,False,0,0,0,0
033536.pdf,Acrobat Distiller 4.0 for Windows,False,0,0,0,0
033537.pdf,Acrobat Distiller 5.0.5 (Windows),False,0,0,0,0
033539.pdf,Acrobat Distiller 4.0 for Macintosh,False,0,0,0,0
033540.pdf,Acrobat PDFWriter 4.05 for Windows NT,False,0,0,0,0
033541.pdf,Acrobat Distiller 8.1.0 (Windows),False,0,0,0,0
033542.pdf,Acrobat Distiller 6.0.1 (Windows),False,0,0,0,0
033543.pdf,Acrobat PDFWriter 4.0 for Windows,False,0,0,0,0
033545.pdf,Adobe PDF Library 7.0,False,0,0,0,0
033546.pdf,Acrobat PDFWriter 4.0 for Windows,False,0,0,0,0
033547.pdf,Acrobat Distiller 4.05 for Windows,False,0,0,0,0
033302.pdf,Acrobat Distiller 6.0 (Windows),False,0,0,0,0
033308.pdf,Acrobat Distiller 2.1 for Power Macintosh,False,0,0,0,0
033309.pdf,Acrobat Distiller 4.0 for Windows,False,0,0,0,0
033310.pdf,Acrobat Distiller 5.0.5 (Windows),False,0,0,0,0
033311.pdf,Acrobat Distiller 7.0.5 (Windows),False,0,0,0,0
033312.pdf,,False,0,0,0,0
033313.pdf,Acrobat Distiller 5.0.5 (Windows),False,2,2,2,2
033314.pdf,Acrobat Distiller 4.05 for Windows,False,2,2,2,2
033316.pdf,Acrobat Distiller 4.0 for Windows,False,0,0,0,0
033317.pdf,Acrobat PDFWriter 4.0 for Power Macintosh,False,0,0,0,0
033318.pdf,GNU Ghostscript 7.05,False,0,0,0,0
033319.pdf,Acrobat Distiller 6.0.1 (Windows),False,0,0,0,0
033320.pdf,Acrobat Distiller 4.05 for Windows,False,0,0,0,0
033321.pdf,Acrobat Distiller 4.0 for Macintosh,False,2,2,2,2
033322.pdf,Acrobat Distiller 5.0.5 (Windows),False,0,0,0,0
033323.pdf,Acrobat Distiller 6.0.1 (Windows),False,0,0,0,0
033324.pdf,AFPL Ghostscript 8.14,False,0,0,0,0
033325.pdf,,False,0,0,0,0
033326.pdf,Acrobat Distiller 6.0.1 for Macintosh,False,0,0,0,0
033327.pdf,Acrobat Distiller Command 3.01 for Solaris 2.3 and later (SPARC),False,0,0,0,0
033328.pdf,Acrobat Distiller Command 3.01 for Solaris 2.3 and later (SPARC),False,0,0,0,0
033329.pdf,Acrobat Distiller 6.0 (Windows),False,0,0,0,0
033330.pdf,Acrobat Distiller 7.0.5 (Windows),False,0,0,0,0
033331.pdf,Adobe PDF Library 8.0,False,0,0,0,0
033332.pdf,Adobe Acrobat 7.08 Paper Capture Plug-in,True,3,0,0,0
033333.pdf,Acrobat Distiller 5.0 (Windows),False,0,0,0,0
033334.pdf,Adobe PDF Library 7.0,False,0,0,0,0
033335.pdf,Acrobat Distiller 5.0 (Windows),False,0,0,0,0
033336.pdf,Acrobat Distiller 5.0.5 (Windows),False,2,2,2,2
033337.pdf,Acrobat PDFWriter 5.0 for Windows,False,0,0,0,0
033338.pdf,Acrobat Distiller 7.0 (Windows),False,0,0,0,0
033339.pdf,Acrobat PDFWriter 4.0 for Windows NT,False,0,0,0,0
033340.pdf,Acrobat Distiller 5.0.5 (Windows),False,2,2,2,2
033341.pdf,Acrobat Distiller 4.05 for Macintosh,False,0,0,0,0
033342.pdf,AFPL Ghostscript 8.54,False,0,0,0,0
033343.pdf,Acrobat Distiller 4.05 for Windows,False,0,0,0,0
033344.pdf,AFPL Ghostscript 8.14,False,0,0,0,0
033351.pdf,Acrobat Distiller 5.0.5 (Windows),False,0,0,0,0
033360.pdf,Acrobat Distiller 7.0 (Windows),False,0,0,0,0
033420.pdf,Acrobat PDFWriter 3.02 for Windows,False,0,0,0,0
033548.pdf,Acrobat Distiller 2.0 for Macintosh,False,0,0,0,0
033549.pdf,Acrobat Distiller 5.0.5 (Windows),False,0,0,0,0
033550.pdf,Acrobat Distiller 3.01 for Power Macintosh,False,0,0,0,0
033551.pdf,Acrobat Distiller 6.0 (Windows),False,0,0,0,0
033552.pdf,Acrobat Distiller 4.0 for Windows,False,0,0,0,0
033553.pdf,Acrobat Distiller 5.0 (Windows),False,0,0,0,0
033554.pdf,Acrobat PDFWriter 4.0 for Power Macintosh,False,0,0,0,0
033555.pdf,www.inputsolutions.com,False,0,0,0,0
033556.pdf,Acrobat Distiller 5.0 (Windows),False,0,0,0,0
033557.pdf,Acrobat Distiller 2.0 for Power Macintosh,False,2,2,2,2
033558.pdf,Acrobat Distiller 3.01 for Windows,False,0,0,0,0
033559.pdf,StampPDF Batch 2.7 for Solaris - SPDF 1045,False,0,0,0,0
033560.pdf,Acrobat Distiller 6.0 (Windows),False,0,0,0,0
033561.pdf,Antenna House PDF Output Library 2.4.0 (Linux),False,2,2,2,2
033562.pdf,Adobe PDF Library 6.0,False,0,0,0,0
033563.pdf,Acrobat Distiller 8.0.0 (Windows),False,2,2,2,2
033564.pdf,Acrobat PDFWriter 4.0 for Windows NT,False,0,0,0,0
033565.pdf,Adobe PDF Library 7.0,False,0,0,0,0
033566.pdf,Acrobat Distiller 5.0.5 (Windows),False,2,2,2,2
033567.pdf,Acrobat Distiller 5.0 (Windows),False,0,0,0,0
033568.pdf,Antenna House PDF Output Library 2.4.0 (Linux),False,2,2,2,2
033569.pdf,Acrobat Distiller 6.0.1 (Windows),False,0,0,0,0
033570.pdf,Adobe Acrobat 8.1,False,0,0,0,0
033571.pdf,Acrobat Distiller 3.01 para Windows,False,0,0,0,0
033572.pdf,Acrobat PDFWriter 4.0 Windows NT,False,0,0,0,0
033628.pdf,Acrobat Distiller 7.0.5 (Windows),False,0,0,0,0
033629.pdf,Acrobat Distiller 7.0 (Windows),False,2,2,2,2
033630.pdf,Acrobat Distiller 5.0.5 (Windows),False,0,0,0,0
033631.pdf,Acrobat Distiller 7.0.5 (Windows),False,0,0,0,0
033655.pdf,Acrobat Distiller 6.0.1 (Windows),False,0,0,0,0
033658.pdf,Acrobat Distiller 5.0.5 (Windows),False,0,0,0,0
033684.pdf,Acrobat Distiller 6.0 (Windows),False,0,0,0,0
033685.pdf,Acrobat Distiller 7.0.5 (Windows),False,0,0,0,0
033686.pdf,Acrobat Distiller 6.0 (Windows),False,0,0,0,0
033687.pdf,Antenna House PDF Output Library 2.4.0 (Linux),False,2,2,2,2
033688.pdf,Acrobat Distiller 8.1.0 (Windows),False,0,0,0,0
033689.pdf,Acrobat Distiller 7.0 (Windows),False,0,0,0,0
033690.pdf,Acrobat Distiller 4.05 for Windows,False,2,2,2,2
033691.pdf,Acrobat Distiller 5.0.5 (Windows),False,2,2,2,2
033692.pdf,Acrobat PDFWriter 5.0 for Windows NT,False,2,2,2,2
033714.pdf,Acrobat Distiller 2.1 for Windows,False,0,0,0,0
033715.pdf,Acrobat PDFWriter 3.02 for Windows,False,0,0,0,0
033716.pdf,Acrobat Distiller 2.1 for Windows,False,0,0,0,0
033717.pdf,JAWS PDFLib,False,2,2,2,2
033718.pdf,Acrobat Distiller 4.0 for Macintosh,False,0,0,0,0
033719.pdf,Oracle PDF driver,False,0,0,0,0
033720.pdf,Acrobat Distiller 5.0 (Windows),False,0,0,0,0
033721.pdf,AFPL Ghostscript 8.54,False,0,0,0,0
033722.pdf,Acrobat Distiller 2.1 for Windows,False,2,2,2,2
033723.pdf,Acrobat PDFWriter 3.02 for Windows,False,0,0,0,0
033724.pdf,Acrobat PDFWriter 4.0 for Windows,False,0,0,0,0
033728.pdf,Acrobat PDFWriter 5.0 for Windows NT,False,2,2,2,2
033745.pdf,Corel PDF Engine Version 9.543,False,0,0,0,0
033746.pdf,Acrobat Distiller 8.0.0 (Windows),False,0,0,0,0
033749.pdf,Acrobat Distiller 4.0 for Windows,False,0,0,0,0
033750.pdf,Acrobat Distiller 5.0.5 (Windows),True,5,2,2,2
033751.pdf,Acrobat Distiller 6.0.1 (Windows),False,0,0,0,0
033758.pdf,Corel PDF Engine Version 10.719,False,0,0,0,0
033759.pdf,Acrobat Distiller 8.1.0 (Windows),False,0,0,0,0
033762.pdf,Acrobat PDFWriter 4.05 for Windows NT,False,0,0,0,0
033764.pdf,Acrobat Distiller 5.0.5 (Windows),False,0,0,0,0
033790.pdf,Acrobat Distiller 8.1.0 (Windows),False,0,0,0,0
033791.pdf,Acrobat Distiller 6.0 (Windows),False,0,0,0,0
033792.pdf,Acrobat Distiller 6.0.1 (Windows),False,2,2,2,2
033793.pdf,Acrobat Distiller 7.0.5 (Windows),False,0,0,0,0
033794.pdf,Acrobat Distiller 3.01 for Power Macintosh,False,2,2,2,2
033795.pdf,Acrobat PDFWriter 3.02 for Windows,False,0,0,0,0
033796.pdf,Acrobat Distiller 2.1 for Windows,False,2,2,2,2
033797.pdf,Acrobat Distiller 7.0.5 (Windows),False,0,0,0,0
033798.pdf,Acrobat Distiller 6.0 (Windows),False,0,0,0,0
033799.pdf,Acrobat Distiller 8.0.0 (Windows),False,2,2,2,2
033800.pdf,Mac OS X 10.4.6 Quartz PDFContext,False,0,0,0,0
033801.pdf,Acrobat Distiller 7.0.5 for Macintosh,False,2,2,2,2
033802.pdf,Acrobat PDFWriter 3.02 for Windows,False,0,0,0,0
033803.pdf,OpenOffice.org 2.0,False,0,0,0,0
033804.pdf,Acrobat Distiller 7.0.5 (Windows),False,0,0,0,0
033805.pdf,Acrobat Distiller 7.0 (Windows),False,0,0,0,0
033806.pdf,PDFlib PLOP 2.0.0p6 (SunOS)/Acrobat Distiller 6.0 for Macintosh,False,0,0,0,0
033807.pdf,Acrobat PDFWriter 5.0 for Windows NT,False,0,0,0,0
033808.pdf,Acrobat Distiller 7.0.5 (Windows),False,0,0,0,0
038148.pdf,JAWS PDFLib,False,2,2,2,2
038157.pdf,Acrobat Distiller 7.0.5 (Windows),False,0,0,0,0
038170.pdf,Acrobat Distiller 5.0 (Windows),False,0,0,0,0
038176.pdf,Adobe PDF Library 4.0,False,0,0,0,0
038179.pdf,Acrobat Distiller 4.05 for Windows,False,0,0,0,0
038180.pdf,JAWS PDFLib,False,2,2,2,2
038182.pdf,Acrobat Distiller 7.0.5 (Windows),False,0,0,0,0
038230.pdf,GPL Ghostscript 8.61,False,0,0,0,0
038231.pdf,Acrobat Distiller 5.0.5 (Windows),False,2,2,2,2
038232.pdf,GPL Ghostscript 8.61,False,0,0,0,0
038244.pdf,Acrobat Distiller 4.0 for Windows,False,0,0,0,0
038245.pdf,Acrobat Distiller 4.0 for Windows,False,0,0,0,0
038248.pdf,Acrobat 3.0 Import Plug-in,False,2,2,2,2
038249.pdf,Acrobat Distiller 5.0 (Windows),False,0,0,0,0
038251.pdf,AFPL Ghostscript 8.54,False,0,0,0,0
038252.pdf,Acrobat PDFWriter 3.02 for Windows,False,0,0,0,0
038255.pdf,Acrobat Distiller 4.0 for Windows,False,0,0,0,0
038258.pdf,Acrobat Distiller 8.1.0 (Windows),False,0,0,0,0
038266.pdf,Acrobat Distiller 7.0.5 (Windows),False,0,0,0,0
038268.pdf,Acrobat Distiller 4.0 for Windows,False,2,2,2,2
033810.pdf,Acrobat Distiller 6.0.1 (Windows),False,0,0,0,0
033811.pdf,Acrobat Distiller 5.0.5 (Windows),False,0,0,0,0
033812.pdf,Acrobat Distiller 7.0.5 (Windows),False,0,0,0,0
033813.pdf,Acrobat Distiller 6.0.1 (Windows),False,0,0,0,0
033814.pdf,Acrobat Distiller 6.0 (Windows),False,2,2,2,2
033815.pdf,Acrobat Distiller 5.0.5 (Windows),False,0,0,0,0
033816.pdf,Acrobat Distiller 3.0 for Power Macintosh,False,2,2,2,2
033817.pdf,Acrobat Distiller 5.0.5 (Windows),False,0,0,0,0
033818.pdf,Acrobat Distiller 5.0.5 (Windows),False,2,2,2,2
033819.pdf,GPL Ghostscript 8.54,False,0,0,0,0
033820.pdf,AFPL Ghostscript 8.13,False,0,0,0,0
033821.pdf,Acrobat PDFWriter 5.0 for Windows NT,False,0,0,0,0
033823.pdf,Acrobat Distiller 5.0 (Windows),False,0,0,0,0
033946.pdf,GNU Ghostscript 7.06,False,2,2,2,2
033962.pdf,Acrobat Distiller 6.0 (Windows),False,0,0,0,0
033996.pdf,Acrobat Web Capture 4.0,False,2,2,2,2
038137.pdf,,True,2,2,5,5
038138.pdf,Acrobat Distiller 5.0.5 (Windows),False,0,0,0,0
038139.pdf,Acrobat PDF Writer 1.0 for Macintosh ,False,0,0,0,0
038147.pdf,JAWS PDFLib,False,0,0,0,0
038272.pdf,Acrobat Distiller 5.0 (Windows),False,2,2,2,2
038276.pdf,Acrobat Distiller 5.0 (Windows),False,2,2,2,2
038278.pdf,Mac OS X 10.4.8 Quartz PDFContext,False,0,0,0,0
038307.pdf,Acrobat PDFWriter 5.0 for Windows NT,False,2,2,2,2
038308.pdf,Acrobat Distiller 3.01 for Windows,False,0,0,0,0
038310.pdf,Acrobat PDFWriter 5.0 for Windows NT,False,2,2,2,2
038312.pdf,Acrobat Distiller 6.0.1 (Windows),False,0,0,0,0
038313.pdf,Acrobat PDFWriter 4.0 for Windows NT,False,2,2,2,2
038314.pdf,Acrobat Distiller 6.0 (Windows),False,0,0,0,0
038316.pdf,Acrobat Distiller 6.0 (Windows),False,2,2,2,2
038317.pdf,Corel PDF Engine Version 11.2.0.602,False,0,0,0,0
038319.pdf,Acrobat Distiller 5.0 (Windows),False,0,0,0,0
038321.pdf,Acrobat Distiller 4.0 for Windows,False,2,2,2,2
038322.pdf,Acrobat Distiller 7.0.5 (Windows),False,0,0,0,0
038326.pdf,Acrobat PDFWriter 4.05 for Windows NT,False,0,0,0,0
038327.pdf,Acrobat Distiller 7.0 (Windows),False,0,0,0,0
038332.pdf,Acrobat Distiller 7.0 (Windows),False,0,0,0,0
038333.pdf,Acrobat Distiller 5.0 (Windows),False,0,0,0,0
038336.pdf,Acrobat Distiller 4.05 for Windows,False,0,0,0,0
038337.pdf,Mac OS X 10.4.7 Quartz PDFContext,True,3,0,0,0
033693.pdf,Acrobat Distiller 4.0 for Windows,False,0,0,0,0
033694.pdf,Acrobat Distiller 4.0 for Windows,False,0,0,0,0
033695.pdf,Acrobat Distiller 5.0 (Windows),False,0,0,0,0
033696.pdf,Acrobat Distiller 7.0.5 (Windows),False,0,0,0,0
033697.pdf,Acrobat Distiller 4.0 for Windows,False,2,2,2,2
033698.pdf,Acrobat Distiller 7.0.5 (Windows),False,0,0,0,0
033699.pdf,,False,0,0,0,0
033700.pdf,Acrobat Net Distiller 1.0 for Windows,False,2,2,2,2
033701.pdf,Acrobat Distiller 4.0 for Windows,False,0,0,0,0
033702.pdf,Acrobat Distiller 6.0 (Windows),False,2,2,2,2
033703.pdf,Acrobat Distiller 7.0.5 (Windows),False,0,0,0,0
033704.pdf,Acrobat Distiller 7.0 (Windows),False,0,0,0,0
033705.pdf,Adobe PDF Library 5.0,False,0,0,0,0
033706.pdf,Acrobat Distiller 6.0.1 (Windows),False,0,0,0,0
033707.pdf,Acrobat Distiller 6.0 (Windows),False,2,2,2,2
033708.pdf,Acrobat PDFWriter 4.05 for Windows,False,0,0,0,0
033710.pdf,Acrobat Distiller 8.1.0 (Windows),False,0,0,0,0
033711.pdf,Acrobat Distiller 8.1.0 (Windows),False,0,0,0,0
033712.pdf,Corel PDF Engine Version 9.654,False,0,0,0,0
033713.pdf,Acrobat Distiller 6.0.1 (Windows),False,0,0,0,0
038350.pdf,Acrobat Distiller 5.0 (Windows),False,2,2,2,2
038352.pdf,ECMP5,False,0,0,0,0
038354.pdf,Acrobat Distiller 6.0 (Windows),False,0,0,0,0
038355.pdf,Photoshop PDF Plug-in 1.0,False,0,0,0,0
038359.pdf,Corel PDF Engine Version 10.990,False,0,0,0,0
038363.pdf,Acrobat Distiller 6.0.1 (Windows),False,0,0,0,0
038368.pdf,Acrobat PDFWriter 2.01 for Windows,False,2,2,2,2
038375.pdf,Acrobat Distiller 4.0 for Windows,False,2,2,2,2
038376.pdf,Acrobat Distiller 4.05 for Windows,False,0,0,0,0
038398.pdf,Acrobat Distiller 7.0 (Windows),False,0,0,0,0
038402.pdf,Acrobat Distiller 8.1.0 (Windows),False,2,2,2,2
038404.pdf,Acrobat Distiller 6.0 (Windows),False,2,2,2,2
038405.pdf,Acrobat Distiller 7.0.5 (Windows),False,0,0,0,0
038407.pdf,ScanSoft PDF Create! 3,False,0,0,0,0
038418.pdf,Acrobat PDFWriter 2.0 for Windows,False,0,0,0,0
038434.pdf,Acrobat PDFWriter 3.0 for Power Macintosh,False,0,0,0,0
038436.pdf,Acrobat Distiller 8.1.0 (Windows),False,0,0,0,0
038444.pdf,Acrobat Distiller 5.0 (Windows),False,0,0,0,0
038446.pdf,Acrobat Distiller 5.0.5 (Windows),False,0,0,0,0
038447.pdf,Corel PDF Engine Version 9.395,False,2,2,2,2
038491.pdf,Acrobat Distiller 5.0.5 (Windows),False,0,0,0,0
038492.pdf,Acrobat Distiller 5.0.5 (Windows),False,0,0,0,0
038494.pdf,JAWS PDFLib,False,0,0,0,0
038497.pdf,Acrobat Distiller 7.0.5 (Windows),False,0,0,0,0
038498.pdf,Acrobat Distiller 4.05 for Macintosh,False,0,0,0,0
038504.pdf,Acrobat Distiller 8.1.0 (Windows),False,0,0,0,0
038505.pdf,Acrobat PDFWriter 4.05 for Windows,False,2,2,2,2
038507.pdf,Acrobat PDFWriter 4.05 for Windows NT,False,2,2,2,2
038508.pdf,Acrobat Distiller 7.0.5 (Windows),False,0,0,0,0
038510.pdf,Acrobat Distiller 5.0 (Windows),False,0,0,0,0
038511.pdf,Acrobat Distiller 5.0 (Windows),False,0,0,0,0
038512.pdf,Acrobat Distiller 5.0.5 for Macintosh,False,0,0,0,0
038513.pdf,Acrobat Distiller 7.0.5 (Windows),False,0,0,0,0
038514.pdf,Acrobat Distiller 6.0.1 for Macintosh,False,0,0,0,0
038515.pdf,Acrobat Distiller 5.0.5 for Macintosh,False,0,0,0,0
038516.pdf,QuarkXPress(tm) 6.5,False,0,0,0,0
038517.pdf,Acrobat Distiller 3.01 for Windows,False,0,0,0,0
038518.pdf,GNU Ghostscript 6.52,False,0,0,0,0
038519.pdf,Acrobat Distiller 2.1 for Macintosh,False,0,0,0,0
038520.pdf,Acrobat Distiller 5.0.5 (Windows),False,0,0,0,0
038448.pdf,Acrobat Distiller 4.05 for Macintosh,False,0,0,0,0
038449.pdf,Acrobat Distiller 5.00 for Macintosh,False,2,2,2,2
038450.pdf,Acrobat PDFWriter 5.0 for Windows NT,False,2,2,2,2
038457.pdf,Acrobat Distiller 8.0.0 (Windows),False,0,0,0,0
038458.pdf,Acrobat Distiller 6.0 (Windows),False,2,2,2,2
038459.pdf,Acrobat PDFWriter 5.0 for Windows NT,False,0,0,0,0
038460.pdf,,False,2,2,2,2
038461.pdf,www.adlibsoftware.com:EXS3181-Windows 2003:TNG,False,2,2,2,2
038462.pdf,PDFlib 5.0.3 (C++/Win32),False,0,0,0,0
038463.pdf,Acrobat Distiller 8.0.0 (Windows),False,0,0,0,0
038464.pdf,Corel PDF Engine Version 9.543,False,0,0,0,0
038465.pdf,Acrobat Distiller 7.0.5 (Windows),False,2,2,2,2
038466.pdf,Acrobat Distiller 6.0.1 for Macintosh,False,2,2,2,2
038467.pdf,Acrobat Distiller 8.1.0 (Windows),False,2,2,2,2
038468.pdf,Acrobat Distiller 8.1.0 (Windows),False,2,2,2,2
038469.pdf,Acrobat Distiller 5.0.5 (Windows),False,0,0,0,0
038482.pdf,Corel PDF Engine Version 11.4.0.100,False,0,0,0,0
038487.pdf,Acrobat Distiller 6.0 (Windows),False,0,0,0,0
038489.pdf,,False,0,0,0,0
038490.pdf,Acrobat Net Distiller 1.0 for Windows,False,2,2,2,2
038521.pdf,Acrobat Distiller 8.1.0 (Windows),False,0,0,0,0
038522.pdf,,False,2,2,2,2
038523.pdf,Acrobat Distiller 5.0.5 (Windows),False,0,0,0,0
038524.pdf,Acrobat PDFWriter 3.02 for Windows,False,0,0,0,0
038525.pdf,Acrobat Distiller 3.01 for Windows,False,0,0,0,0
038526.pdf,Acrobat Distiller 4.0 for Windows,False,2,2,2,2
038527.pdf,Acrobat Distiller 6.0 (Windows),False,0,0,0,0
038528.pdf,Acrobat PDFWriter 3.02 for Windows,False,0,0,0,0
038529.pdf,EOL Universal Printer,True,0,0,0,0
038530.pdf,Acrobat Distiller 8.1.0 (Windows),False,2,2,2,2
038531.pdf,Acrobat Distiller 4.0 for Windows,False,0,0,0,0
038532.pdf,Acrobat Distiller 4.0 for Windows,False,0,0,0,0
038533.pdf,Acrobat Distiller 7.0.5 (Windows),False,2,2,2,2
038534.pdf,pdfTeX100.a,False,0,0,0,0
038616.pdf,Corel PDF Engine Version 11.4.0.100,False,2,2,2,2
038617.pdf,Acrobat Distiller 4.0 for Windows,False,2,2,2,2
038618.pdf,Acrobat Distiller 5.0.5 (Windows),False,0,0,0,0
038619.pdf,Acrobat Distiller 8.1.0 (Windows),False,2,2,2,2
038620.pdf,Acrobat Distiller 5.0 (Windows),False,2,2,2,2
038621.pdf,Corel PDF Engine Version 9.320,False,2,2,2,2
038717.pdf,Acrobat Distiller 3.02 for Power Macintosh,False,0,0,0,0
038718.pdf,GNU Ghostscript 7.06,False,0,0,0,0
038719.pdf,Acrobat Distiller Daemon 3.01 for Solaris 2.3 and later (SPARC),False,0,0,0,0
038720.pdf,Corel PDF Engine Version 9.398,False,0,0,0,0
038721.pdf,Acrobat Distiller 7.0.5 (Windows),False,0,0,0,0
038722.pdf,Acrobat Distiller 4.05 for Macintosh,False,0,0,0,0
038723.pdf,Acrobat Distiller 4.05 for Macintosh,False,0,0,0,0
038724.pdf,Acrobat Distiller 7.0.5 (Windows),False,2,2,2,2
038726.pdf,Acrobat Distiller 5.0.5 for Macintosh,False,0,0,0,0
038727.pdf,Adobe PDF library 8.00,False,2,2,2,2
038728.pdf,Acrobat Distiller 5.0.5 for Macintosh,False,0,0,0,0
038773.pdf,Acrobat Distiller 6.0.1 (Windows),False,0,0,0,0
038785.pdf,Acrobat PDFWriter 2.01 for Windows,False,2,2,2,2
038786.pdf,Acrobat Distiller 6.0.1 (Windows),False,2,2,2,2
038787.pdf,Acrobat PDFWriter 2.01 for Windows,False,2,2,2,2
038788.pdf,Acrobat Distiller 5.0 (Windows),False,0,0,0,0
038789.pdf,Acrobat Distiller 5.0.5 (Windows),False,0,0,0,0
038790.pdf,Acrobat Distiller 5.0.5 (Windows),False,0,0,0,0
038791.pdf,Acrobat Distiller 4.05 for Windows,False,0,0,0,0
038792.pdf,Acrobat Distiller 3.01 for Windows,False,0,0,0,0
038622.pdf,Corel PDF Engine Version 11.410,False,2,2,2,2
038623.pdf,Acrobat Distiller 8.1.0 (Windows),False,0,0,0,0
038624.pdf,Corel PDF Engine Version 9.654,False,0,0,0,0
038626.pdf,Acrobat Distiller 3.0 for Power Macintosh,False,0,0,0,0
038627.pdf,Acrobat PDFWriter 2.0 for Macintosh,False,0,0,0,0
038628.pdf,Acrobat Distiller 5.0.5 (Windows),False,0,0,0,0
038632.pdf,Acrobat Distiller 7.0 (Windows),False,2,2,2,2
038633.pdf,Corel PDF Engine Version 9.654,False,0,0,0,0
038635.pdf,Acrobat Distiller 8.1.0 (Windows),False,0,0,0,0
038636.pdf,Acrobat Distiller 8.1.0 (Windows),False,0,0,0,0
038637.pdf,Acrobat Distiller 2.1 for Windows,False,0,0,0,0
038639.pdf,Acrobat Distiller 4.05 for Macintosh,False,0,0,0,0
038640.pdf,Acrobat Distiller 5.0.5 (Windows),False,2,2,2,2
038641.pdf,Acrobat Distiller 5.0.5 for Macintosh,False,0,0,0,0
038642.pdf,Mac OS X 10.4.11 Quartz PDFContext,False,2,2,2,2
038643.pdf,Adobe PDF Library 6.0,False,2,2,2,2
038644.pdf,Acrobat Distiller Daemon 3.02b for Solaris 2.3 and later (SPARC),False,2,2,2,2
038645.pdf,,False,2,2,2,2
038646.pdf,Acrobat Distiller 3.01 for Windows,False,0,0,0,0
038647.pdf,Acrobat Distiller 8.1.0 (Windows),False,0,0,0,0
038845.pdf,Acrobat Distiller 8.1.0 (Windows),False,0,0,0,0
038857.pdf,Acrobat Distiller 3.02 for Power Macintosh,False,0,0,0,0
038859.pdf,Acrobat Distiller 5.0.5 (Windows),False,0,0,0,0
038862.pdf,Acrobat Distiller 2.1 for Power Macintosh,False,0,0,0,0
038868.pdf,Acrobat Distiller 6.0.1 (Windows),False,2,2,2,2
038870.pdf,Acrobat Distiller 5.0 (Windows),False,0,0,0,0
038873.pdf,Acrobat Distiller 8.0.0 (Windows),False,2,2,2,2
038879.pdf,Acrobat Distiller 8.1.0 (Windows),False,0,0,0,0
038892.pdf,Acrobat Distiller 7.0 (Windows),False,0,0,0,0
038895.pdf,verypdf.com Inc (http://www.verypdf.com/),False,0,0,0,0
038902.pdf,Acrobat Distiller 8.1.0 (Windows),False,0,0,0,0
038903.pdf,Acrobat Distiller 6.0.1 (Windows),False,0,0,0,0
038904.pdf,Acrobat Distiller 7.0.5 (Windows),False,0,0,0,0
038905.pdf,Acrobat Distiller 6.0.1 (Windows),False,0,0,0,0
038906.pdf,Acrobat Distiller 6.0 (Windows),False,0,0,0,0
038907.pdf,Acrobat PDFWriter 4.0 for Windows,False,0,0,0,0
038908.pdf,Acrobat Distiller 5.0.5 (Windows),False,2,2,2,2
038909.pdf,Acrobat Distiller 8.1.0 (Windows),False,0,0,0,0
038910.pdf,Acrobat Distiller 8.1.0 (Windows),False,2,2,2,2
038911.pdf,Acrobat Distiller 5.0.5 (Windows),False,0,0,0,0
038793.pdf,Acrobat Distiller 7.0.5 (Windows),False,0,0,0,0
038794.pdf,AFPL Ghostscript 8.54,False,0,0,0,0
038807.pdf,Acrobat Distiller 4.05 for Windows,False,2,2,2,2
038808.pdf,Acrobat Distiller 6.0.1 (Windows),False,2,2,2,2
038811.pdf,Acrobat PDFWriter 3.0 for Windows,False,0,0,0,0
038812.pdf,Adobe PDF Library 8.0,False,0,0,0,0
038813.pdf,Microsoft® Office Word 2007,False,0,0,0,0
038814.pdf,Acrobat Distiller 7.0.5 (Windows),False,0,0,0,0
038815.pdf,Acrobat Distiller 7.0.5 (Windows),False,0,0,0,0
038818.pdf,GNU Ghostscript 7.06,False,0,0,0,0
038819.pdf,Acrobat Distiller 5.0 (Windows),False,2,2,2,2
038820.pdf,Acrobat PDFWriter 4.05 for Windows,False,2,2,2,2
038821.pdf,Acrobat PDFWriter 3.02 for Windows,False,0,0,0,0
038822.pdf,Acrobat Distiller 5.0 (Windows),False,2,2,2,2
038823.pdf,Acrobat Distiller 4.0 for Windows,False,2,2,2,2
038824.pdf,Acrobat Distiller 6.0 (Windows),False,2,2,2,2
038825.pdf,Acrobat Distiller 7.0.5 (Windows),False,0,0,0,0
038837.pdf,[ClibPDF Library 2.02-r1-1] PrintToPDF 2.1.6,False,0,0,0,0
038841.pdf,Acrobat Distiller 2.1 PE for Windows,False,0,0,0,0
038843.pdf,Acrobat PDFWriter 4.05 for Windows NT,False,0,0,0,0
038648.pdf,pdfTeX-0.14h,False,0,0,0,0
038649.pdf,Adobe PDF Library 5.0,False,0,0,0,0
038651.pdf,pdfTeX-0.14f,False,0,0,0,0
038652.pdf,Acrobat Distiller 3.0 for Power Macintosh,False,2,2,2,2
038653.pdf,Acrobat Distiller Daemon 3.02b for Solaris 2.3 and later (SPARC),False,0,0,0,0
038654.pdf,Adobe PDF Library 6.0,False,2,2,2,2
038656.pdf,Acrobat Distiller 6.0.1 (Windows),False,0,0,0,0
038657.pdf,Acrobat Distiller 7.0.5 (Windows),False,2,2,2,2
038702.pdf,NeoOffice 2.2,False,2,2,2,2
038703.pdf,GNU Ghostscript 7.05,False,0,0,0,0
038707.pdf,Acrobat PDFWriter 4.0 for Power Macintosh,False,0,0,0,0
038708.pdf,Adobe PDF library 5.00,False,2,2,2,2
038709.pdf,Acrobat Distiller 4.05 for Windows,False,2,2,2,2
038710.pdf,Acrobat Distiller 7.0 (Windows),False,0,0,0,0
038711.pdf,Acrobat Distiller 7.0 (Windows),False,0,0,0,0
038712.pdf,Acrobat Distiller 3.02 for Power Macintosh,False,0,0,0,0
038713.pdf,Acrobat Distiller 7.0.5 (Windows),False,0,0,0,0
038714.pdf,AFPL Ghostscript 8.11,False,0,0,0,0
038715.pdf,Acrobat Distiller 5.0.5 (Windows),False,0,0,0,0
038716.pdf,AFPL Ghostscript 7.04,False,0,0,0,0
038937.pdf,PDFlib 5.0.3 (C++/Win32),False,0,0,0,0
038938.pdf,Acrobat Distiller 4.0 for Windows,False,0,0,0,0
038939.pdf,Acrobat Distiller 4.0 for Windows,False,0,0,0,0
038940.pdf,Acrobat Distiller 6.0.1 (Windows),False,0,0,0,0
038941.pdf,Acrobat Distiller 7.0.5 (Windows),False,2,2,2,2
038942.pdf,Acrobat Distiller 7.0 (Windows),False,0,0,0,0
038944.pdf,Acrobat PDFWriter 5.0 for Windows NT,False,0,0,0,0
038945.pdf,Acrobat Distiller 6.0.1 (Windows),False,0,0,0,0
038946.pdf,Acrobat Distiller 7.0.5 (Windows),False,0,0,0,0
038947.pdf,Adobe PDF Library 8.0,False,0,0,0,0
038948.pdf,Acrobat Distiller 7.0.5 (Windows),False,2,2,2,2
038949.pdf,"Etymon PJ 1.10, Copyright (C) 1998-2000 Etymon Systems, Inc. <http://www.etymon.com/>. ",False,0,0,0,0
038953.pdf,Acrobat Distiller 4.0 for Windows,False,0,0,0,0
038963.pdf,Acrobat PDFWriter 2.0 for Macintosh,False,2,2,2,2
038964.pdf,Acrobat PDFWriter 5.0 for Windows NT,False,0,0,0,0
038969.pdf,Acrobat Distiller 6.0 (Windows),False,0,0,0,0
038975.pdf,Adobe PDF Library 5.0,False,2,2,2,2
038981.pdf,Acrobat Distiller 7.0.5 (Windows),False,2,2,2,2
085000.pdf,Acrobat Distiller 7.0 (Windows),False,0,0,0,0
085001.pdf,Acrobat Distiller 7.0.5 (Windows),False,0,0,0,0
085002.pdf,Acrobat Distiller 5.0.5 (Windows),False,2,2,2,2
085003.pdf,Microsoft® Office Word 2007,False,0,0,0,0
085004.pdf,Corel PDF Engine Version 9.654,False,0,0,0,0
085005.pdf,Acrobat Distiller 6.0.1 (Windows),False,0,0,0,0
085006.pdf,Microsoft® Office Word 2007,False,0,0,0,0
085007.pdf,DigiPath,False,0,0,0,0
085075.pdf,Acrobat Distiller 7.0.5 (Windows),False,0,0,0,0
085076.pdf,Acrobat Distiller 4.05 for Sparc Solaris,False,2,2,2,2
085078.pdf,Acrobat Distiller 5.0.5 (Windows),False,2,2,2,2
085079.pdf,Acrobat Distiller 6.0 (Windows),False,2,2,2,2
085080.pdf,Acrobat Distiller 7.0 (Windows),False,0,0,0,0
085081.pdf,Acrobat Distiller 5.0 (Windows),False,0,0,0,0
085082.pdf,Adobe PDF Library 5.0,False,2,2,2,2
085084.pdf,Acrobat Distiller 6.0 (Windows),False,2,2,2,2
085085.pdf,Acrobat Distiller 7.0 (Windows),False,0,0,0,0
085086.pdf,Acrobat Distiller 7.0 (Windows),False,2,2,2,2
085089.pdf,Acrobat Distiller 5.0.5 (Windows),False,2,2,2,2
085091.pdf,Acrobat Distiller 4.0 for Windows,False,0,0,0,0
085093.pdf,Adobe PDF Library 4.0,False,0,0,0,0
085094.pdf,Acrobat PDFWriter 3.03 for Windows,False,2,2,2,2
085095.pdf,Acrobat Distiller 8.1.0 (Windows),False,0,0,0,0
085097.pdf,Acrobat Distiller 4.0 for Windows,False,2,2,2,2
085098.pdf,Acrobat Distiller 4.0 for Windows,False,2,2,2,2
085099.pdf,"Etymon PJ 1.10, Copyright (C) 1998-2000 Etymon Systems, Inc. <http://www.etymon.com/>. ",False,0,0,0,0
085101.pdf,Adobe PDF Library 7.0,False,0,0,0,0
085118.pdf,ESP Ghostscript 7.05,False,0,0,0,0
085146.pdf,Acrobat Distiller 6.0 (Windows),False,0,0,0,0
085147.pdf,Acrobat Distiller 6.0 (Windows),False,0,0,0,0
085149.pdf,Acrobat Distiller 7.0 (Windows),False,0,0,0,0
085151.pdf,Acrobat Distiller 7.0 (Windows),False,0,0,0,0
085152.pdf,Acrobat Distiller 8.0.0 (Windows),False,0,0,0,0
085153.pdf,Acrobat Distiller 7.0 (Windows),False,0,0,0,0
085154.pdf,Acrobat Distiller 7.0 (Windows),False,0,0,0,0
085156.pdf,Acrobat Distiller 5.0.5 (Windows),False,0,0,0,0
085157.pdf,JAWS PDFLib,False,2,2,2,2
085158.pdf,Corel PDF Engine Version 11.4.0.100,False,0,0,0,0
085159.pdf,Acrobat Distiller 5.0 (Windows),False,0,0,0,0
085160.pdf,Corel PDF Engine Version 9.654,False,0,0,0,0
085161.pdf,Acrobat Distiller 8.1.0 (Windows),False,0,0,0,0
085162.pdf,Acrobat Distiller 8.1.0 (Windows),False,0,0,0,0
085259.pdf,Acrobat Distiller 6.0 (Windows),False,2,2,2,2
085260.pdf,Acrobat Distiller 6.0 (Windows),False,0,0,0,0
085261.pdf,Acrobat Distiller 7.0.5 (Windows),False,0,0,0,0
085269.pdf,Microsoft® Office Word 2007,False,0,0,0,0
085271.pdf,Acrobat Distiller 5.0.5 (Windows),False,2,2,2,2
085272.pdf,Acrobat Distiller 7.0 (Windows),False,2,2,2,2
085273.pdf,Acrobat Distiller 5.0.5 (Windows),False,0,0,0,0
085274.pdf,Adobe Acrobat 6.0 Paper Capture,False,0,0,0,0
085275.pdf,Acrobat Distiller 5.0 (Windows),False,0,0,0,0
085276.pdf,Acrobat PDFWriter 3.02 for Windows,False,0,0,0,0
085277.pdf,iText 1.3 by lowagie.com (based on itext-paulo-153),False,0,0,0,0
085279.pdf,Acrobat Distiller 4.05 for Windows,False,2,2,2,2
085280.pdf,Acrobat Distiller 4.05 for Windows,False,0,0,0,0
085281.pdf,Acrobat Distiller 8.1.0 (Windows),False,2,2,2,2
085283.pdf,,False,2,2,2,2
085284.pdf,Acrobat Distiller 6.0.1 (Windows),False,0,0,0,0
085285.pdf,Acrobat Distiller 7.0 (Windows),False,0,0,0,0
085287.pdf,Acrobat Distiller 6.0 (Windows),False,0,0,0,0
085288.pdf,Acrobat Distiller 3.01 for Power Macintosh,False,0,0,0,0
085289.pdf,Acrobat Distiller 4.0 for Macintosh,False,0,0,0,0
038912.pdf,Acrobat Distiller 6.0 (Windows),False,2,2,2,2
038913.pdf,Acrobat Distiller 7.0 (Windows),False,0,0,0,0
038914.pdf,Acrobat PDFWriter 4.0 for Windows NT,False,2,2,2,2
038915.pdf,Acrobat Distiller 5.00 for Macintosh,False,2,2,2,2
038916.pdf,Acrobat Distiller 8.0.0 (Windows),False,2,2,2,2
038917.pdf,Aladdin Ghostscript 6.0,False,0,0,0,0
038918.pdf,Acrobat Distiller 4.0 for Windows,False,0,0,0,0
038919.pdf,Acrobat Distiller 5.0 (Windows),False,0,0,0,0
038920.pdf,Acrobat Distiller 8.0.0 (Windows),False,0,0,0,0
038921.pdf,Acrobat Distiller 7.0 (Windows),False,2,2,2,2
038923.pdf,Acrobat Distiller 7.0 (Windows),False,0,0,0,0
038924.pdf,Acrobat Distiller 7.0 (Windows),False,0,0,0,0
038926.pdf,Acrobat Distiller 4.0 for Windows,False,0,0,0,0
038927.pdf,Acrobat PDFWriter 3.02 for Windows,False,0,0,0,0
038929.pdf,Acrobat Distiller 7.0.5 (Windows),False,0,0,0,0
038931.pdf,Acrobat Distiller 7.0 (Windows),False,0,0,0,0
038933.pdf,Acrobat Distiller 5.0.5 for Macintosh,False,0,0,0,0
038934.pdf,Acrobat Distiller 4.0 for Macintosh,False,0,0,0,0
038935.pdf,Acrobat Distiller 8.1.0 (Windows),False,0,0,0,0
038936.pdf,Acrobat Distiller 6.0 (Windows),False,0,0,0,0
085163.pdf,Acrobat PDFWriter 3.02 for Windows NT,False,2,2,2,2
085164.pdf,ECMP5,False,0,0,0,0
085165.pdf,Acrobat Distiller 7.0.5 (Windows),False,0,0,0,0
085166.pdf,Acrobat Distiller 6.0 (Windows),False,2,2,2,2
085167.pdf,Acrobat Distiller 4.0 for Macintosh,False,0,0,0,0
085220.pdf,Acrobat Distiller 6.0.1 (Windows),False,0,0,0,0
085226.pdf,Acrobat Distiller 8.1.0 (Windows),False,0,0,0,0
085229.pdf,Acrobat Distiller 6.0 (Windows),True,3,0,0,0
085233.pdf,Adobe PDF Library 8.0,False,2,2,2,2
085234.pdf,Acrobat Distiller 7.0.5 (Windows),False,2,2,2,2
085239.pdf,Acrobat PDFWriter 5.0 for Windows NT,False,2,2,2,2
085240.pdf,Acrobat Distiller 7.0 (Windows),False,0,0,0,0
085242.pdf,Acrobat PDFWriter 4.0 for Windows,False,0,0,0,0
085246.pdf,Acrobat PDFWriter 4.05 for Windows,False,2,2,2,2
085248.pdf,Acrobat Distiller 7.0 (Windows),False,2,2,2,2
085250.pdf,Acrobat Distiller 5.0 (Windows),False,0,0,0,0
085252.pdf,Normalizer 5.0.5 fmnorm,False,2,2,2,2
085253.pdf,Acrobat Distiller 3.01 for Windows,False,0,0,0,0
085254.pdf,,False,0,0,0,0
085258.pdf,Acrobat Distiller 5.0 (Windows),False,0,0,0,0
085290.pdf,Adobe PDF Library 6.0,False,0,0,0,0
085291.pdf,Acrobat Distiller 3.02,False,0,0,0,0
085292.pdf,Acrobat PDFWriter 2.01 for Windows,False,2,2,2,2
085293.pdf,GNU Ghostscript 7.06,False,0,0,0,0
085294.pdf,Acrobat Distiller 7.0 (Windows),False,0,0,0,0
085295.pdf,Acrobat Distiller 3.01 for Windows,False,0,0,0,0
085296.pdf,Microsoft® Office Word 2007,False,2,2,2,2
085297.pdf,Acrobat Distiller 7.0 (Windows),False,0,0,0,0
085298.pdf,Acrobat Distiller 5.0.5 for Macintosh,False,0,0,0,0
085299.pdf,Acrobat Distiller 7.0 (Windows),False,0,0,0,0
085300.pdf,Acrobat Distiller 5.0 (Windows),False,2,2,2,2
085301.pdf,Acrobat Distiller 5.0.5 for Macintosh,False,2,2,2,2
085302.pdf,Acrobat Distiller 6.0.1 (Windows),False,0,0,0,0
085303.pdf,Acrobat Distiller 8.1.0 (Windows),False,0,0,0,0
085323.pdf,Acrobat PDFWriter 4.0 for Windows NT,False,0,0,0,0
085329.pdf,"Etymon PJ 1.10, Copyright (C) 1998-2000 Etymon Systems, Inc. <http://www.etymon.com/>. ",False,0,0,0,0
085432.pdf,Acrobat 5.0 Scan Plug-in for Windows,False,0,0,0,0
085435.pdf,Acrobat 5.0 Scan Plug-in for Windows,False,0,0,0,0
085438.pdf,Adobe PDF Library 8.0,False,0,0,0,0
085443.pdf,Acrobat Distiller 8.1.0 (Windows),False,0,0,0,0
085552.pdf,,False,0,0,0,0
085553.pdf,Corel PDF Engine Version 11.4.0.100,False,0,0,0,0
085554.pdf,,False,0,0,0,0
085555.pdf,Hyf PDF Output Library 2.3.0 (Windows),False,2,2,2,2
085556.pdf,Acrobat Distiller 4.05 for Windows,False,0,0,0,0
085557.pdf,ApogeeX 2.5 Normalizer,False,0,0,0,0
085558.pdf,Acrobat PDFWriter 4.05 for Windows NT,False,0,0,0,0
085559.pdf,Acrobat Distiller 8.0.0 (Windows),False,0,0,0,0
085560.pdf,Acrobat Distiller 5.0 (Windows),False,0,0,0,0
085561.pdf,GNU Ghostscript 7.07,False,0,0,0,0
085562.pdf,Acrobat PDFWriter 3.0 for Windows,True,3,0,0,0
085563.pdf,Acrobat Distiller 5.0 (Windows),False,0,0,0,0
085564.pdf,Acrobat Distiller 8.1.0 (Windows),False,0,0,0,0
085565.pdf,Acrobat Distiller 7.0 (Windows),False,2,2,2,2
085566.pdf,Acrobat Distiller 7.0 (Windows),False,0,0,0,0
085567.pdf,Acrobat PDFWriter 3.02 for Windows,False,0,0,0,0
085568.pdf,www.adlibsoftware.com:EXS3167-Windows XP,False,0,0,0,0
085569.pdf,US General Accounting Office (GAO),False,0,0,0,0
085570.pdf,Acrobat Distiller 5.0 (Windows),False,0,0,0,0
085571.pdf,Acrobat Distiller 4.05 for Windows,False,0,0,0,0
085444.pdf,Acrobat Distiller 6.0 (Windows),False,0,0,0,0
085447.pdf,Acrobat Distiller 7.0.5 (Windows),False,0,0,0,0
085451.pdf,Acrobat Distiller 4.0 for Windows,False,2,2,2,2
085452.pdf,Acrobat Distiller 6.0 (Windows),False,0,0,0,0
085453.pdf,Acrobat Distiller 6.0 (Windows),False,0,0,0,0
085454.pdf,Acrobat Distiller 6.0 (Windows),False,0,0,0,0
085455.pdf,Acrobat Distiller 5.0 (Windows),False,0,0,0,0
085456.pdf,Acrobat Distiller 2.0 for Macintosh,False,0,0,0,0
085457.pdf,Adobe LiveCycle PDFG 7.2,False,0,0,0,0
085458.pdf,Acrobat Distiller 3.01 for Power Macintosh,False,0,0,0,0
085459.pdf,Acrobat Distiller 6.0.1 (Windows),False,2,2,2,2
085460.pdf,Acrobat Distiller 3.01 for Windows,False,2,2,2,2
085461.pdf,Adobe PDF Library 7.0,False,0,0,0,0
085462.pdf,Acrobat Distiller 7.0 (Windows),False,0,0,0,0
085463.pdf,Acrobat PDFWriter 2.01 for Windows,False,0,0,0,0
085464.pdf,Acrobat Distiller 5.0.5 (Windows),False,2,2,2,2
085504.pdf,Acrobat Distiller 5.0 (Windows),True,5,2,2,2
085548.pdf,Acrobat Distiller 5.0 (Windows),False,0,0,0,0
085550.pdf,Acrobat Distiller 7.0.5 (Windows),False,0,0,0,0
085551.pdf,ApogeeX 2.5 Normalizer,False,0,0,0,0
085572.pdf,Acrobat Distiller 5.0 (Windows),True,3,0,0,0
085573.pdf,Acrobat Distiller 7.0.5 (Windows),False,2,2,2,2
085574.pdf,Acrobat PDFWriter 3.0 for Windows,False,0,0,0,0
085576.pdf,Acrobat Distiller 7.0.5 (Windows),False,0,0,0,0
085577.pdf,Acrobat PDFWriter 4.05 for Windows NT,False,0,0,0,0
085578.pdf,Acrobat Distiller 5.0.5 (Windows),False,0,0,0,0
085579.pdf,Acrobat Distiller 5.0.5 (Windows),False,0,0,0,0
085580.pdf,Acrobat Distiller 7.0.5 (Windows),False,0,0,0,0
085581.pdf,Acrobat Distiller 5.0 (Windows),False,2,2,2,2
085582.pdf,Acrobat Distiller 5.0.5 (Windows),False,0,0,0,0
085583.pdf,Corel PDF Engine Version 10.719,False,0,0,0,0
085584.pdf,Acrobat Distiller 5.0.5 (Windows),False,0,0,0,0
085586.pdf,Acrobat Distiller 5.0 (Windows),False,2,2,2,2
085587.pdf,Acrobat Distiller 5.0 (Windows),False,0,0,0,0
085588.pdf,Acrobat Distiller 3.01 for Power Macintosh,False,0,0,0,0
085589.pdf,Acrobat Distiller 6.0 (Windows),False,0,0,0,0
085590.pdf,Acrobat PDFWriter 4.05 for Windows,False,0,0,0,0
085593.pdf,Acrobat Distiller 7.0.5 (Windows),False,2,2,2,2
085598.pdf,Acrobat Distiller 5.00 for Macintosh,False,0,0,0,0
085601.pdf,Acrobat Distiller 4.0 for Windows,False,0,0,0,0
085851.pdf,Acrobat Distiller 3.01 for Windows,False,0,0,0,0
085852.pdf,Acrobat Distiller 5.0.5 (Windows),False,0,0,0,0
085853.pdf,Acrobat PDFWriter 3.02 for Windows,False,0,0,0,0
085854.pdf,Corel PDF Engine Version 10.990,False,0,0,0,0
085855.pdf,Acrobat Distiller 8.1.0 (Windows),False,0,0,0,0
085856.pdf,Adobe PDF library 8.00,False,0,0,0,0
085857.pdf,ScanSoft PDF Create! 3,False,0,0,0,0
085858.pdf,Acrobat Distiller 5.0 (Windows),False,0,0,0,0
085859.pdf,Acrobat PDFWriter 5.0 for Windows NT,False,2,2,2,2
085860.pdf,Acrobat Distiller 5.0.5 (Windows),False,2,2,2,2
085861.pdf,Corel PDF Engine Version 11.4.0.100,False,0,0,0,0
085862.pdf,JAWS PDFLib,False,2,2,2,2
085863.pdf,GNU Ghostscript 7.05,False,2,2,2,2
085866.pdf,Acrobat Distiller 5.0 (Windows),False,0,0,0,0
085867.pdf,Acrobat Distiller 7.0 (Windows),False,0,0,0,0
085868.pdf,Acrobat Distiller 8.1.0 (Windows),False,0,0,0,0
085869.pdf,Acrobat Distiller 4.05 for Windows,False,0,0,0,0
085870.pdf,Acrobat Distiller 5.00 for Macintosh,False,0,0,0,0
085871.pdf,Adobe Acrobat 7.05 Paper Capture Plug-in,False,2,2,2,2
085873.pdf,Acrobat Distiller 4.05 for Windows,False,0,0,0,0
085606.pdf,Acrobat Distiller 5.0 (Windows),False,0,0,0,0
085607.pdf,Acrobat Distiller 7.0 (Windows),False,2,2,2,2
085608.pdf,Corel PDF Engine Version 10.719,False,0,0,0,0
085609.pdf,OmniPage Pro 14 http://www.scansoft.com,False,0,0,0,0
085612.pdf,Acrobat Distiller Command 3.01 for Solaris 2.3 and later (SPARC),False,2,2,2,2
085614.pdf,Corel PDF Engine Version 11.4.0.100,False,2,2,2,2
085651.pdf,Acrobat Distiller 4.0 for Windows,False,0,0,0,0
085687.pdf,Acrobat PDFWriter 3.02 for Windows NT,False,0,0,0,0
085692.pdf,Acrobat Distiller 5.0.5 (Windows),False,0,0,0,0
085694.pdf,Acrobat Distiller 6.0 (Windows),False,0,0,0,0
085696.pdf,Acrobat Distiller 7.0 (Windows),False,0,0,0,0
085841.pdf,Acrobat Distiller 5.0 (Windows),False,2,2,2,2
085843.pdf,Acrobat Distiller 7.0.5 (Windows),False,2,2,2,2
085844.pdf,Acrobat PDFWriter 4.05 for Windows,False,0,0,0,0
085845.pdf,Acrobat Distiller 7.0.5 (Windows),False,2,2,2,2
085846.pdf,Acrobat Distiller 5.0 (Windows),False,0,0,0,0
085847.pdf,,False,0,0,0,0
085848.pdf,Acrobat Distiller 6.0 (Windows),False,0,0,0,0
085849.pdf,Acrobat Distiller 3.01 for Windows,False,0,0,0,0
085850.pdf,Acrobat Distiller 6.0 (Windows),False,0,0,0,0
085874.pdf,XÝz,False,0,0,0,0
085877.pdf,Acrobat Distiller 6.0.1 (Windows),False,0,0,0,0
085879.pdf,Acrobat Distiller 7.0 (Windows),False,2,2,2,2
085881.pdf,Corel PDF Engine Version 11.4.0.100,False,0,0,0,0
085882.pdf,Acrobat Distiller 7.0.5 (Windows),False,0,0,0,0
085884.pdf,Acrobat Distiller 8.1.0 (Windows),False,0,0,0,0
085885.pdf,Corel PDF Engine Version 11.245,False,2,2,2,2
085886.pdf,Acrobat Distiller 7.0 (Windows),False,0,0,0,0
085961.pdf,Corel PDF Engine Version 11.4.0.100,False,0,0,0,0
085962.pdf,FDFMerge Lite 5.0.4 Windows SPDF_1096+ May  3 2004,False,0,0,0,0
085991.pdf,Acrobat Distiller 6.0.1 for Macintosh,False,2,2,2,2
085992.pdf,Acrobat Distiller 8.1.0 (Windows),False,0,0,0,0
184010.pdf,Acrobat Distiller 5.0.5 (Windows),False,0,0,0,0
184011.pdf,Acrobat Distiller 5.0.5 (Windows),False,0,0,0,0
184012.pdf,Acrobat Distiller 5.0 (Windows),False,0,0,0,0
184013.pdf,Acrobat Distiller 8.1.0 (Windows),False,0,0,0,0
184014.pdf,Acrobat PDFWriter 4.0 for Windows NT,False,0,0,0,0
184015.pdf,Acrobat PDFWriter 4.05 for Windows NT,False,0,0,0,0
184016.pdf,Acrobat Distiller 5.0.5 (Windows),False,2,2,2,2
184018.pdf,Acrobat Distiller 5.0.5 (Windows),False,0,0,0,0
184185.pdf,GPL Ghostscript 8.15,False,0,0,0,0
184188.pdf,Acrobat Distiller 5.0.5 (Windows),False,0,0,0,0
184190.pdf,Acrobat PDFWriter 4.05 for Windows NT,False,0,0,0,0
184191.pdf,Acrobat Distiller 6.0.1 (Windows),False,0,0,0,0
184193.pdf,Acrobat Distiller 5.0.5 for Macintosh,False,0,0,0,0
184194.pdf,Acrobat Distiller 8.1.0 (Windows),False,0,0,0,0
184195.pdf,Acrobat Distiller 5.0 (Windows),False,0,0,0,0
184196.pdf,Acrobat Distiller 7.0 (Windows),False,0,0,0,0
184197.pdf,Acrobat Distiller 8.1.0 (Windows),False,0,0,0,0
184198.pdf,Acrobat Distiller 8.1.0 (Windows),False,0,0,0,0
184199.pdf,Acrobat Distiller 7.0.5 (Windows),False,2,2,2,2
184201.pdf,Acrobat Distiller 6.0 (Windows),False,0,0,0,0
184202.pdf,Acrobat Distiller 5.0.5 (Windows),False,0,0,0,0
184203.pdf,Acrobat Distiller 5.0.5 for Macintosh,False,0,0,0,0
184204.pdf,Acrobat Distiller 7.0 (Windows),False,0,0,0,0
184205.pdf,QuarkXPress(tm) 6.5,False,0,0,0,0
184206.pdf,Acrobat Distiller 7.0.5 (Windows),False,0,0,0,0
184207.pdf,Acrobat Distiller 6.0 (Windows),False,0,0,0,0
184208.pdf,Acrobat PDFWriter 3.0 for Windows,False,0,0,0,0
184209.pdf,Mac OS X 10.3.3 Quartz PDFContext,False,0,0,0,0
184074.pdf,Acrobat Distiller 7.0 (Windows),False,0,0,0,0
184075.pdf,Acrobat PDFWriter 4.0 for Windows,False,0,0,0,0
184085.pdf,Acrobat Distiller 7.0 (Windows),False,0,0,0,0
184099.pdf,Acrobat Distiller 5.0 (Windows),False,0,0,0,0
184100.pdf,Acrobat Distiller 5.0 (Windows),False,0,0,0,0
184111.pdf,Acrobat Distiller 6.0.1 (Windows),False,0,0,0,0
184122.pdf,Acrobat Distiller 5.0 (Windows),False,0,0,0,0
184126.pdf,Acrobat Distiller 6.0.1 (Windows),False,0,0,0,0
184127.pdf,Acrobat Distiller 7.0 for Macintosh,False,0,0,0,0
184142.pdf,Acrobat Distiller 5.0 (Windows),False,2,2,2,2
184146.pdf,Acrobat Distiller 6.0 (Windows),False,2,2,2,2
184147.pdf,Adobe PDF Library 7.0,False,0,0,0,0
184149.pdf,Acrobat Distiller 7.0.5 (Windows),False,2,2,2,2
184150.pdf,Acrobat Distiller 5.0 (Windows),False,0,0,0,0
184159.pdf,QuarkXPress(tm) 6.5,False,0,0,0,0
184160.pdf,Acrobat Distiller 5.00 for Macintosh,False,0,0,0,0
184161.pdf,Acrobat Distiller 7.0.5 for Macintosh,False,0,0,0,0
184165.pdf,Adobe PDF Library 8.0,False,0,0,0,0
184177.pdf,Acrobat Distiller 6.0.1 (Windows),False,0,0,0,0
184181.pdf,Adobe PDF Library 7.0,False,2,2,2,2
184021.pdf,Acrobat Distiller 7.0.5 (Windows),False,0,0,0,0
184022.pdf,Acrobat Distiller 7.0.5 (Windows),False,0,0,0,0
184023.pdf,Acrobat Distiller 7.0.5 (Windows),False,0,0,0,0
184025.pdf,Mac OS X 10.2.8 Quartz PDFContext,False,0,0,0,0
184026.pdf,iText by lowagie.com (r1.01;p126),False,0,0,0,0
184027.pdf,Acrobat PDFWriter 3.02 for Windows NT,False,0,0,0,0
184031.pdf,Acrobat Net Distiller 1.0 for Windows,False,2,2,2,2
184033.pdf,Acrobat Distiller 7.0.5 (Windows),False,0,0,0,0
184034.pdf,Acrobat Distiller 5.0 (Windows),False,0,0,0,0
184035.pdf,Acrobat Distiller 7.0 (Windows),False,2,2,2,2
184036.pdf,Acrobat PDFWriter 3.02 for Windows,False,0,0,0,0
184037.pdf,Acrobat Distiller 5.00 for Macintosh,False,0,0,0,0
184038.pdf,Acrobat Distiller 5.00 for Macintosh,False,0,0,0,0
184039.pdf,Acrobat Distiller 7.0 (Windows),False,0,0,0,0
184040.pdf,,False,2,2,2,2
184041.pdf,Acrobat Distiller 8.1.0 (Windows),False,0,0,0,0
184042.pdf,,False,2,2,2,2
184043.pdf,Acrobat Distiller 6.0.1 (Windows),False,0,0,0,0
184068.pdf,Acrobat Distiller 6.0 (Windows),False,2,2,2,2
184069.pdf,Acrobat Distiller 5.0.5 (Windows),False,0,0,0,0
184239.pdf,Acrobat PDFWriter 3.02 for Windows,False,0,0,0,0
184313.pdf,Acrobat Distiller 6.0 (Windows),False,0,0,0,0
184329.pdf,Acrobat PDFWriter 4.0 for Windows NT,False,0,0,0,0
184331.pdf,Acrobat Distiller 3.01 for Windows,False,0,0,0,0
184332.pdf,Acrobat Distiller 5.0.5 (Windows),False,0,0,0,0
184333.pdf,Acrobat Distiller 6.0 (Windows),False,0,0,0,0
184334.pdf,Acrobat Distiller 5.0 (Windows),False,0,0,0,0
184335.pdf,Acrobat PDFWriter 3.0.1 for Power Macintosh,False,2,2,2,2
184336.pdf,Acrobat Distiller 4.05 for Windows,False,0,0,0,0
184337.pdf,Hyf PDF Output Library 2.3.0 (Windows),False,0,0,0,0
184338.pdf,Acrobat Distiller 7.0 (Windows),False,2,2,2,2
184339.pdf,Acrobat Distiller 5.0.5 for Macintosh,False,0,0,0,0
184340.pdf,Acrobat Distiller 5.0.5 for Macintosh,False,0,0,0,0
184348.pdf,iText1.3.1 by lowagie.com (based on itext-paulo-154),False,0,0,0,0
184365.pdf,Acrobat Distiller 6.0.1 for Macintosh,False,2,2,2,2
184366.pdf,Acrobat PDFWriter 5.0 for Windows,False,0,0,0,0
184372.pdf,Acrobat Distiller 7.0 (Windows),False,0,0,0,0
184378.pdf,Acrobat Distiller Command 3.01 for Solaris 2.3 and later (SPARC),False,0,0,0,0
184379.pdf,Acrobat PDFWriter 2.01 for Windows,False,0,0,0,0
184383.pdf,Mac OS X 10.1.5 Quartz PDFContext,False,2,2,2,2
184389.pdf,Acrobat Distiller 6.0.1 (Windows),False,0,0,0,0
184425.pdf,Acrobat Distiller 5.0 (Windows),False,0,0,0,0
184427.pdf,Acrobat Distiller Command 1.0 for Solaris 1.1/2.3 (SPARC),False,0,0,0,0
184428.pdf,ESP Ghostscript 815.02,False,0,0,0,0
184429.pdf,Acrobat PDFWriter 5.0 for Windows NT,False,2,2,2,2
184430.pdf,Acrobat PDFWriter 5.0 for Windows NT,False,0,0,0,0
184431.pdf,Acrobat PDFWriter 3.02 for Windows,False,0,0,0,0
184432.pdf,GNU Ghostscript 7.07,False,0,0,0,0
184433.pdf,,False,0,0,0,0
184434.pdf,"Etymon PJ 1.10, Copyright (C) 1998-2000 Etymon Systems, Inc. <http://www.etymon.com/>. ",False,0,0,0,0
184436.pdf,Acrobat Distiller 6.0 (Windows),False,0,0,0,0
184437.pdf,Acrobat Distiller 7.0 (Windows),False,0,0,0,0
184438.pdf,Acrobat Distiller 7.0 (Windows),False,2,2,2,2
184440.pdf,Acrobat Distiller 4.0 for Windows,False,0,0,0,0
184441.pdf,Acrobat PDFWriter 4.05 for Windows NT,False,0,0,0,0
184442.pdf,ReportLab http://www.reportlab.com,False,0,0,0,0
184444.pdf,Acrobat Distiller 3.0 for Windows,False,0,0,0,0
184445.pdf,Acrobat Distiller 7.0.5 (Windows),False,0,0,0,0
184449.pdf,iText 1.4 (by lowagie.com),False,0,0,0,0
184450.pdf,Acrobat PDFWriter 4.0 for Windows,False,2,2,2,2
184210.pdf,Adobe PDF Library 5.0,False,0,0,0,0
184211.pdf,Acrobat Distiller 6.0.1 (Windows),False,0,0,0,0
184212.pdf,GPL Ghostscript 8.15,False,0,0,0,0
184213.pdf,Photoshop PDF Plug-in 1.0,False,0,0,0,0
184214.pdf,Acrobat Distiller 5.0.5 (Windows),False,0,0,0,0
184215.pdf,Acrobat PDFWriter 4.05 for Windows NT,False,2,2,2,2
184216.pdf,PDFlib 5.0.3 (C++/Win32),False,0,0,0,0
184217.pdf,Acrobat Distiller 7.0 (Windows),False,0,0,0,0
184219.pdf,Acrobat Distiller 3.01 for Windows,False,0,0,0,0
184220.pdf,Adobe PDF Library 5.0,False,0,0,0,0
184221.pdf,Acrobat Distiller 8.0.0 (Windows),False,0,0,0,0
184222.pdf,Acrobat PDFWriter 4.05 for Windows NT,False,2,2,2,2
184223.pdf,Acrobat PDFWriter 4.0 for Windows,False,0,0,0,0
184224.pdf,Acrobat Distiller 5.0.5 (Windows),False,0,0,0,0
184225.pdf,Acrobat Distiller 5.0 (Windows),False,0,0,0,0
184226.pdf,JAWS PDFLib,False,0,0,0,0
184227.pdf,Acrobat Distiller 5.0 (Windows),False,0,0,0,0
184229.pdf,ABBYY FineReader 8.0 Professional Edition,False,0,0,0,0
184230.pdf,Acrobat Distiller 5.0.5 (Windows),False,2,2,2,2
184231.pdf,Acrobat Distiller 6.0.1 (Windows),False,0,0,0,0
184610.pdf,Toolkit http://www.activepdf.com,False,0,0,0,0
184611.pdf,Acrobat Distiller 4.05 for Windows,False,0,0,0,0
184612.pdf,Acrobat Distiller 7.0 (Windows),False,0,0,0,0
184613.pdf,Acrobat Distiller 7.0 (Windows),False,0,0,0,0
184615.pdf,Acrobat Distiller 4.05 for Macintosh,False,0,0,0,0
184617.pdf,Acrobat Distiller 6.0 (Windows),False,0,0,0,0
184618.pdf,Acrobat Distiller 5.0 (Windows),False,0,0,0,0
184619.pdf,Acrobat PDFWriter 3.02 for Windows,False,0,0,0,0
184620.pdf,Acrobat Distiller 8.0.0 (Windows),False,2,2,2,2
184621.pdf,Acrobat Distiller 6.0 (Windows),False,2,2,2,2
184622.pdf,Acrobat PDFWriter 4.05 for Windows NT,False,0,0,0,0
184623.pdf,Acrobat PDFWriter 4.05 for Windows NT,False,0,0,0,0
184624.pdf,Acrobat Distiller 4.05 for Macintosh,False,0,0,0,0
184625.pdf,Acrobat PDFWriter 4.0 for Windows,False,0,0,0,0
184626.pdf,Acrobat PDFWriter 3.02 for Windows,False,0,0,0,0
184627.pdf,Microsoft® Office Word 2007,False,0,0,0,0
184628.pdf,Acrobat Distiller 5.0 (Windows),False,0,0,0,0
184629.pdf,Acrobat Distiller 8.1.0 (Windows),False,0,0,0,0
184630.pdf,Acrobat Distiller 4.05 for Windows,False,0,0,0,0
184632.pdf,Mac OS X 10.1.3 Quartz PDFContext,False,2,2,2,2
184704.pdf,Acrobat Distiller 4.0 for Windows,False,2,2,2,2
184705.pdf,Acrobat Distiller 7.0.5 (Windows),False,0,0,0,0
184706.pdf,Acrobat PDFWriter 2.0 for Windows,False,0,0,0,0
184707.pdf,Acrobat Distiller 6.0 (Windows),False,0,0,0,0
184708.pdf,Acrobat PDFWriter 3.03 for Windows,False,0,0,0,0
184709.pdf,Acrobat Distiller 7.0.5 (Windows),False,0,0,0,0
184710.pdf,Acrobat Distiller 7.0.5 (Windows),False,0,0,0,0
184711.pdf,Acrobat Distiller 7.0 (Windows),False,0,0,0,0
184712.pdf,Acrobat Distiller 7.0.5 (Windows),False,0,0,0,0
184713.pdf,Acrobat Distiller 7.0 (Windows),False,0,0,0,0
184714.pdf,Acrobat PDFWriter 4.0 for Windows,False,0,0,0,0
184715.pdf,Acrobat PDFWriter 4.05 for Windows NT,False,0,0,0,0
184716.pdf,Acrobat Distiller 5.00 for Macintosh,False,0,0,0,0
184717.pdf,Acrobat Distiller 7.0.5 for Macintosh,False,0,0,0,0
184718.pdf,Corel PDF Engine Version 9.398,False,2,2,2,2
184719.pdf,Acrobat Distiller 3.01 for Windows,False,2,2,2,2
184720.pdf,Acrobat Distiller 4.05 for Macintosh,False,0,0,0,0
184721.pdf,Acrobat Distiller 4.0 for Windows,False,0,0,0,0
184723.pdf,Acrobat Distiller 5.0 (Windows),False,0,0,0,0
184724.pdf,Acrobat Distiller 4.0 for Windows,False,0,0,0,0
184451.pdf,Acrobat Distiller 7.0.5 (Windows),False,0,0,0,0
184453.pdf,Acrobat Distiller 2.1 for Macintosh,False,0,0,0,0
184456.pdf,Acrobat Distiller 7.0 (Windows),False,0,0,0,0
184457.pdf,GNU Ghostscript 7.05,False,0,0,0,0
184458.pdf,Acrobat Distiller 3.01 for Windows,False,0,0,0,0
184460.pdf,iText1.3.1 by lowagie.com (based on itext-paulo-154),False,0,0,0,0
184461.pdf,Acrobat Distiller 7.0 (Windows),False,0,0,0,0
184462.pdf,Acrobat Distiller 4.05 for Windows,False,0,0,0,0
184463.pdf,Acrobat Distiller 4.0 for Windows,False,0,0,0,0
184464.pdf,Acrobat Distiller 8.0.0 (Windows),False,0,0,0,0
184465.pdf,Acrobat Distiller 5.0.5 (Windows),False,0,0,0,0
184467.pdf,GNU Ghostscript 7.05,False,0,0,0,0
184477.pdf,Acrobat Distiller 4.0 for Windows,False,0,0,0,0
184484.pdf,Acrobat PDFWriter 4.05 for Windows NT,False,0,0,0,0
184495.pdf,Acrobat Distiller 5.0 (Windows),False,0,0,0,0
184506.pdf,Acrobat Distiller 5.0.5 (Windows),False,0,0,0,0
184527.pdf,,False,2,2,2,2
184546.pdf,PDFlib PLOP 2.0.0p6 (SunOS)/Acrobat Distiller 4.05 for Sparc Solaris,False,2,2,2,2
184558.pdf,Acrobat Distiller 8.0.0 (Windows),False,0,0,0,0
184559.pdf,Acrobat Distiller 8.0.0 (Windows),False,0,0,0,0
184633.pdf,Acrobat Distiller 6.0 (Windows),False,0,0,0,0
184634.pdf,Acrobat Distiller 5.0.5 for Macintosh,False,0,0,0,0
184645.pdf,Acrobat Distiller 7.0 (Windows),False,2,2,2,2
184647.pdf,JAWS PDFLib,False,2,2,2,2
184651.pdf,,False,0,0,0,0
184653.pdf,PDFlib PLOP 2.0.0p6 (SunOS)/Acrobat Distiller 4.05 for Sparc Solaris,False,2,2,2,2
184654.pdf,Acrobat Distiller 4.05 for Windows,False,0,0,0,0
184655.pdf,Acrobat Distiller 6.0.1 (Windows),False,2,2,2,2
184658.pdf,Adobe PDF Library 4.0,False,0,0,0,0
184659.pdf,Acrobat Distiller 5.0.5 (Windows),False,2,2,2,2
184662.pdf,Corel PDF Engine Version 11.2.0.239,False,2,2,2,2
184669.pdf,Acrobat Distiller 4.0 for Windows,False,2,2,2,2
184670.pdf,Acrobat Distiller 5.0 (Windows),False,0,0,0,0
184672.pdf,Acrobat Distiller 5.0.5 (Windows),False,0,0,0,0
184676.pdf,IMAGEMAKER DEVELOPMENT INC.,False,0,0,0,0
184699.pdf,Acrobat PDFWriter 3.03 for Windows,False,0,0,0,0
184700.pdf,Acrobat Distiller 5.0 (Windows),False,0,0,0,0
184701.pdf,FDFMerge Lite 5.0.4 Windows SPDF_1096+ May  3 2004,False,2,2,2,2
184702.pdf,Acrobat PDFWriter 2.0 for Windows,False,0,0,0,0
184703.pdf,Acrobat Distiller 7.0.5 (Windows),False,0,0,0,0
184565.pdf,pdfeTeX-1.21a,False,0,0,0,0
184567.pdf,Acrobat Distiller 7.0 (Windows),False,0,0,0,0
184571.pdf,Acrobat Distiller 5.0.5 (Windows),False,0,0,0,0
184588.pdf,Acrobat Distiller 5.0.5 (Windows),False,2,2,2,2
184589.pdf,Acrobat Distiller 7.0 (Windows),False,2,2,2,2
184591.pdf,Acrobat Distiller 5.0.5 (Windows),False,0,0,0,0
184594.pdf,Acrobat Distiller 4.05 for Windows,False,0,0,0,0
184595.pdf,Acrobat Distiller 6.0 (Windows),False,0,0,0,0
184596.pdf,Acrobat Distiller 4.05 for Macintosh,False,0,0,0,0
184597.pdf,Adobe PDF Library 7.0,False,0,0,0,0
184598.pdf,Adobe PDF Library 6.0,False,2,2,2,2
184599.pdf,Acrobat PDFWriter 4.0 for Windows,False,0,0,0,0
184600.pdf,Acrobat Distiller 7.0.5 (Windows),True,3,0,0,0
184601.pdf,Acrobat Distiller 6.0.1 (Windows),True,5,2,2,2
184602.pdf,Acrobat Distiller 3.0 for Power Macintosh,False,0,0,0,0
184603.pdf,Pixel Translations (PIXPDF Ver.1.35),False,2,2,2,2
184604.pdf,,False,2,2,2,2
184606.pdf,Acrobat PDFWriter 3.02 for Windows,False,0,0,0,0
184608.pdf,Acrobat Distiller 4.0 for Windows,False,0,0,0,0
184609.pdf,Acrobat Distiller 5.0.5 (Windows),False,0,0,0,0
184725.pdf,Acrobat Distiller 8.0.0 (Windows),False,0,0,0,0
184726.pdf,Acrobat PDFWriter 3.02 for Windows,False,0,0,0,0
184727.pdf,Adobe PDF Library 7.0,False,0,0,0,0
184728.pdf,Acrobat Distiller 4.05 for Macintosh,False,0,0,0,0
184729.pdf,Acrobat Distiller 4.05 for Windows,False,2,2,2,2
184730.pdf,Acrobat Distiller 7.0 (Windows),False,0,0,0,0
184731.pdf,Acrobat Distiller 6.0 (Windows),False,0,0,0,0
184732.pdf,Acrobat PDFWriter 4.0 for Power Macintosh,False,0,0,0,0
184733.pdf,Acrobat Distiller 3.01 for Windows,False,0,0,0,0
184734.pdf,Acrobat PDFWriter 5.0 for Windows NT,False,0,0,0,0
184735.pdf,Acrobat Distiller 5.0.5 (Windows),False,2,2,2,2
184736.pdf,Acrobat Net Distiller 1.0 for Windows,False,2,2,2,2
184737.pdf,www.adlibsys.com:EXS3145-W2KA,False,2,2,2,2
184738.pdf,Acrobat PDFWriter 4.05 for Windows NT,False,0,0,0,0
184739.pdf,Acrobat Distiller 6.0.1 (Windows),False,0,0,0,0
184740.pdf,Acrobat Distiller 4.0 for Windows,False,2,2,2,2
184741.pdf,Acrobat PDFWriter 4.0 for Windows NT,False,0,0,0,0
184742.pdf,Acrobat Distiller 6.0 (Windows),False,0,0,0,0
184751.pdf,Corel PDF Engine Version 10.517,False,2,2,2,2
184754.pdf,Acrobat Distiller 2.1 for Windows,False,0,0,0,0
184793.pdf,Acrobat Distiller 4.05 for Windows,False,0,0,0,0
184803.pdf,Acrobat Distiller 2.1 for Windows,False,0,0,0,0
184804.pdf,Acrobat Distiller 8.1.0 (Windows),False,2,2,2,2
184805.pdf,GNU Ghostscript 7.07,False,0,0,0,0
184806.pdf,Acrobat Distiller 4.05 for Windows,False,2,2,2,2
184807.pdf,Acrobat Distiller 8.1.0 (Windows),False,0,0,0,0
184808.pdf,Microsoft® Office PowerPoint® 2007,False,0,0,0,0
184809.pdf,Acrobat Distiller 5.0 (Windows),False,2,2,2,2
184810.pdf,Acrobat Distiller 5.0 (Windows),False,2,2,2,2
184813.pdf,Corel PDF Engine Version 11.4.0.100,False,0,0,0,0
184814.pdf,Acrobat Distiller 5.0 (Windows),False,2,2,2,2
184815.pdf,Antenna House PDF Output Library 2.4.0 (Linux),False,2,2,2,2
184816.pdf,Corel PDF Engine Version 11.4.0.100,False,0,0,0,0
184817.pdf,Acrobat Distiller 7.0.5 (Windows),False,0,0,0,0
184818.pdf,Antenna House PDF Output Library 2.4.0 (Linux),False,2,2,2,2
184821.pdf,Acrobat PDFWriter 4.0 for Windows,False,2,2,2,2
184822.pdf,Acrobat Distiller 3.01 for Windows,True,5,2,2,2
184823.pdf,Acrobat Distiller 5.0.5 (Windows),False,0,0,0,0
184824.pdf,iText1.1 by lowagie.com (based on itext-paulo-142),False,0,0,0,0
184830.pdf,Acrobat Distiller 2.1 for Windows,False,0,0,0,0
184831.pdf,Acrobat Elements 7.0.5 (Windows),False,0,0,0,0
184841.pdf,Adobe PDF Library 6.0,False,2,2,2,2
184855.pdf,Acrobat PDFWriter 3.0 for Windows,False,0,0,0,0
184858.pdf,Acrobat Distiller 7.0.5 (Windows),False,0,0,0,0
184897.pdf,Acrobat PDFWriter 4.05 for Windows NT,False,0,0,0,0
184918.pdf,Acrobat Distiller 5.0 (Windows),False,0,0,0,0
184932.pdf,Acrobat Distiller 8.1.0 (Windows),False,0,0,0,0
184934.pdf,Acrobat Distiller 7.0.5 (Windows),False,0,0,0,0
184938.pdf,Acrobat Distiller 7.0.5 (Windows),False,0,0,0,0
184939.pdf,Acrobat Distiller 5.0.5 (Windows),False,0,0,0,0
184940.pdf,Acrobat Distiller Command 3.02b for Solaris 2.3 and later (SPARC),False,2,2,2,2
184941.pdf,Acrobat Distiller 7.0.5 (Windows),False,0,0,0,0
184942.pdf,Acrobat Distiller 7.0.5 (Windows),False,0,0,0,0
184943.pdf,Acrobat Distiller 7.0 (Windows),False,0,0,0,0
184944.pdf,StampPDF Batch 2.7 for Solaris - SPDF 1045,False,2,2,2,2
184945.pdf,Acrobat Distiller 7.0 (Windows),False,0,0,0,0
184946.pdf,Acrobat Distiller 6.0.1 (Windows),False,0,0,0,0
184947.pdf,Antenna House PDF Output Library 2.4.0 (Linux),False,2,2,2,2
184948.pdf,Acrobat Distiller 8.0.0 (Windows),False,0,0,0,0
184949.pdf,Acrobat Distiller 5.0.5 (Windows),False,0,0,0,0
184975.pdf,Acrobat Distiller 7.0.5 (Windows),False,0,0,0,0
184976.pdf,Acrobat PDFWriter 4.05 for Windows,False,2,2,2,2
184977.pdf,PDFlib PLOP 2.0.0p4 (SunOS)/Acrobat Distiller 5.0.5 (Windows),False,0,0,0,0
184978.pdf,StampPDF Batch 4.0.4 Solaris SPDF_1096+ May  4 2004,False,0,0,0,0
184979.pdf,Acrobat Distiller Command 3.01 for Solaris 2.3 and later (SPARC),False,0,0,0,0
184980.pdf,Acrobat Distiller Command 3.01 for Solaris 2.3 and later (SPARC),False,0,0,0,0
184981.pdf,OpenOffice.org 2.0,False,0,0,0,0
184982.pdf,Acrobat Distiller 7.0.5 (Windows),False,0,0,0,0
184983.pdf,,False,2,2,2,2
184984.pdf,Acrobat PDFWriter 3.0 for Windows,False,0,0,0,0
184985.pdf,Antenna House PDF Output Library 2.4.0 (Linux),False,2,2,2,2
202042.pdf,Creo Normalizer JTP,False,0,0,0,0
202079.pdf,Acrobat Distiller 3.01 for Power Macintosh,False,0,0,0,0
202080.pdf,Acrobat Distiller 4.0 for Macintosh,False,0,0,0,0
202081.pdf,Acrobat Distiller 8.0.0 (Windows),False,0,0,0,0
202097.pdf,Acrobat Distiller 1.0.2 for Macintosh,False,0,0,0,0
202107.pdf,Canon iR3570/iR4570             ,False,0,0,0,0
202110.pdf,Acrobat PDFWriter 2.01 for Windows,False,0,0,0,0
202125.pdf,Acrobat Distiller 6.0.1 (Windows),False,0,0,0,0
202129.pdf,www.adlibsoftware.com:EXS3167-Windows XP,False,0,0,0,0
202191.pdf,Acrobat Distiller 4.0 for Windows,False,0,0,0,0
202193.pdf,Acrobat Distiller 5.0.5 (Windows),True,5,2,2,2
202195.pdf,Acrobat Distiller 6.0.1 (Windows),False,0,0,0,0
202196.pdf,Acrobat Distiller 6.0 (Windows),False,0,0,0,0
202197.pdf,www.adlibsoftware.com:EXS3185-Windows 2003:TNG,False,0,0,0,0
202198.pdf,Acrobat Distiller 5.0 (Windows),False,2,2,2,2
202199.pdf,EFI Cyclone,False,0,0,0,0
202200.pdf,Corel PDF Engine Version 11.4.0.100,False,0,0,0,0
202201.pdf,Acrobat Distiller 7.0.5 (Windows),False,2,2,2,2
202202.pdf,Corel PDF Engine Version 11.321,False,0,0,0,0
202203.pdf,Acrobat Distiller 4.05 for Windows,False,2,2,2,2
202204.pdf,JAWS PDFLib,False,0,0,0,0
202205.pdf,JAWS PDFLib,False,2,2,2,2
202206.pdf,Acrobat Distiller 7.0.5 (Windows),False,0,0,0,0
202207.pdf,Acrobat PDFWriter 5.0 for Windows NT,False,0,0,0,0
202208.pdf,Acrobat PDFWriter 2.01 for Windows,False,0,0,0,0
202209.pdf,Acrobat Distiller 7.0.5 (Windows),False,0,0,0,0
202210.pdf,"Etymon PJ 1.10, Copyright (C) 1998-2000 Etymon Systems, Inc. <http://www.etymon.com/>. ",False,0,0,0,0
202211.pdf,Acrobat Distiller 7.0.5 (Windows),False,2,2,2,2
202212.pdf,Acrobat Distiller 5.0 (Windows),False,0,0,0,0
202131.pdf,Acrobat PDFWriter 4.05 for Windows NT,False,0,0,0,0
202135.pdf,Acrobat Distiller 3.01 for Windows,False,0,0,0,0
202138.pdf,Acrobat Distiller 6.0 (Windows),False,2,2,2,2
202140.pdf,Acrobat Distiller 7.0.5 (Windows),False,0,0,0,0
202143.pdf,QuarkXPress(tm) 6.5,False,0,0,0,0
202144.pdf,Corel PDF Engine Version 11.2.0.239,False,0,0,0,0
202146.pdf,Acrobat Distiller 6.0.1 (Windows),False,0,0,0,0
202148.pdf,Acrobat Distiller 3.0 for Power Macintosh,False,0,0,0,0
202149.pdf,Acrobat Distiller 4.0 for Windows,False,0,0,0,0
202155.pdf,Acrobat PDFWriter 4.05 for Windows NT,False,0,0,0,0
202159.pdf,AFPL Ghostscript 8.50,False,0,0,0,0
202164.pdf,Acrobat Distiller 5.0.5 (Windows),False,0,0,0,0
202171.pdf,Acrobat Distiller 7.0 (Windows),False,0,0,0,0
202182.pdf,FDFMerge Lite 5.0.4 Windows SPDF_1096+ May  3 2004,False,2,2,2,2
202183.pdf,,False,2,2,2,2
202184.pdf,FDFMerge Lite 5.0.4 Windows SPDF_1096+ May  3 2004,False,2,2,2,2
202186.pdf,Acrobat Distiller 7.0 (Windows),False,0,0,0,0
202187.pdf,Adobe Acrobat 8.0 Paper Capture Plug-in,False,0,0,0,0
202188.pdf,Acrobat Distiller 8.1.0 (Windows),False,0,0,0,0
202190.pdf,Acrobat Distiller 5.0.5 (Windows),False,0,0,0,0
202213.pdf,Corel PDF Engine Version 11.4.0.100,False,0,0,0,0
202214.pdf,Corel PDF Engine Version 11.2.0.239,False,2,2,2,2
202215.pdf,ECMP5,False,0,0,0,0
202216.pdf,Acrobat Distiller 6.0.1 (Windows),False,0,0,0,0
202217.pdf,Corel PDF Engine Version 11.321,False,2,2,2,2
202218.pdf,Acrobat Distiller 7.0.5 (Windows),False,0,0,0,0
202219.pdf,Acrobat Distiller 7.0 (Windows),False,2,2,2,2
202220.pdf,Acrobat Distiller 5.0 (Windows),False,2,2,2,2
202221.pdf,Data Dynamics ActiveReports (tm) for .NET,False,2,2,2,2
202224.pdf,Acrobat Distiller 5.0 (Windows),False,2,2,2,2
202225.pdf,Acrobat Distiller 7.0.5 (Windows),False,2,2,2,2
202232.pdf,Acrobat Distiller 7.0.5 (Windows),False,2,2,2,2
202235.pdf,Mac OS X 10.4.9 Quartz PDFContext,False,0,0,0,0
202264.pdf,Acrobat Distiller 5.0.5 (Windows),False,0,0,0,0
202269.pdf,Adobe PDF Library 7.0,False,0,0,0,0
202287.pdf,Acrobat Distiller 2.1 for Windows,False,2,2,2,2
202290.pdf,Acrobat Distiller 5.0.5 (Windows),False,0,0,0,0
202306.pdf,Acrobat Distiller 8.1.0 (Windows),False,0,0,0,0
202335.pdf,Adobe PDF Library 4.0,False,0,0,0,0
202364.pdf,Acrobat Distiller 4.0 for Windows,False,2,2,2,2
202386.pdf,Acrobat PDFWriter 4.05 for Windows NT,False,0,0,0,0
202387.pdf,Acrobat Distiller 5.0.5 for Macintosh,False,0,0,0,0
202388.pdf,Acrobat Distiller 5.0 (Windows),False,0,0,0,0
202389.pdf,Acrobat PDFWriter 4.05 for Windows NT,False,0,0,0,0
202390.pdf,Acrobat Distiller 7.0.5 (Windows),False,0,0,0,0
202391.pdf,Acrobat Distiller Command 3.02b for Solaris 2.3 and later (SPARC),False,0,0,0,0
202392.pdf,Acrobat Distiller 7.0.5 (Windows),False,0,0,0,0
202394.pdf,Acrobat Distiller 7.0 (Windows),False,0,0,0,0
202396.pdf,Acrobat Distiller 5.0 (Windows),False,0,0,0,0
202397.pdf,Acrobat PDFWriter 3.02 for Windows NT,False,0,0,0,0
202435.pdf,Acrobat Distiller 6.0 (Windows),False,0,0,0,0
202449.pdf,Acrobat Distiller 4.0 for Windows,False,0,0,0,0
202454.pdf,Acrobat Net Distiller 1.0 for Windows,False,0,0,0,0
202456.pdf,Acrobat Distiller 5.0.5 (Windows),False,2,2,2,2
202462.pdf,Acrobat Net Distiller 1.0 for Windows,False,0,0,0,0
202463.pdf,Acrobat PDFWriter 4.05 for Windows NT,False,0,0,0,0
202467.pdf,Acrobat PDFWriter 4.05 for Windows NT,False,0,0,0,0
202476.pdf,OpenOffice.org 1.1.3,False,0,0,0,0
202479.pdf,,False,0,0,0,0
202487.pdf,Acrobat Net Distiller 1.0 for Windows,False,0,0,0,0
202365.pdf,Acrobat Distiller 8.0.0 (Windows),False,0,0,0,0
202366.pdf,Acrobat PDFWriter 4.05 for Windows NT,False,0,0,0,0
202367.pdf,Acrobat Distiller 6.0.1 (Windows),False,0,0,0,0
202368.pdf,Corel PDF Engine Version 9.654,False,0,0,0,0
202369.pdf,Acrobat Distiller 5.0.5 for Macintosh,False,0,0,0,0
202370.pdf,Acrobat Distiller 4.05 for Windows,False,0,0,0,0
202372.pdf,Acrobat Distiller 5.0 (Windows),False,0,0,0,0
202373.pdf,Acrobat Distiller 4.0 for Windows,False,2,2,2,2
202374.pdf,Acrobat Distiller 3.0 for Power Macintosh,False,0,0,0,0
202375.pdf,Acrobat Distiller 5.0.5 (Windows),False,0,0,0,0
202376.pdf,Acrobat Distiller 7.0.5 (Windows),False,0,0,0,0
202377.pdf,Acrobat Distiller 4.05 for Windows,False,0,0,0,0
202378.pdf,Acrobat Distiller 7.0.5 (Windows),False,0,0,0,0
202379.pdf,Acrobat Distiller 3.01 for Windows,False,2,2,2,2
202380.pdf,Acrobat Distiller 3.0 for Windows,False,0,0,0,0
202381.pdf,Acrobat Distiller 6.0.1 (Windows),False,0,0,0,0
202382.pdf,itext-paulo-138 (itextpdf.sf.net-lowagie.com),False,0,0,0,0
202383.pdf,Acrobat Distiller 4.05 for Windows,False,2,2,2,2
202384.pdf,Acrobat Distiller 5.0 (Windows),False,0,0,0,0
202385.pdf,Corel PDF Engine Version 11.245,False,0,0,0,0
184951.pdf,Acrobat Distiller 5.0.2 for Macintosh,False,0,0,0,0
184953.pdf,Acrobat Distiller 5.0.5 for Macintosh,False,0,0,0,0
184955.pdf,Acrobat PDFWriter 3.02 for Windows,False,0,0,0,0
184957.pdf,Acrobat Distiller 6.0 (Windows),False,2,2,2,2
184958.pdf,Acrobat Distiller Command 3.01 for Solaris 2.3 and later (SPARC),False,0,0,0,0
184959.pdf,Adobe PDF Library 4.0,False,0,0,0,0
184960.pdf,Adobe PDF Library 4.0,False,0,0,0,0
184961.pdf,Acrobat Distiller 5.0 (Windows),False,0,0,0,0
184962.pdf,Acrobat PDFWriter 3.02 for Windows NT,False,0,0,0,0
184963.pdf,http://www.freepdfconvert.com,False,0,0,0,0
184964.pdf,Acrobat PDFWriter 4.05 for Windows NT,False,0,0,0,0
184965.pdf,Acrobat Distiller 5.0.5 (Windows),False,0,0,0,0
184966.pdf,Acrobat Distiller 4.0 for Macintosh,False,2,2,2,2
184967.pdf,Acrobat Distiller 5.0 (Windows),False,0,0,0,0
184969.pdf,Acrobat PDFWriter 4.05 for Windows NT,False,0,0,0,0
184970.pdf,Adobe PDF Library 4.0,False,0,0,0,0
184971.pdf,Acrobat PDFWriter 3.0 for Power Macintosh,False,0,0,0,0
184972.pdf,捁潲慢⁴⸴㔰䤠灭牯⁴汐杵椭潦楗摮睯s,False,2,2,2,2
184973.pdf,Acrobat Distiller 7.0.5 (Windows),False,0,0,0,0
184974.pdf,Acrobat Distiller 3.01 for Power Macintosh,False,0,0,0,0
202539.pdf,Acrobat Distiller 6.0.1 (Windows),False,0,0,0,0
202540.pdf,Mac OS X 10.4.11 Quartz PDFContext,False,0,0,0,0
202541.pdf,Acrobat Distiller 5.0 (Windows),False,0,0,0,0
202542.pdf,Acrobat Distiller 5.0.5 for Macintosh,False,2,2,2,2
202543.pdf,dvips + ESP Ghostscript 815.02,False,0,0,0,0
202544.pdf,Acrobat Distiller 5.0.5 (Windows),False,2,2,2,2
202545.pdf,Acrobat Distiller 5.0.5 (Windows),False,0,0,0,0
202546.pdf,JAWS PDFLib,False,0,0,0,0
202547.pdf,Adobe PDF Library 5.0,False,0,0,0,0
202548.pdf,Adobe PDF Library 7.0,False,0,0,0,0
202549.pdf,AFPL Ghostscript 7.0,False,0,0,0,0
202550.pdf,Acrobat Distiller 5.0 (Windows),False,0,0,0,0
202551.pdf,Acrobat PDFWriter 3.02 for Windows NT,False,0,0,0,0
202552.pdf,Acrobat Distiller 4.05 for Macintosh,False,0,0,0,0
202553.pdf,ScanSoft PDF Create! 3,False,0,0,0,0
202554.pdf,Acrobat PDFWriter 3.03 for Windows,False,0,0,0,0
202555.pdf,Acrobat Distiller 4.0 for Windows,False,0,0,0,0
202557.pdf,Acrobat Distiller 8.0.0 (Windows),False,0,0,0,0
202558.pdf,Data Dynamics ActiveReports (tm) for .NET,False,0,0,0,0
202559.pdf,APSetDocInfo 1.9 Solaris SPDF_1086 Aug  7 2003,False,2,2,2,2
202560.pdf,Acrobat Distiller Command 3.01 for Solaris 2.3 and later (SPARC),False,0,0,0,0
202561.pdf,Acrobat Distiller 6.0 (Windows),False,0,0,0,0
202562.pdf,Acrobat Distiller 5.0 (Windows),False,0,0,0,0
202563.pdf,Acrobat Distiller 6.0 (Windows),False,0,0,0,0
202564.pdf,Acrobat PDFWriter 4.05 for Windows NT,False,0,0,0,0
202565.pdf,Acrobat Distiller 5.0 (Windows),False,2,2,2,2
202566.pdf,Acrobat Distiller 8.1.0 (Windows),False,0,0,0,0
202567.pdf,Acrobat PDFWriter 4.05 for Windows NT,False,0,0,0,0
202568.pdf,Acrobat Distiller 6.0 (Windows),False,0,0,0,0
202569.pdf,Acrobat PDFWriter 3.0.1 for Power Macintosh,False,0,0,0,0
202743.pdf,dvips + AFPL Ghostscript 8.11,False,0,0,0,0
202744.pdf,Acrobat Distiller 5.0 (Windows),False,0,0,0,0
202745.pdf,Acrobat Distiller 4.05 for Sparc Solaris,False,2,2,2,2
202746.pdf,Acrobat Distiller 5.0.5 (Windows),False,0,0,0,0
202747.pdf,Acrobat Distiller 5.0 (Windows),False,2,2,2,2
202748.pdf,Acrobat Distiller 6.0 (Windows),False,0,0,0,0
202749.pdf,GNU Ghostscript 7.07,False,0,0,0,0
202750.pdf,AFPL Ghostscript 7.0,False,0,0,0,0
202751.pdf,AFPL Ghostscript 7.0,False,0,0,0,0
202752.pdf,ESP Ghostscript 815.03,False,0,0,0,0
202895.pdf,Acrobat Distiller 5.0 (Windows),False,0,0,0,0
202896.pdf,Acrobat Distiller 5.0.5 (Windows),False,0,0,0,0
202902.pdf,Acrobat Distiller 7.0.5 (Windows),False,0,0,0,0
202905.pdf,Acrobat Distiller 3.0 for Power Macintosh,False,0,0,0,0
202943.pdf,Acrobat PDFWriter 4.0 for Windows,False,2,2,2,2
202944.pdf,Acrobat Distiller 7.0 (Windows),False,0,0,0,0
202946.pdf,Acrobat PDFWriter 4.0 for Windows,False,0,0,0,0
202947.pdf,Corel PDF Engine Version 10.517,False,0,0,0,0
202948.pdf,Acrobat Distiller 4.05 for Windows,False,0,0,0,0
202949.pdf,Acrobat Distiller 5.0.5 (Windows),False,0,0,0,0
202950.pdf,Acrobat Distiller 7.0.5 (Windows),False,0,0,0,0
202951.pdf,Acrobat Distiller 3.0 for Power Macintosh,False,0,0,0,0
202952.pdf,Acrobat Distiller 7.0 (Windows),False,0,0,0,0
202953.pdf,Acrobat Distiller 6.0 (Windows),False,2,2,2,2
202954.pdf,Corel PDF Engine Version 10.990,False,2,2,2,2
202955.pdf,Acrobat Distiller 5.0.5 (Windows),False,0,0,0,0
202956.pdf,Acrobat Distiller 7.0.5 (Windows),False,2,2,2,2
202957.pdf,,False,0,0,0,0
202958.pdf,Acrobat PDF Writer 1.0 for Macintosh ,False,0,0,0,0
202959.pdf,Acrobat Distiller 7.0.5 (Windows),False,0,0,0,0
202960.pdf,Acrobat Distiller 5.0 (Windows),False,0,0,0,0
202961.pdf,Acrobat Distiller 7.0.5 (Windows),False,0,0,0,0
202962.pdf,Acrobat Distiller 6.0.1 (Windows),False,0,0,0,0
202963.pdf,www.inputsolutions.com,False,0,0,0,0
202964.pdf,Acrobat Net Distiller 1.0 for Windows,False,0,0,0,0
202965.pdf,Mac OS X 10.4.8 Quartz PDFContext,False,0,0,0,0
202966.pdf,Acrobat Distiller 6.0.1 (Windows),False,0,0,0,0
202967.pdf,Acrobat PDFWriter 5.0 for Windows NT,False,0,0,0,0
202968.pdf,Acrobat Distiller 4.05 for Windows,False,0,0,0,0
202969.pdf,Acrobat Distiller 8.0.0 (Windows),False,2,2,2,2
202970.pdf,Acrobat PDFWriter 5.0 for Windows NT,False,0,0,0,0
202971.pdf,Acrobat Distiller 3.01 for Windows,False,0,0,0,0
202972.pdf,Acrobat Distiller 5.0.5 (Windows),False,0,0,0,0
202973.pdf,,False,0,0,0,0
202974.pdf,Pixel Translations (PIXPDF Ver.4.2.48),False,0,0,0,0
202975.pdf,Acrobat Distiller 4.0 for Windows,False,0,0,0,0
202986.pdf,Acrobat Distiller 3.01 for Power Macintosh,False,0,0,0,0
202997.pdf,Acrobat PDFWriter 3.0 for Windows,False,0,0,0,0
334000.pdf,Acrobat Elements 7.0.5 (Windows),False,2,2,2,2
334001.pdf,Acrobat Distiller Command 3.02b for Solaris 2.3 and later (SPARC),False,0,0,0,0
334002.pdf,Acrobat Distiller 7.0 (Windows),False,0,0,0,0
334006.pdf,,False,0,0,0,0
334007.pdf,Acrobat PDFWriter 3.02 for Windows,False,0,0,0,0
334008.pdf,JAWS PDFLib,False,0,0,0,0
334009.pdf,JAWS PDFLib,False,0,0,0,0
334010.pdf,Corel PDF Engine Version 11.4.0.100,False,0,0,0,0
334011.pdf,Corel PDF Engine Version 9.654,True,0,0,0,0
334012.pdf,Corel PDF Engine Version 11.4.0.100,True,0,0,0,0
334013.pdf,Acrobat Distiller 6.0 (Windows),False,0,0,0,0
334014.pdf,Acrobat Distiller 6.0.1 (Windows),False,0,0,0,0
334015.pdf,Acrobat Distiller 6.0 (Windows),False,0,0,0,0
334016.pdf,Acrobat PDFWriter 4.05 for Windows NT,False,0,0,0,0
334017.pdf,Acrobat Distiller 6.0 (Windows),False,0,0,0,0
334018.pdf, ,False,0,0,0,0
334019.pdf,Acrobat Distiller 6.0.1 (Windows),False,0,0,0,0
334020.pdf,Adobe Acrobat 6.0.2 Paper Capture,False,0,0,0,0
334021.pdf,Acrobat Distiller 4.05 for Windows,False,2,2,2,2
334023.pdf,Acrobat Distiller 5.0 (Windows),False,0,0,0,0
334024.pdf,Acrobat Distiller 5.0.5 (Windows),False,2,2,2,2
334025.pdf,Acrobat Distiller 8.1.0 (Windows),False,0,0,0,0
202753.pdf,Acrobat Distiller 5.0 (Windows),False,0,0,0,0
202754.pdf,Adobe Acrobat 8.1 Paper Capture Plug-in,False,0,0,0,0
202755.pdf,AFPL Ghostscript 8.13,False,0,0,0,0
202756.pdf,Acrobat Distiller 5.0.5 (Windows),False,0,0,0,0
202757.pdf,Acrobat Distiller 4.05 for Sparc Solaris,False,2,2,2,2
202758.pdf,Acrobat Distiller Command 3.0 for Solaris 2.3 and later (SPARC),False,0,0,0,0
202759.pdf,Acrobat Distiller 4.05 for Windows,False,0,0,0,0
202760.pdf,pdfTeX-1.10b,False,0,0,0,0
202761.pdf,Acrobat Distiller 3.01 for Windows,False,0,0,0,0
202762.pdf,AFPL Ghostscript CVS PRE-RELEASE 7.10,False,0,0,0,0
202763.pdf,Adobe PDF Library 7.0,False,0,0,0,0
202764.pdf,Acrobat Distiller 5.0 (Windows),False,0,0,0,0
202765.pdf,Adobe PDF Library 5.0,False,0,0,0,0
202766.pdf,Acrobat Distiller 5.0.5 (Windows),False,0,0,0,0
202767.pdf,Acrobat Distiller 6.0 (Windows),False,0,0,0,0
202768.pdf,Acrobat Distiller Command 3.0 for Solaris 2.3 and later (SPARC),False,0,0,0,0
202769.pdf,Acrobat Distiller 6.0.1 (Windows),False,2,2,2,2
202770.pdf,dvips + ESP Ghostscript 815.02,False,0,0,0,0
202771.pdf,Acrobat Distiller 5.0.5 (Windows),False,0,0,0,0
202772.pdf,Mac OS X 10.4.10 Quartz PDFContext,False,0,0,0,0
334108.pdf, ,False,0,0,0,0
334115.pdf,Acrobat PDFWriter 4.0 for Windows NT,False,0,0,0,0
334120.pdf,Acrobat Distiller 4.05 for Macintosh,False,0,0,0,0
334123.pdf,Acrobat Distiller 6.0.1 (Windows),False,0,0,0,0
334130.pdf,Acrobat Distiller 7.0 (Windows),False,0,0,0,0
334131.pdf,Acrobat Distiller 5.0.5 (Windows),False,0,0,0,0
334132.pdf,Acrobat Distiller 4.0 for Windows,False,0,0,0,0
334133.pdf,Acrobat Distiller 7.0.5 (Windows),False,0,0,0,0
334134.pdf,Acrobat Distiller 4.0 for Windows,False,0,0,0,0
334135.pdf,Acrobat Distiller 4.0 for Windows,False,0,0,0,0
334136.pdf,Acrobat Distiller 7.0 (Windows),False,0,0,0,0
334137.pdf,Acrobat Distiller 7.0.5 (Windows),False,0,0,0,0
334138.pdf,Acrobat Distiller 7.0.5 (Windows),False,0,0,0,0
334139.pdf,Acrobat Distiller 7.0.5 (Windows),False,0,0,0,0
334140.pdf,Acrobat Distiller 5.0 (Windows),False,0,0,0,0
334141.pdf,Acrobat Distiller 4.05 for Windows,False,0,0,0,0
334142.pdf,Acrobat Distiller 5.0.5 for Macintosh,False,2,2,2,2
334143.pdf,Acrobat Distiller 7.0.5 (Windows),True,3,0,0,0
334144.pdf,"Etymon PJ 1.10, Copyright (C) 1998-2000 Etymon Systems, Inc. <http://www.etymon.com/>. ",False,0,0,0,0
334145.pdf,Acrobat Distiller 3.01 for Windows,False,0,0,0,0
202497.pdf,GNU Ghostscript 7.07,False,0,0,0,0
202501.pdf,GPL Ghostscript 8.61,False,2,2,2,2
202503.pdf,Acrobat Net Distiller 1.0 for Windows,False,2,2,2,2
202505.pdf,JAWS PDFLib,False,0,0,0,0
202518.pdf,Acrobat Distiller 7.0.5 (Windows),False,0,0,0,0
202519.pdf,Mac OS X 10.4.8 Quartz PDFContext,False,0,0,0,0
202520.pdf,Acrobat Distiller 6.0 (Windows),False,0,0,0,0
202522.pdf,GPL Ghostscript 8.61,False,0,0,0,0
202525.pdf,Acrobat Distiller 8.1.0 (Windows),False,0,0,0,0
202526.pdf,Acrobat Distiller 5.0 (Windows),False,0,0,0,0
202527.pdf,Acrobat PDFWriter 3.03 for Windows,False,0,0,0,0
202528.pdf,Acrobat Distiller 7.0.5 (Windows),False,2,2,2,2
202529.pdf,Acrobat Distiller 5.0 (Windows),False,0,0,0,0
202531.pdf,Acrobat Distiller 5.0 (Windows),False,0,0,0,0
202532.pdf,Acrobat Distiller 8.1.0 (Windows),False,0,0,0,0
202533.pdf,Acrobat PDFWriter 5.0 for Windows NT,False,0,0,0,0
202534.pdf,Acrobat Distiller 5.0 (Windows),False,0,0,0,0
202535.pdf,Acrobat Distiller 5.0.5 (Windows),False,0,0,0,0
202536.pdf,Acrobat Distiller 4.05 for Windows,False,0,0,0,0
202538.pdf,,False,0,0,0,0
202774.pdf,Acrobat Distiller 7.0.5 (Windows),False,0,0,0,0
202775.pdf,GNU Ghostscript 7.07,False,0,0,0,0
202776.pdf,Acrobat Distiller 4.05 for Windows,False,0,0,0,0
202777.pdf,Adobe PDF Library 8.0,False,0,0,0,0
202778.pdf,Acrobat Distiller 5.0 (Windows),False,0,0,0,0
202779.pdf,Acrobat Distiller 8.1.0 (Macintosh),False,0,0,0,0
202780.pdf,Acrobat Distiller Command 2.1 for SunOS/Solaris (SPARC),False,0,0,0,0
202781.pdf,Acrobat Distiller 7.0 (Windows),False,2,2,2,2
202783.pdf,Acrobat Distiller 5.0.5 (Windows),False,0,0,0,0
202784.pdf,Acrobat Distiller 7.0.5 (Windows),False,2,2,2,2
202785.pdf,dvips + AFPL Ghostscript CVS PRE-RELEASE 8.01,False,0,0,0,0
202786.pdf,GNU Ghostscript 7.07,False,0,0,0,0
202787.pdf,Acrobat Distiller 3.01 for Power Macintosh,False,0,0,0,0
202788.pdf,Acrobat Distiller 3.01 for Windows,False,0,0,0,0
202789.pdf,AFPL Ghostscript 8.11,False,0,0,0,0
202790.pdf,pdfTeX-1.11b,False,0,0,0,0
202791.pdf,Acrobat Distiller 8.1.0 (Windows),False,0,0,0,0
202792.pdf,Mac OS X 10.4.6 Quartz PDFContext,False,0,0,0,0
202874.pdf,Acrobat Distiller 6.0 (Windows),True,3,0,0,0
202894.pdf,Adobe PDF Library 7.0,False,0,0,0,0
334333.pdf,Acrobat PDFWriter 5.0 for Windows NT,False,0,0,0,0
334335.pdf,Acrobat Distiller 7.0.5 (Windows),False,2,2,2,2
334336.pdf,Acrobat PDFWriter 4.0 for Windows,False,0,0,0,0
334337.pdf,Acrobat Distiller 5.0.5 for Macintosh,False,0,0,0,0
334338.pdf,Acrobat PDFWriter 4.05 for Windows NT,False,0,0,0,0
334339.pdf,dvips + Distiller,False,0,0,0,0
334340.pdf,Acrobat Distiller 6.0.1 (Windows),False,0,0,0,0
334341.pdf,Acrobat PDFWriter 4.0 for Windows,False,2,2,2,2
334342.pdf,Acrobat Distiller 8.0.0 (Windows),False,0,0,0,0
334343.pdf,Acrobat Distiller 5.0.5 (Windows),False,0,0,0,0
334344.pdf,Acrobat Distiller 5.0.5 (Windows),False,0,0,0,0
334346.pdf,Acrobat Distiller 7.0.5 (Windows),False,0,0,0,0
334347.pdf,Acrobat Distiller 6.0 (Windows),False,0,0,0,0
334348.pdf,Acrobat Distiller 6.0 (Windows),False,2,2,2,2
334349.pdf,Acrobat Distiller 8.1.0 (Windows),False,0,0,0,0
334350.pdf,Aladdin Ghostscript 6.01,False,0,0,0,0
334351.pdf,Acrobat Distiller 5.0 (Windows),False,0,0,0,0
334353.pdf,Mac OS X 10.3.4 Quartz PDFContext,False,0,0,0,0
334354.pdf,Acrobat Distiller 6.0.1 (Windows),False,0,0,0,0
334355.pdf,Acrobat Distiller 6.0 (Windows),False,0,0,0,0
334356.pdf,Acrobat PDFWriter 5.0 for Windows NT,False,0,0,0,0
334357.pdf,Corel PDF Engine Version 9.654,False,0,0,0,0
334358.pdf,Acrobat Distiller 4.0 for Windows,False,0,0,0,0
334360.pdf,Acrobat Distiller 7.0.5 (Windows),False,0,0,0,0
334361.pdf,Acrobat Distiller 5.0.5 (Windows),False,2,2,2,2
334362.pdf,Acrobat Distiller 4.0 for Windows,False,2,2,2,2
334363.pdf,Acrobat PDFWriter 3.02 for Windows,False,0,0,0,0
334364.pdf,Acrobat Distiller 6.0 (Windows),False,2,2,2,2
334365.pdf,Acrobat Distiller 2.1b5 for Windows,False,2,2,2,2
334477.pdf,Adobe PDF Library 4.0,False,2,2,2,2
334490.pdf,Acrobat Distiller 6.0.1 (Windows),False,0,0,0,0
334496.pdf,Acrobat Distiller 5.0.5 (Windows),False,0,0,0,0
334498.pdf,Acrobat PDFWriter 5.0 for Windows,True,3,0,0,0
334503.pdf,Acrobat Distiller 7.0.5 (Windows),False,0,0,0,0
334504.pdf,Corel PDF Engine Version 11.4.0.100,False,0,0,0,0
334505.pdf,Adobe PDF Library 6.0,False,0,0,0,0
334508.pdf,Acrobat Distiller 6.0 (Windows),False,0,0,0,0
334509.pdf,Acrobat Distiller 7.0.5 (Windows),False,2,2,2,2
334510.pdf,Acrobat Distiller 4.05 for Windows,False,2,2,2,2
334515.pdf,Acrobat PDFWriter 3.03 for Windows NT,False,0,0,0,0
334146.pdf,Acrobat Distiller 6.0 (Windows),False,0,0,0,0
334147.pdf,Acrobat Distiller 4.0 for Windows,False,0,0,0,0
334148.pdf,Adobe PDF Library 6.0,False,0,0,0,0
334149.pdf,Acrobat Distiller 5.0.5 (Windows),False,0,0,0,0
334150.pdf,Acrobat PDFWriter 4.05 for Windows,False,0,0,0,0
334151.pdf,Acrobat Distiller 4.0 for Windows,False,0,0,0,0
334152.pdf,Acrobat Distiller 6.0 (Windows),True,3,0,0,0
334153.pdf,Adobe PDF Library 7.0,False,0,0,0,0
334156.pdf,Acrobat Distiller 8.1.0 (Windows),False,0,0,0,0
334169.pdf,Acrobat Distiller 3.01 for Power Macintosh,False,0,0,0,0
334174.pdf,Acrobat Distiller 5.0 (Windows),False,0,0,0,0
334201.pdf,Acrobat Distiller 5.0.5 (Windows),False,0,0,0,0
334258.pdf,Adobe PDF Library 7.0,False,0,0,0,0
334259.pdf,Jaws PDF Creator v3.4.1834,False,0,0,0,0
334261.pdf,Acrobat Net Distiller 1.0 for Windows,False,0,0,0,0
334328.pdf,Acrobat PDFWriter 3.02 for Windows NT,False,0,0,0,0
334329.pdf,Acrobat Distiller 3.01 for Windows,False,0,0,0,0
334330.pdf,Acrobat Distiller 4.05 for Windows,False,0,0,0,0
334331.pdf,Acrobat Distiller 7.0.5 (Windows),False,2,2,2,2
334332.pdf,Acrobat PDFWriter 4.05 for Windows NT,False,0,0,0,0
334535.pdf,Acrobat Distiller 5.0.5 (Windows),False,0,0,0,0
334536.pdf,Acrobat Distiller 5.0.5 (Windows),False,0,0,0,0
334537.pdf,Acrobat Distiller 6.0.1 (Windows),False,0,0,0,0
334538.pdf,Acrobat Distiller 8.1.0 (Windows),False,0,0,0,0
334539.pdf,Acrobat Distiller 7.0.5 (Windows),False,0,0,0,0
334540.pdf,QuarkXPress(tm) 6.52,False,0,0,0,0
334541.pdf,Acrobat Distiller 6.0 (Windows),False,0,0,0,0
334559.pdf,Acrobat Distiller 4.0 for Windows,False,0,0,0,0
334576.pdf,ScanSoft PDF Create! 3,False,0,0,0,0
334577.pdf,Acrobat Distiller 5.0.5 for Macintosh,False,0,0,0,0
334579.pdf,Acrobat Distiller 6.0 (Windows),False,0,0,0,0
334580.pdf,Acrobat Distiller 6.0.1 (Windows),False,0,0,0,0
334581.pdf,Acrobat Distiller 6.0.1 (Windows),False,0,0,0,0
334582.pdf,Acrobat Distiller 7.0 (Windows),False,0,0,0,0
334583.pdf,Acrobat Distiller 3.02 for Power Macintosh,False,0,0,0,0
334584.pdf,Acrobat Distiller 5.0.5 (Windows),False,0,0,0,0
334585.pdf,Acrobat Distiller 6.0 (Windows),False,0,0,0,0
334586.pdf,GPL Ghostscript 8.15,False,0,0,0,0
334587.pdf,AFPL Ghostscript 8.0,False,0,0,0,0
334588.pdf,Corel PDF Engine Version 11.4.0.100,False,0,0,0,0
334589.pdf,Mac OS X 10.3.9 Quartz PDFContext,False,0,0,0,0
334590.pdf,Acrobat Distiller 8.0.0 (Windows),False,2,2,2,2
334591.pdf,Acrobat Distiller 6.0.1 (Windows),False,0,0,0,0
334592.pdf,Acrobat Distiller 6.0 (Windows),False,2,2,2,2
334594.pdf,Acrobat PDFWriter 3.02 for Windows,False,0,0,0,0
334595.pdf,Acrobat Distiller 6.0.1 for Macintosh,False,0,0,0,0
334596.pdf,Acrobat PDFWriter 5.0 for Windows NT,False,0,0,0,0
334598.pdf,Acrobat PDFWriter 4.0 for Windows,False,2,2,2,2
334599.pdf,Acrobat Distiller 5.0 (Windows),False,0,0,0,0
334600.pdf,Acrobat Distiller 2.1 for Windows,False,0,0,0,0
334601.pdf,Acrobat Distiller 8.1.0 (Windows),False,0,0,0,0
334602.pdf,,False,2,2,2,2
334603.pdf,Acrobat Distiller 5.0.5 (Windows),False,0,0,0,0
334604.pdf,Acrobat Distiller 4.0 for Windows,False,0,0,0,0
334605.pdf,Acrobat Distiller 6.0 (Windows),False,0,0,0,0
334606.pdf,Acrobat Distiller 5.0.5 (Windows),False,0,0,0,0
334634.pdf,Acrobat Distiller 5.0.5 (Windows),False,0,0,0,0
334637.pdf,www.adlibsoftware.com:EXS3181-Windows 2003:TNG,False,2,2,2,2
334640.pdf,,False,0,0,0,0
334662.pdf,Acrobat Distiller 5.0.5 (Windows),False,0,0,0,0
334668.pdf,CaptureSDK ENGine V12.5 http://www.scansoft.com,False,0,0,0,0
334670.pdf,Acrobat Distiller 8.1.0 (Windows),False,0,0,0,0
334671.pdf,Acrobat Distiller 4.0 for Windows,False,0,0,0,0
334673.pdf,Acrobat Distiller 6.0.1 (Windows),False,0,0,0,0
334674.pdf,Acrobat Distiller 4.0 for Windows,False,0,0,0,0
334675.pdf,Adobe PDF Library 8.0,False,0,0,0,0
334676.pdf,Acrobat Distiller 6.0.1 (Windows),False,2,2,2,2
334677.pdf,Acrobat Distiller Server 5.0.5 (Sparc Solaris),True,3,0,0,0
334697.pdf,Acrobat Distiller 6.0 (Windows),False,2,2,2,2
334706.pdf,Acrobat PDFWriter 4.05 for Windows,False,0,0,0,0
334719.pdf,Acrobat Net Distiller 1.0 for Windows,False,2,2,2,2
334723.pdf,GNU Ghostscript 7.07,False,0,0,0,0
334729.pdf,Acrobat PDFWriter 4.05 for Windows NT,False,0,0,0,0
334747.pdf,Acrobat Distiller 4.0 for Macintosh,False,2,2,2,2
334757.pdf,Acrobat Distiller 7.0.5 (Windows),False,2,2,2,2
334763.pdf,Acrobat Distiller Command 3.01 for Solaris 2.3 and later (SPARC),False,0,0,0,0
334764.pdf,Acrobat PDFWriter 3.0.1 for Power Macintosh,False,0,0,0,0
334765.pdf,Acrobat Distiller 7.0.5 (Windows),False,0,0,0,0
334766.pdf,Acrobat Distiller 6.0 (Windows),False,0,0,0,0
334767.pdf,Acrobat Distiller 6.0.1 (Windows),False,0,0,0,0
334026.pdf,Acrobat Distiller 6.0 (Windows),False,0,0,0,0
334027.pdf,Acrobat Distiller 6.0.1 (Windows),False,0,0,0,0
334028.pdf,Acrobat Distiller 5.0 (Windows),False,0,0,0,0
334029.pdf,Acrobat Distiller 7.0 (Windows),False,0,0,0,0
334031.pdf,Acrobat Distiller 7.0.5 (Windows),False,2,2,2,2
334032.pdf,Acrobat Web Capture 4.0,False,2,2,2,2
334033.pdf,Microsoft® Office Word 2007,False,2,2,2,2
334034.pdf,,False,0,0,0,0
334035.pdf,Acrobat Distiller 5.0.5 (Windows),False,0,0,0,0
334036.pdf,Acrobat PDFWriter 4.0 for Windows NT,False,0,0,0,0
334038.pdf,Acrobat Distiller 5.0 (Windows),False,0,0,0,0
334039.pdf,null,False,0,0,0,0
334040.pdf,Acrobat PDFWriter 5.0 for Windows NT,False,2,2,2,2
334042.pdf,Hewlett-Packard Intelligent Scanning Technology3,False,0,0,0,0
334044.pdf,Acrobat Distiller 5.0 (Windows),False,0,0,0,0
334045.pdf,Oracle PDF driver,False,0,0,0,0
334046.pdf,Acrobat Distiller 7.0.5 (Windows),False,0,0,0,0
334048.pdf,Acrobat Distiller 7.0 (Windows),False,0,0,0,0
334050.pdf,QuarkXPress(tm) 6.5,False,0,0,0,0
334051.pdf,Acrobat PDFWriter 4.0 for Windows,False,2,2,2,2
