file,thread,status,bytes,producer,creator,creation_date,n_printed_dates,min_gap_days,cues_hit,institutional,desktop,unsigned,sig_A,sig_B,sig_C,score
001306.pdf,001,ok,261059,Acrobat Distiller 7.0.5 (Windows),Acrobat PDFMaker 7.0.7 for Word,2006-12-14,4,1019,,False,True,True,0,2,0,2
001307.pdf,001,ok,936487,Acrobat Distiller 6.0.1 (Windows),Acrobat PDFMaker 6.0 for Word,2005-01-28,1,28,,False,True,True,0,0,0,0
001309.pdf,001,ok,182724,Acrobat Distiller 3.02,CUP Printing,2000-06-27,2,96,,False,True,True,0,2,0,2
001310.pdf,001,ok,613415,Acrobat PDFWriter 3.01 for Windows,Microsoft Word ,,1,,,False,True,True,0,0,0,0
001311.pdf,001,ok,675556,Acrobat Distiller 7.0.5 (Windows),Acrobat PDFMaker 7.0.7 for Word,2006-04-20,0,,,False,True,True,0,0,0,0
001312.pdf,001,ok,124799,Acrobat Distiller 5.0 (Windows),Adobe PageMaker 6.52,2003-11-21,0,,,False,True,True,0,0,0,0
001313.pdf,001,ok,284378,Acrobat Distiller 6.0.1 (Windows),3B2 Total Publishing System 8.07c/W,2006-06-01,4,249,,False,True,True,0,2,0,2
001341.pdf,001,ok,19203,Acrobat Distiller 7.0 (Windows),Acrobat PDFMaker 7.0 for Word,2007-06-01,4,1,,False,True,True,0,0,0,0
001343.pdf,001,ok,7120,Acrobat Distiller 7.0.5 (Windows),PScript5.dll Version 5.2.2,2008-04-01,1,8,,False,True,True,0,0,0,0
001355.pdf,001,ok,34488,Acrobat Distiller 5.0.5 (Windows),ACOMP.exe   WinVer 1c15  Aug 31 2005,2008-09-25,8,0,,False,True,True,0,0,0,0
001358.pdf,001,ok,44253,Acrobat Distiller 5.0.5 (Windows),,2004-01-30,0,,,False,True,True,0,0,0,0
001359.pdf,001,ok,20559,Acrobat Net Distiller 1.0 for Windows,,,4,,,False,True,True,0,0,0,0
001363.pdf,001,ok,49573,Acrobat Distiller 7.0.5 (Windows),ACOMP.exe   WinVer 2.0  Nov 24 2008,2009-01-14,16,1,,False,True,True,0,0,0,0
001364.pdf,001,ok,49248,Acrobat Distiller 5.0.5 (Windows),ACOMP.exe   WinVer 1c15  Aug 31 2005,2008-09-26,16,1,,False,True,True,0,0,0,0
001367.pdf,001,ok,68943,Acrobat Distiller 4.0 for Windows,ACOMP.exe   WinVer 1c15  Aug 31 2005,2007-09-29,36,1,,False,True,True,0,0,0,0
001368.pdf,001,ok,58650,Acrobat Distiller 7.0.5 (Windows),ACOMP.exe   WinVer 2.0  Nov 24 2008,2009-01-14,17,1,,False,True,True,0,0,0,0
001369.pdf,001,ok,99771,Acrobat Distiller 7.0.5 (Windows),Acrobat PDFMaker 7.0.7 for Word,2007-01-09,16,20,,False,True,True,0,0,0,0
001370.pdf,001,ok,2593056,PrimoPDF,PrimoPDF http://www.primopdf.com,2008-05-21,1,80,,False,False,True,0,2,0,2
001371.pdf,001,ok,772476,Acrobat Distiller 8.1.0 (Windows),Acrobat PDFMaker 8.1 for Word,2008-06-26,6,761,,False,True,True,0,2,0,2
001372.pdf,001,ok,403233,Acrobat Distiller 4.0 for Macintosh,QuarkXPressª: LaserWriter 8 8.7.1,2008-12-16,0,,,False,True,True,0,0,0,0
001024.pdf,001,ok,339738,Acrobat Distiller 6.0 (Windows),PScript5.dll Version 5.2.2,2006-04-06,0,,,False,True,True,0,0,0,0
001028.pdf,001,ok,867914,Acrobat Distiller 7.0.5 (Windows),PScript5.dll Version 5.2.2,2007-04-03,0,,,False,True,True,0,0,0,0
001029.pdf,001,ok,3156095,Corel PDF Engine Version 9.654,POP90,2002-08-12,1,73,,False,False,True,0,2,0,2
001030.pdf,001,ok,52718,Acrobat Distiller 5.0.5 (Windows),ACOMP.exe   WinVer 1c15  Aug 31 2005,2008-09-13,26,1,,False,True,True,0,0,0,0
001031.pdf,001,ok,53333,Acrobat Distiller 7.0.5 (Windows),Acrobat PDFMaker 7.0.7 for Word,2007-01-31,0,,,False,True,True,0,0,0,0
001032.pdf,001,ok,159629,Acrobat PDFWriter 4.0 for Windows,W:\research\zip\unzip\NUTTREES.WPD,1999-05-05,1,346,,False,True,True,0,2,0,2
001033.pdf,001,ok,221944,Corel PDF Engine Version 10.719,Print Server 100,2007-06-15,2,2,,False,False,True,0,0,0,0
001034.pdf,001,ok,259005,Acrobat Distiller 6.0.1 (Windows),Acrobat PDFMaker 6.0 for Word,2005-09-02,0,,,False,True,True,0,0,0,0
001035.pdf,001,ok,543248,Acrobat Distiller 7.0 (Windows),PScript5.dll Version 5.2,2006-07-03,0,,,False,True,True,0,0,0,0
001036.pdf,001,ok,655146,Acrobat Distiller 8.1.0 (Windows),PScript5.dll Version 5.2,2007-11-13,1,682,,False,True,True,0,2,0,2
001037.pdf,001,ok,293876,Creo Normalizer JTP,,2004-09-29,30,343,,False,False,True,0,2,0,2
001038.pdf,001,ok,442169,Acrobat Distiller 5.0 (Windows),Acrobat PDFMaker 5.0 for Word,2001-09-07,3,709,,False,True,True,0,2,0,2
001039.pdf,001,ok,109749,Adobe PDF Library 6.0,Adobe InDesign CS (3.0.1),2006-12-04,0,,,False,False,True,0,0,0,0
001040.pdf,001,ok,78781,Acrobat Distiller 2.1 for Windows,,1997-01-21,0,,,False,True,True,0,0,0,0
001041.pdf,001,ok,48761,Acrobat Web Capture 5.0,,2002-12-31,0,,,False,True,True,0,0,0,0
001042.pdf,001,ok,87009,Acrobat Distiller 6.0.1 (Windows),Acrobat PDFMaker 6.0 for Word,2005-09-02,0,,,False,True,True,0,0,0,0
001043.pdf,001,ok,4275815,,,2005-06-23,0,,,False,False,True,0,0,0,0
001044.pdf,001,ok,13926,Acrobat Distiller 5.0.5 (Windows),ADOBEPS4.DRV Version 4.50,2004-06-01,5,9,,False,True,True,0,0,0,0
001045.pdf,001,ok,4128297,,,2004-08-18,1,0,,False,False,True,0,0,0,0
001046.pdf,001,ok,535330,Acrobat PDFWriter 2.0 for Macintosh,WordPerfect,1996-07-29,0,,,False,True,True,0,0,0,0
001047.pdf,001,ok,85421,Acrobat Distiller 7.0.5 (Windows),Acrobat PDFMaker 7.0.7 for Word,2007-06-20,0,,,False,True,True,0,0,0,0
001049.pdf,001,ok,41479,Acrobat Distiller 7.0.5 (Windows),PScript5.dll Version 5.2.2,2007-10-18,1,74,,False,True,True,0,2,0,2
001050.pdf,001,ok,172554,Acrobat Distiller 7.0.5 (Windows),Acrobat PDFMaker 7.0.7 for Word,2008-07-25,0,,,False,True,True,0,0,0,0
001053.pdf,001,ok,736659,Acrobat Distiller 3.0 for Windows,,1998-07-13,0,,,False,True,True,0,0,0,0
001057.pdf,001,ok,584142,Acrobat Distiller 4.05 for Windows,,2004-09-17,3,961,,False,True,True,0,2,0,2
001058.pdf,001,ok,53463,Acrobat Distiller 7.0.5 (Windows),PScript5.dll Version 5.2.2,2008-06-18,0,,,False,True,True,0,0,0,0
001059.pdf,001,ok,410678,Acrobat Distiller 6.0 (Windows),PScript5.dll Version 5.2.2,2005-10-04,4,5,,False,True,True,0,0,0,0
001060.pdf,001,ok,176164,Mac OS X 10.4.6 Quartz PDFContext,Word,2007-06-04,0,,,False,True,True,0,0,0,0
001061.pdf,001,ok,328194,pdfeTeX-1.21a,LaTeX with beamer class version 3.06,2008-05-14,0,,,False,False,True,0,0,0,0
001062.pdf,001,ok,545982,Acrobat Distiller 5.0.5 (Windows),FrameMaker 7.0,2003-04-17,6,1305,,False,True,True,0,2,0,2
001063.pdf,001,ok,255754,Acrobat Distiller 7.0.5 (Windows),Acrobat PDFMaker 7.0.7 for Word,2007-05-01,6,0,,False,True,True,0,0,0,0
001064.pdf,001,ok,451958,Acrobat Distiller 5.0 (Windows),PScript5.dll Version 5.2,2004-07-01,1,1,,False,True,True,0,0,0,0
001065.pdf,001,ok,323355,Acrobat Distiller 7.0.5 (Windows),PScript5.dll Version 5.2,2007-10-24,3,51,,False,True,True,0,2,0,2
001067.pdf,001,ok,220271,Acrobat Distiller 5.0 (Windows),PScript5.dll Version 5.2,2004-08-12,1,10,,False,True,True,0,0,0,0
001068.pdf,001,ok,281439,Corel PDF Engine Version 11.321,Print Server 110,2007-05-01,0,,,False,False,True,0,0,0,0
001069.pdf,001,ok,31858,Acrobat Distiller 6.0 (Windows),Acrobat PDFMaker 6.0 for Word,2003-11-13,0,,,False,True,True,0,0,0,0
001070.pdf,001,ok,87534,Acrobat Distiller 6.0.1 (Windows),Acrobat PDFMaker 6.0 for Word,2006-10-06,0,,,False,True,True,0,0,0,0
001071.pdf,001,ok,499725,Acrobat Distiller 7.0 (Windows),PScript5.dll Version 5.2,2007-03-22,0,,,False,True,True,0,0,0,0
001072.pdf,001,ok,196911,Adobe PDF Library 8.0,Adobe InDesign CS3 (5.0.3),2008-08-05,8,148,,False,False,True,0,2,0,2
001073.pdf,001,ok,42396,Acrobat Distiller 7.0 (Windows),PScript5.dll Version 5.2.2,2006-10-13,0,,,False,True,True,0,0,0,0
001147.pdf,001,ok,44251,Acrobat Distiller Command 3.01 for Solaris 2.3 and later (SPARC),FrameMaker 5.5.6.,2000-10-13,6,380,,False,True,True,0,2,0,2
001148.pdf,001,ok,412486,Corel PDF Engine Version 9.398,POP90,2001-10-05,3,40,,False,False,True,0,0,0,0
001149.pdf,001,ok,1328335,Acrobat Distiller 4.0 for Macintosh,Adobe PageMaker 6.52,1999-12-22,0,,,False,True,True,0,0,0,0
001150.pdf,001,ok,599716,RealPage data converter,RealPage PDF Generator 2.0,2003-07-24,4,833,,False,False,True,0,2,0,2
001152.pdf,001,ok,2869517,Hewlett-Packard Intelligent Scanning Technology3,,2006-05-24,1,87,,False,False,True,0,2,0,2
001154.pdf,001,ok,129966,Microsoft® Office Access 2007,Microsoft® Office Access 2007,2008-08-07,40,45,,False,True,True,0,0,0,0
001155.pdf,001,ok,3278410,Acrobat Distiller 5.0.5 for Macintosh,Microsoft PowerPoint: PSPrinter 8.2.1,2003-05-01,1,441,,False,True,True,0,2,0,2
001157.pdf,001,ok,348092,GNU Ghostscript 7.07,,,0,,,False,False,True,0,0,0,0
001256.pdf,001,ok,155527,Adobe PDF Library 8.0,Adobe InDesign CS3 (5.0.2),2008-07-15,1,2,,False,False,True,0,0,0,0
001257.pdf,001,ok,3748578,Adobe PDF Library 7.0,Adobe InDesign CS2 (4.0.5),2008-11-02,0,,,False,False,True,0,0,0,0
001266.pdf,001,ok,130039,"Etymon PJ 1.10, Copyright (C) 1998-2000 Etymon Systems, Inc. <http://www.etymon.com/>. ", ,1980-11-03,1,216,,False,False,True,0,2,0,2
001269.pdf,001,ok,455235,Acrobat Distiller 3.01 for Power Macintosh,QuarkXPressª: LaserWriter 8 B1-8.6,2000-02-14,2,391,,False,True,True,0,2,0,2
001270.pdf,001,ok,54672,Adobe PDF Library 4.0,Acrobat Capture 3.0,2002-12-09,0,,letter:to whom it may concern,True,True,True,2,0,1,3
001271.pdf,001,ok,26469,Acrobat PDFWriter 3.0 for Windows,Microsoft Word ,,0,,medical:microscopic examination,True,True,True,2,0,1,3
001273.pdf,001,ok,290816,Acrobat PDFWriter 3.0 for Power Macintosh,Corel WordPerfect,2000-06-05,0,,,False,True,True,0,0,0,0
001274.pdf,001,ok,155671,PDFlib PLOP 2.0.0p6 (SunOS)/Acrobat Distiller 5.0.5 (Windows),,2005-03-29,2,50,,False,True,True,0,2,0,2
001276.pdf,001,ok,1003257,Acrobat Distiller 6.0.1 for Macintosh,InDesign: pictwpstops filter 1.0,2004-10-13,0,,,False,True,True,0,0,0,0
001278.pdf,001,ok,2672602,Acrobat Distiller 8.0.0 (Windows),Acrobat PDFMaker 8.0 for Word,2007-04-27,0,,,False,True,True,0,0,0,0
001279.pdf,001,ok,776446,Acrobat Distiller 7.0.5 (Windows),Acrobat PDFMaker 7.0.5 for Word,2006-11-03,0,,,False,True,True,0,0,0,0
001280.pdf,001,ok,11453,Acrobat Distiller 8.0.0 (Windows),Acrobat PDFMaker 8.0 for Word,2007-10-04,0,,,False,True,True,0,0,0,0
001074.pdf,001,ok,57888,Acrobat Distiller 8.0.0 (Windows),Acrobat PDFMaker 8.0 for Word,2007-05-01,1,0,,False,True,True,0,0,0,0
001075.pdf,001,ok,58095,Acrobat Distiller 7.0.5 (Windows),Acrobat PDFMaker 7.0.7 for Word,2006-02-24,4,1,invoice:purchase order,True,True,True,2,0,1,3
001081.pdf,001,ok,829385,"5,0,0,296",I.R.I.S.,2007-10-29,2,7608,,False,False,True,0,2,0,2
001090.pdf,001,ok,229812,Acrobat Distiller 5.0.2 for Macintosh,Adobe PageMaker 7.0,2003-04-11,0,,,False,True,True,0,0,0,0
001092.pdf,001,ok,629923,Acrobat Distiller 4.05 for Windows,AdobePS5.dll Version 5.1.1,2004-06-21,0,,,False,True,True,0,0,0,0
001094.pdf,001,ok,247656,,,2004-02-17,2,121,,False,False,True,0,2,0,2
001097.pdf,001,ok,556121,Acrobat Distiller 6.0 (Windows),PScript5.dll Version 5.2,2003-12-09,1,1135,,False,True,True,0,2,0,2
001099.pdf,001,ok,630537,StampPDF Batch 3.0 Windows SPDF_1085 Oct 13 2003,LaTeX with hyperref package,2008-03-21,4,152,,False,False,True,0,2,0,2
001103.pdf,001,ok,4950108,Acrobat Distiller 5.0.5 (Windows),Acrobat PDFMaker 5.0 for Word,2002-04-29,0,,,False,True,True,0,0,0,0
001106.pdf,001,ok,1396676,,,2004-02-17,0,,,False,False,True,0,0,0,0
001107.pdf,001,ok,196014,Adobe Acrobat 7.08 Paper Capture Plug-in,Adobe Acrobat 7.08,2006-12-21,2,1,,False,True,True,0,0,0,0
001116.pdf,001,ok,778771,Acrobat Distiller 5.0.5 (Windows),FrameMaker 7.0,2003-12-12,0,,,False,True,True,0,0,0,0
001117.pdf,001,ok,66059,Acrobat Distiller 7.0.5 (Windows),Acrobat PDFMaker 7.0.7 for Word,2007-06-05,10,853,,False,True,True,0,2,0,2
001124.pdf,001,ok,2104848,,Adobe InDesign CS (3.0.1),2007-12-10,2,13,medical:laboratory report,True,False,True,0,0,0,0
001127.pdf,001,ok,354456,Acrobat PDFWriter 2.01 for Windows,cfc5161.tmp,1998-07-28,0,,,False,True,True,0,0,0,0
001129.pdf,001,ok,421754,Acrobat Distiller 5.0.5 (Windows),PScript5.dll Version 5.2,2005-03-28,2,603,,False,True,True,0,2,0,2
001131.pdf,001,ok,5032825,Adobe Photoshop for Macintosh -- Image Conversion Plug-in, Adobe Photoshop CS3 Macintosh,2008-10-15,0,,,False,True,True,0,0,0,0
001132.pdf,001,ok,165244,Adobe PDF Library 6.0,Adobe InDesign CS (3.0.1),2004-12-13,2,1267,,False,False,True,0,2,0,2
001134.pdf,001,ok,236640,Acrobat Distiller 6.0 (Windows),,2006-06-20,6,20,,False,True,True,0,0,0,0
001135.pdf,001,ok,29556,Acrobat PDFWriter 4.0 for Windows,1997 DC&Es and 40% of DC&Es.xls,2000-06-08,0,,,False,True,True,0,0,0,0
001373.pdf,001,ok,153125,StampPDF Batch 3.2.1 Solaris_x86 SPDF_1092 Jan 30 2004,WordPerfect 9 - [H:\Madelyn\OPINIONS\2005\SNG\sng memorandum decision.wpd (unmodified)],2005-07-19,13,0,,False,True,True,0,0,0,0
001374.pdf,001,ok,178850,Acrobat Distiller 3.02 for Power Macintosh,Adobe PageMaker 6.5,1999-06-04,0,,,False,True,True,0,0,0,0
001375.pdf,001,ok,25071,Acrobat PDFWriter 3.02 for Windows NT,,2001-03-14,1,6,,False,True,True,0,0,0,0
001376.pdf,001,ok,405607,Acrobat Distiller 2.1 for Windows,,1997-01-15,1,381,,False,True,True,0,2,0,2
001377.pdf,001,ok,385116,Mac OS X 10.5.2 Quartz PDFContext,Microsoft Word,2008-03-12,1,6157,,False,True,True,0,2,0,2
001378.pdf,001,ok,877357,Acrobat Distiller 5.0.5 (Windows),PScript5.dll Version 5.2,2004-02-26,1,82,,False,True,True,0,2,0,2
001379.pdf,001,ok,1930038,Acrobat Distiller 5.0.5 (Windows),PScript5.dll Version 5.2,2006-03-23,0,,,False,True,True,0,0,0,0
001380.pdf,001,ok,1745867,Acrobat Distiller 6.0 (Windows),PScript5.dll Version 5.2.2,2005-03-01,0,,,False,True,True,0,0,0,0
001381.pdf,001,ok,836019,Acrobat Distiller 6.0.1 (Windows),PScript5.dll Version 5.2,2007-01-16,0,,,False,True,True,0,0,0,0
001382.pdf,001,ok,412020,Acrobat PDFWriter 5.0 for Windows,Microsoft Word,2003-03-07,0,,,False,True,True,0,0,0,0
001383.pdf,001,ok,33303,Acrobat Distiller 4.05 for Windows,,2004-02-25,2,3178,,False,True,True,0,2,0,2
001384.pdf,001,ok,168605,Acrobat PDFWriter 3.0 for Windows,IB97004,,4,,,False,True,True,0,0,0,0
001385.pdf,001,ok,950009,Acrobat Distiller 5.0.5 for Macintosh,QuarkXPress.: AdobePS 8.7.2 (104),2004-06-14,3,2043,,False,True,True,0,2,0,2
001386.pdf,001,ok,164474,Acrobat Distiller 8.0.0 (Windows),PScript5.dll Version 5.2,2008-07-07,0,,,False,True,True,0,0,0,0
001387.pdf,001,ok,432424,Acrobat Distiller 6.0 (Windows),Acrobat PDFMaker 6.0 for Word,2005-10-27,0,,,False,True,True,0,0,0,0
001388.pdf,001,ok,1019376,Acrobat Distiller 7.0.5 (Windows),Acrobat PDFMaker 7.0.7 for Word,2008-02-29,40,8,,False,True,True,0,0,0,0
001389.pdf,001,ok,145447,Acrobat Distiller 3.0 for Windows,,1998-10-22,0,,,False,True,True,0,0,0,0
001390.pdf,001,ok,2958922,Acrobat PDFWriter 2.01 for Windows,miz3080.tmp,1997-11-19,0,,,False,True,True,0,0,0,0
001391.pdf,001,ok,49720,Acrobat Distiller 5.0.5 (Windows),ACOMP.exe   WinVer 1c15  Aug 31 2005,2008-09-26,10,1,,False,True,True,0,0,0,0
001392.pdf,001,ok,630906,Acrobat PDFWriter 2.01 for Windows,acl3150.tmp,1997-06-12,0,,,False,True,True,0,0,0,0
001501.pdf,001,ok,186555,Acrobat Distiller 7.0.5 (Windows),PScript5.dll Version 5.2.2,2006-12-19,10,1,,False,True,True,0,0,0,0
001503.pdf,001,ok,865031,Acrobat Distiller 3.01 for Windows,Windows NT 4.0,1998-05-14,0,,,False,True,True,0,0,0,0
001504.pdf,001,ok,606064,Acrobat Distiller 5.0.5 (Windows),Acrobat PDFMaker 5.0 for Word,2005-01-03,0,,,False,True,True,0,0,0,0
001505.pdf,001,ok,99081,Acrobat Distiller 5.0 (Windows),Pscript.dll Version 5.0,2003-02-26,1,1,,False,True,True,0,0,0,0
001506.pdf,001,ok,71858,Acrobat Distiller 6.0 (Windows),PScript5.dll Version 5.2,2004-12-08,22,3,,False,True,True,0,0,0,0
001508.pdf,001,ok,143511,Acrobat Distiller 6.0 (Windows),Acrobat PDFMaker 6.0 for Word,2006-02-13,1,1,,False,True,True,0,0,0,0
001509.pdf,001,ok,60478,Acrobat PDFWriter 4.0 for Windows NT,Microsoft Word - Waste Reduction Activities for Hospitals,2002-04-26,0,,,False,True,True,0,0,0,0
001510.pdf,001,ok,890701,Acrobat PDFWriter 5.0 for Windows NT,Microsoft PowerPoint - [IEA5-PPPL-10-10-03.ppt],2003-11-13,0,,,False,True,True,0,0,0,0
001511.pdf,001,ok,495351,Acrobat Distiller 5.0.5 (Windows),Acrobat PDFMaker 5.0 for Word,2004-07-13,1,1,,False,True,True,0,0,0,0
001512.pdf,001,ok,120286,Acrobat Distiller 7.0.5 (Windows),PScript5.dll Version 5.2.2,2007-09-19,0,,,False,True,True,0,0,0,0
001514.pdf,001,ok,41986,Acrobat Distiller 7.0 (Windows),Acrobat PDFMaker 7.0 for Word,2008-10-23,1,111,,False,True,True,0,2,0,2
001528.pdf,001,ok,51914,Acrobat Distiller 2.1 for Windows,,1997-05-14,0,,,False,True,True,0,0,0,0
001564.pdf,001,ok,54311,Acrobat Distiller 7.0.5 (Windows),PScript5.dll Version 5.2.2,2008-11-24,2,6,,False,True,True,0,0,0,0
001565.pdf,001,ok,38181,Acrobat Distiller 7.0.5 (Windows),PScript5.dll Version 5.2.2,2008-12-24,2,7,,False,True,True,0,0,0,0
001644.pdf,001,ok,4068940,Acrobat Distiller 6.0 (Windows),PScript5.dll Version 5.2.2,2005-10-05,3,1486,,False,True,True,0,2,0,2
001647.pdf,001,ok,4078399,Acrobat Distiller 6.0 (Windows),PScript5.dll Version 5.2.2,2005-06-16,3,1375,,False,True,True,0,2,0,2
001649.pdf,001,ok,153778,Acrobat Distiller 7.0.5 (Windows),PScript5.dll Version 5.2.2,2007-08-15,0,,,False,True,True,0,0,0,0
001650.pdf,001,ok,1018370,Acrobat Distiller 6.0.1 (Windows),PScript5.dll Version 5.2.2,2006-03-22,1,14,,False,True,True,0,0,0,0
001655.pdf,001,ok,1176847,,Acrobat Capture Server 2.01,2000-01-07,3,29,,False,True,True,0,0,0,0
001656.pdf,001,ok,180035,Acrobat Distiller 5.0.5 (Windows),,2004-04-21,0,,,False,True,True,0,0,0,0
001657.pdf,001,ok,590536,Adobe Acrobat 6.02 Image Conversion Plug-in,Adobe Acrobat 6.02,2005-10-17,0,,,False,True,True,0,0,0,0
001658.pdf,001,ok,420480,,,2008-10-20,1,157,,False,False,True,0,2,0,2
001659.pdf,001,ok,443825,,,2008-11-12,1,55,,False,False,True,0,2,0,2
001660.pdf,001,ok,51631,Acrobat Distiller 6.0 (Windows),PScript5.dll Version 5.2,2005-11-30,0,,,False,True,True,0,0,0,0
001661.pdf,001,ok,27528,Acrobat Distiller 7.0.5 (Windows),PScript5.dll Version 5.2.2,2007-11-15,9,13,,False,True,True,0,0,0,0
001663.pdf,001,ok,49140,Acrobat Distiller 4.0 for Windows,ACOMP.exe   WinVer 1b43  jul 14 2003,2005-01-25,34,1,,False,True,True,0,0,0,0
001664.pdf,001,ok,30677,Acrobat Distiller 6.0 (Windows),Acrobat PDFMaker 6.0 for Word,2008-04-15,0,,,False,True,True,0,0,0,0
001665.pdf,001,ok,50843,Acrobat Distiller 4.0 for Windows,ACOMP.exe   WinVer 1b43  jul 14 2003,2004-07-30,13,1,,False,True,True,0,0,0,0
001666.pdf,001,ok,70620,Acrobat Distiller 8.1.0 (Windows),Acrobat PDFMaker 8.1 for Word,2008-08-27,0,,,False,True,True,0,0,0,0
001668.pdf,001,ok,1201932,Acrobat Distiller 7.0.5 (Windows),PageMaker 7.0,2006-05-18,0,,,False,True,True,0,0,0,0
001669.pdf,001,ok,2113367,,XPP,2008-04-04,1,172,,False,False,True,0,2,0,2
001670.pdf,001,ok,470297,Acrobat PDFWriter 3.02 for Windows,Microsoft Word ,,0,,,False,True,True,0,0,0,0
001672.pdf,001,ok,272187,iText by lowagie.com (r1.01;p126),,2007-12-23,2,723,,False,False,True,0,2,0,2
001673.pdf,001,ok,61079,Acrobat Distiller 8.0.0 (Windows),PScript5.dll Version 5.2.2,2008-05-14,5,121,,False,True,True,0,2,0,2
001674.pdf,001,ok,123151,Acrobat Distiller 6.0 (Windows),Acrobat PDFMaker 6.0 for Word,2006-06-29,6,3,,False,True,True,0,0,0,0
001675.pdf,001,ok,393166,iText by lowagie.com (r1.01;p126),,2007-09-04,0,,,False,False,True,0,0,0,0
001676.pdf,001,ok,220994,Acrobat Distiller 6.0 (Windows),PScript5.dll Version 5.2,2005-03-28,0,,,False,True,True,0,0,0,0
001677.pdf,001,ok,821984,Acrobat Distiller 5.0.5 (Windows),ACOMP.exe V010   23-MAR-99,2003-09-05,6,261,,False,True,True,0,2,0,2
001678.pdf,001,ok,56745,Acrobat Distiller 6.0 (Windows),Acrobat PDFMaker 6.0 for Word,2006-06-30,5,2,,False,True,True,0,0,0,0
001679.pdf,001,ok,161190,Acrobat Distiller 6.0 (Windows),Acrobat PDFMaker 6.0 for Word,2006-04-26,7,62,,False,True,True,0,2,0,2
001406.pdf,001,ok,56162,Acrobat PDFWriter 3.02 for Windows,C:MICHELLEDFEINTERNETSPCTSACOVER.ES,,0,,,False,True,True,0,0,0,0
001418.pdf,001,ok,102712,Acrobat Distiller 8.0.0 (Windows),Acrobat PDFMaker 8.0 for Word,2008-01-14,5,1,,False,True,True,0,0,0,0
001465.pdf,001,ok,116175,Acrobat Distiller 7.0.5 (Windows),Acrobat PDFMaker 7.0.7 for Word,2006-07-10,3,33,,False,True,True,0,0,0,0
001466.pdf,001,ok,41737,Acrobat Distiller 3.01 for Windows,PSCRIPT.DRV Version 4.0,,4,,,False,True,True,0,0,0,0
001467.pdf,001,ok,2513346,Acrobat Distiller 7.0.5 (Windows),Acrobat PDFMaker 7.0.5 for PowerPoint,2008-05-01,0,,,False,True,True,0,0,0,0
001481.pdf,001,ok,64814,Acrobat Distiller 5.0.5 (Windows),Acrobat PDFMaker 5.0 for Word,2003-05-09,1,10,,False,True,True,0,0,0,0
001482.pdf,001,ok,1231188,Acrobat Distiller 6.0 (Windows),QuarkXPressÂª 4.04: PSPrinter 8.3.1,2007-06-07,0,,,False,True,True,0,0,0,0
001483.pdf,001,ok,103660,Apogee Create Series3 v1.0,,2002-07-10,3,122,medical:microscopic examination,True,False,True,0,2,0,2
001484.pdf,001,ok,54650,Acrobat Distiller 6.0.1 (Windows),Acrobat PDFMaker 6.0 for PowerPoint,2005-06-10,6,25,,False,True,True,0,0,0,0
001487.pdf,001,ok,18055,Acrobat PDFWriter 4.0 for Windows,C:\web_Stuff\bldmem\8_5_94.w51,2000-06-28,3,2155,,False,True,True,0,2,0,2
001488.pdf,001,ok,196699,AFPL Ghostscript 8.50,PScript5.dll Version 5.2.2,2008-02-11,0,,,False,False,True,0,0,0,0
001489.pdf,001,ok,236813,Acrobat Distiller 5.0.5 (Windows),PScript5.dll Version 5.2,2004-04-09,0,,,False,True,True,0,0,0,0
001490.pdf,001,ok,96931,Acrobat Distiller 8.1.0 (Windows),PScript5.dll Version 5.2.2,2008-04-30,2,28,letter:to whom it may concern,True,True,True,2,0,1,3
001492.pdf,001,ok,2260830,Acrobat Distiller 4.05 for Windows,AdobePS5.dll Version 5.1.1,2000-08-16,0,,,False,True,True,0,0,0,0
001493.pdf,001,ok,232281,Acrobat Distiller 6.0.1 (Windows),Acrobat PDFMaker 6.0 for PowerPoint,2005-01-05,2,71,,False,True,True,0,2,0,2
001494.pdf,001,ok,874558,Aladdin Ghostscript 5.50,,2001-08-30,0,,,False,False,True,0,0,0,0
001495.pdf,001,ok,46685,Acrobat Distiller 4.05 for Windows,,2002-03-06,0,,,False,True,True,0,0,0,0
001497.pdf,001,ok,2061494,OmniPage Pro 14 http://www.scansoft.com,OmniPage Pro 14 http://www.scansoft.com,2005-08-02,0,,,False,False,True,0,0,0,0
001498.pdf,001,ok,116755,Acrobat Web Capture 4.0,,2000-06-14,0,,,False,True,True,0,0,0,0
001499.pdf,001,ok,69741,Acrobat Distiller 7.0.5 (Windows),PScript5.dll Version 5.2.2,2008-11-26,5,1,,False,True,True,0,0,0,0
001281.pdf,001,ok,48832,Acrobat Distiller 4.0 for Windows,ACOMP.exe   WinVer 1c15  Aug 31 2005,2006-08-16,13,1,,False,True,True,0,0,0,0
001284.pdf,001,ok,114304,Acrobat PDFWriter 3.0 for Power Macintosh,Corel WordPerfect,2000-07-21,0,,,False,True,True,0,0,0,0
001285.pdf,001,ok,2386423,Acrobat Distiller 6.0 (Windows),PScript5.dll Version 5.2,2008-02-27,10,365,,False,True,True,0,2,0,2
001286.pdf,001,ok,294423,Acrobat Distiller 4.0 for Macintosh,Microsoft Word: LaserWriter 8 8.7,2001-03-15,0,,,False,True,True,0,0,0,0
001288.pdf,001,ok,337954,Acrobat Distiller 6.0 (Windows),PScript5.dll Version 5.2,2005-09-20,2,1589,,False,True,True,0,2,0,2
001290.pdf,001,ok,2340018,Acrobat Distiller 7.0 (Windows),3B2 Total Publishing System 8.07e/W,2008-01-18,3,195,,False,True,True,0,2,0,2
001291.pdf,001,ok,429277,Acrobat Distiller 6.0.1 (Windows),Acrobat PDFMaker 6.0 for Word,2005-07-01,0,,,False,True,True,0,0,0,0
001292.pdf,001,ok,472411,Acrobat Distiller 5.0.5 (Windows),PScript5.dll Version 5.2,2005-06-15,0,,,False,True,True,0,0,0,0
001293.pdf,001,ok,2707516,GNU Ghostscript 7.07 / pdcat (www.glance.ch),html2ps version 1.0 beta3,,1,,,False,False,True,0,0,0,0
001294.pdf,001,ok,129976,Acrobat Distiller Daemon 3.01 for Solaris 2.3 and later (SPARC),Penta Systems International Inc.,1999-07-27,7,264,,False,True,True,0,2,0,2
001296.pdf,001,ok,289817,AFPL Ghostscript 7.03,dvips(k) 5.92b Copyright 2002 Radical Eye Software,,0,,,False,False,True,0,0,0,0
001297.pdf,001,ok,55659,Acrobat Distiller 4.0 for Windows,ACOMP.exe   WinVer 1c15  Aug 31 2005,2006-08-16,18,1,,False,True,True,0,0,0,0
001298.pdf,001,ok,1110204,Mac OS X 10.4.8 Quartz PDFContext,Word,2008-05-16,0,,,False,True,True,0,0,0,0
001299.pdf,001,ok,67267,Acrobat Distiller 5.0 (Windows),"Interleaf, Inc.",2001-12-03,7,1280,,False,True,True,0,2,0,2
001300.pdf,001,ok,609596,Acrobat Distiller 5.0.5 (Windows),PScript5.dll Version 5.2.2,2006-04-07,0,,,False,True,True,0,0,0,0
001301.pdf,001,ok,1062778,Acrobat Distiller 5.0.5 (Windows),PScript5.dll Version 5.2,2004-11-24,1,1176,,False,True,True,0,2,0,2
001302.pdf,001,ok,184154,Acrobat Distiller 4.05 for Windows,Microsoft Word 9.0,2005-05-10,0,,,False,True,True,0,0,0,0
001303.pdf,001,ok,1346410,Acrobat Distiller 7.0 (Windows),PScript5.dll Version 5.2,2006-09-22,0,,,False,True,True,0,0,0,0
001304.pdf,001,ok,427743,Acrobat Distiller Daemon 3.01 for Solaris 2.3 and later (SPARC),Penta Software Inc. Version 12.0 ,,2,,,False,True,True,0,0,0,0
001305.pdf,001,ok,2115058,Acrobat Distiller 7.0 (Windows),PScript5.dll Version 5.2.2,2008-07-01,2,383,,False,True,True,0,2,0,2
001680.pdf,001,ok,174557,Acrobat Distiller 5.0.5 for Macintosh,,2004-01-27,0,,,False,True,True,0,0,0,0
001681.pdf,001,ok,226474,Acrobat Distiller 5.0 (Windows),Acrobat PDFMaker 5.0 for Word,2003-05-30,11,1,,False,True,True,0,0,0,0
001682.pdf,001,ok,22080,Acrobat PDFWriter 5.0 for Windows NT,Corel WordPerfect - [C:\WINDOWS\Profiles\axt2\Desktop\ml023520399.wpd (unmodified)],2002-12-20,0,,,False,True,True,0,0,0,0
001683.pdf,001,ok,368829,Acrobat Distiller 4.0 for Macintosh,QuarkXPressª 4.04: PSPrinter 8.3.1,2000-10-24,0,,,False,True,True,0,0,0,0
001684.pdf,001,ok,234509,Acrobat Distiller 7.0.5 (Windows),PScript5.dll Version 5.2.2,2008-11-18,4,506,,False,True,True,0,2,0,2
001685.pdf,001,ok,126845,Acrobat Distiller 8.0.0 (Windows),Acrobat PDFMaker 8.0 for Word,2008-07-17,0,,,False,True,True,0,0,0,0
001686.pdf,001,ok,206265,Adobe PDF Library 5.0,Adobe InDesign 2.0.2,,0,,,False,False,True,0,0,0,0
001687.pdf,001,ok,3998625,Acrobat Distiller 8.1.0 (Windows),Acrobat PDFMaker 8.1 for PowerPoint,2008-02-26,1,1,,False,True,True,0,0,0,0
001688.pdf,001,ok,852040,Acrobat Distiller 5.0 (Windows),3B2 Total Publishing System 8.01b/W,2006-08-01,10,2,,False,True,True,0,0,0,0
001689.pdf,001,ok,7338,Acrobat PDFWriter 4.05 for Windows NT,Microsoft Word,2001-02-07,6,1,,False,True,True,0,0,0,0
001690.pdf,001,ok,1037549,Adobe PDF Library 7.0,Adobe InDesign CS2 (4.0.4),2007-03-15,0,,,False,False,True,0,0,0,0
001691.pdf,001,ok,382985,Acrobat Distiller 6.0.1 (Windows),Acrobat PDFMaker 6.0 for PowerPoint,2004-08-06,0,,,False,True,True,0,0,0,0
001692.pdf,001,ok,542031,Acrobat Distiller 7.0.5 (Windows),Acrobat PDFMaker 7.0.7 for Word,2007-03-01,0,,,False,True,True,0,0,0,0
001693.pdf,001,ok,223809,Acrobat Distiller 5.0.5 (Windows),ADOBEPS4.DRV Version 4.52,2003-01-09,19,80,,False,True,True,0,2,0,2
001694.pdf,001,ok,117631,Acrobat Distiller 5.0 for Macintosh,QuarkXPressª 4.11: AdobePS 8.7.2 (104),2002-09-09,0,,,False,True,True,0,0,0,0
001695.pdf,001,ok,463042,Acrobat Distiller 7.0.5 (Windows),Elsevier,2007-05-16,4,23,,False,True,True,0,0,0,0
001696.pdf,001,ok,700158,Acrobat Distiller 3.0 for Windows,Adobe PageMaker 6.52,,0,,,False,True,True,0,0,0,0
001720.pdf,001,ok,597008,Acrobat Distiller 5.0.5 (Windows),Acrobat PDFMaker 5.0 for PowerPoint,2003-06-25,0,,,False,True,True,0,0,0,0
001730.pdf,001,ok,287090,Acrobat Distiller 6.0.1 (Windows),Acrobat PDFMaker 6.0 for Word,2006-12-19,0,,,False,True,True,0,0,0,0
001737.pdf,001,ok,407811,Acrobat Distiller 6.0.1 (Windows),Adobe Illustrator CS2,2007-04-12,0,,,False,True,True,0,0,0,0
001878.pdf,001,ok,134833,Acrobat Distiller 7.0.5 (Windows),PScript5.dll Version 5.2,2007-03-28,23,618,,False,True,True,0,2,0,2
001882.pdf,001,ok,1592202,Acrobat Distiller 8.1.0 (Windows),Acrobat PDFMaker 8.1 for PowerPoint,2007-11-13,0,,,False,True,True,0,0,0,0
001897.pdf,001,ok,63883,Acrobat Distiller 4.0 for Windows,ACOMP.exe   WinVer 1c15  Aug 31 2005,2008-08-02,25,1,,False,True,True,0,0,0,0
001926.pdf,001,ok,258481,Acrobat Distiller 8.1.0 (Windows),Acrobat PDFMaker 8.1 for Word,2008-12-24,17,1,,False,True,True,0,0,0,0
001927.pdf,001,ok,531529,,,2007-09-07,4,1,,False,False,True,0,0,0,0
001928.pdf,001,ok,104803,Acrobat Distiller 5.0 (Windows),PScript5.dll Version 5.2,2006-09-26,2,1,,False,True,True,0,0,0,0
001929.pdf,001,ok,557424,"Etymon PJ 1.10, Copyright (C) 1998-2000 Etymon Systems, Inc. <http://www.etymon.com/>. ",FrameMaker 7.0,2004-04-30,1,1,,False,False,True,0,0,0,0
001930.pdf,001,ok,264641,Acrobat Distiller 3.0 for Power Macintosh,,1997-08-13,0,,,False,True,True,0,0,0,0
001931.pdf,001,ok,149199,Acrobat Distiller 3.01 for Power Macintosh,Adobe PageMaker 6.52,2000-09-28,0,,,False,True,True,0,0,0,0
001932.pdf,001,ok,766176,Acrobat Distiller 7.0.5 (Windows),Acrobat PDFMaker 7.0.5 for Word,2009-01-06,0,,,False,True,True,0,0,0,0
001933.pdf,001,ok,57517,Acrobat Distiller 8.1.0 (Windows),PScript5.dll Version 5.2,2009-02-03,1,1,,False,True,True,0,0,0,0
001934.pdf,001,ok,237608,Acrobat Distiller 6.0.1 (Windows),Acrobat PDFMaker 6.0 for Word,2005-03-21,0,,,False,True,True,0,0,0,0
001938.pdf,001,ok,95523,Hyf PDF Output Library 2.2.3 (Solaris),XSL Formatter V3.2 MR3,2008-11-03,2,263,,False,False,True,0,2,0,2
001940.pdf,001,ok,432724,Acrobat Distiller 7.0.5 (Windows),Acrobat PDFMaker 7.0.5 for Word,2007-06-28,7,4,,False,True,True,0,0,0,0
001941.pdf,001,ok,30489,Acrobat Distiller 4.0 for Windows,Adobe PageMaker 6.52,2000-10-26,0,,,False,True,True,0,0,0,0
001943.pdf,001,ok,50122,Acrobat Distiller 4.0 for Macintosh,Adobe PageMaker 6.5,2006-04-14,3,1555,,False,True,True,0,2,0,2
001945.pdf,001,ok,29796,Acrobat PDFWriter 3.02 for Windows,J:!GUIDANCDDMAC955DFT.WPD,,0,,,False,True,True,0,0,0,0
001946.pdf,001,ok,30873,Acrobat Distiller 2.1 PE for Windows,Adobe PageMaker 6.0,1999-12-22,0,,,False,True,True,0,0,0,0
001947.pdf,001,ok,462503,Acrobat Distiller 7.0.5 (Windows),PScript5.dll Version 5.2.2,2008-01-16,2,27,,False,True,True,0,0,0,0
001948.pdf,001,ok,41180,Acrobat Distiller 7.0 (Windows),PScript5.dll Version 5.2,2005-10-03,0,,,False,True,True,0,0,0,0
001949.pdf,001,ok,497074,Acrobat Distiller 4.0 for Windows,,2003-02-28,1,2,,False,True,True,0,0,0,0
001950.pdf,001,ok,297083,Acrobat Distiller 6.0.1 (Windows),Acrobat PDFMaker 6.0 for Word,2008-06-18,4,2570,,False,True,True,0,2,0,2
001951.pdf,001,ok,94907,Acrobat PDFWriter 2.01 for Windows,A:CHAP4.WPD,1996-04-03,2,507,,False,True,True,0,2,0,2
001953.pdf,001,ok,47637,Acrobat Distiller 5.0.5 (Windows),,2003-03-28,8,61,,False,True,True,0,2,0,2
001954.pdf,001,ok,519584,Microsoft® Office Word 2007,Microsoft® Office Word 2007,2008-05-28,5,1,,False,True,True,0,0,0,0
001955.pdf,001,ok,348779,Acrobat Distiller 5.0 (Windows),Acrobat PDFMaker 5.0 for Word,2004-02-25,1,3,,False,True,True,0,0,0,0
001956.pdf,001,ok,757080,Acrobat Distiller 8.1.0 (Windows),Acrobat PDFMaker 8.1 for Word,2008-06-17,0,,,False,True,True,0,0,0,0
001957.pdf,001,ok,413334,Acrobat Distiller 4.0 for Windows,ADOBEPS4.DRV Version 4.10,2001-11-28,1,2634,,False,True,True,0,2,0,2
001958.pdf,001,ok,1100020,Acrobat Distiller 8.1.0 (Windows),Acrobat PDFMaker 8.1 for Access,2008-11-06,0,,,False,True,True,0,0,0,0
001959.pdf,001,ok,54018,Acrobat PDFWriter 4.0 for Windows NT,04n-0034-ss00001.doc - Microsoft Word,2004-10-13,0,,,False,True,True,0,0,0,0
001960.pdf,001,ok,150735,Acrobat Distiller 4.0 for Windows,,2003-04-09,15,1,,False,True,True,0,0,0,0
001961.pdf,001,ok,620747,ESP Ghostscript 7.07,,,5,,,False,False,True,0,0,0,0
001964.pdf,001,ok,80062,Rumborak PDF-Writer Plus 1.0 RC9 / GS 8.50,PScript5.dll Version 5.2.2,2008-04-28,2,119,,False,False,True,0,2,0,2
001967.pdf,001,ok,177990,Acrobat Distiller 7.0 (Windows),PScript5.dll Version 5.2.2,2007-08-06,4,7,,False,True,True,0,0,0,0
001977.pdf,001,ok,278229,Acrobat Distiller 7.0.5 (Windows),Acrobat PDFMaker 7.0.7 for Word,2008-01-15,4,261,,False,True,True,0,2,0,2
001978.pdf,001,ok,1778183,Acrobat Distiller 8.1.0 (Windows),PScript5.dll Version 5.2,2007-07-20,1,1,,False,True,True,0,0,0,0
001980.pdf,001,ok,282988,Acrobat Web Capture 4.05,,2001-10-23,5,1,,False,True,True,0,0,0,0
001985.pdf,001,ok,594339,Acrobat Distiller 8.1.0 (Windows),PScript5.dll Version 5.2.2,2008-05-27,1,92,,False,True,True,0,2,0,2
001987.pdf,001,ok,363901,Acrobat PDFWriter 5.0 for Windows NT,Third_year_Review_Final - Microsoft Word,2006-10-23,2,1365,,False,True,True,0,2,0,2
001988.pdf,001,ok,77405,Acrobat Distiller 7.0 (Windows),PScript5.dll Version 5.2,2007-11-01,5,489,,False,True,True,0,2,0,2
001765.pdf,001,ok,81827,Acrobat Distiller 6.0.1 (Windows),Acrobat PDFMaker 6.0 for Word,2006-02-27,18,1,,False,True,True,0,0,0,0
001766.pdf,001,ok,40763,Acrobat Distiller 6.0.1 (Windows),PScript5.dll Version 5.2.2,2007-12-26,12,1,,False,True,True,0,0,0,0
001767.pdf,001,ok,639688,Acrobat Distiller 6.0.1 (Windows),3B2 Total Publishing System 8.07g/W,2007-04-16,6,2,,False,True,True,0,0,0,0
001768.pdf,001,ok,41693,Acrobat Distiller 6.0.1 (Windows),PScript5.dll Version 5.2.2,2008-03-10,16,1,,False,True,True,0,0,0,0
001769.pdf,001,ok,800689,Acrobat Distiller 6.0.1 (Windows),XPP,2008-10-03,2,1,,False,True,True,0,0,0,0
001770.pdf,001,ok,236410,dgn2pdf,,,4,,,False,False,True,0,0,0,0
001775.pdf,001,ok,591953,Acrobat Distiller 5.0.5 (Windows),Acrobat PDFMaker 5.0 for PowerPoint,2003-06-25,0,,,False,True,True,0,0,0,0
001780.pdf,001,ok,325797,Acrobat Distiller 4.0 for Windows,,2001-08-06,1,459,,False,True,True,0,2,0,2
001785.pdf,001,ok,99264,Acrobat Distiller 7.0.5 (Windows),Acrobat PDFMaker 7.0.7 for Word,2007-01-16,2,40,,False,True,True,0,0,0,0
001787.pdf,001,ok,85517,Acrobat Distiller 2.1 for Windows,,1997-05-02,0,,,False,True,True,0,0,0,0
001793.pdf,001,ok,259524,Acrobat PDFWriter 3.02 for Windows,Microsoft PowerPoint ,,1,,,False,True,True,0,0,0,0
001796.pdf,001,ok,135037,iText1.1 by lowagie.com (based on itext-paulo-142),,2007-08-23,0,,,False,False,True,0,0,0,0
001799.pdf,001,ok,47863,Acrobat PDFWriter 5.0 for Windows NT,2003_11.doc - Microsoft Word,2003-11-26,2,35,,False,True,True,0,0,0,0
001800.pdf,001,ok,1158625,Acrobat Distiller 5.0.5 for Macintosh,PageMaker 6.5,2004-11-15,0,,,False,True,True,0,0,0,0
001814.pdf,001,ok,36174,Acrobat Distiller 5.0 (Windows),,2005-01-12,1,2,,False,True,True,0,0,0,0
001815.pdf,001,ok,530585,Acrobat Distiller 7.0.5 (Windows),PScript5.dll Version 5.2.2,2007-05-30,2,60,,False,True,True,0,2,0,2
001852.pdf,001,ok,60552,Acrobat PDFWriter 5.0 for Windows NT,Comprehensive Condensed Principals (Final}.doc - Microsoft Word,2008-04-18,0,,,False,True,True,0,0,0,0
001854.pdf,001,ok,341591,iText1.1 by lowagie.com (based on itext-paulo-142),,2006-05-12,0,,,False,False,True,0,0,0,0
001869.pdf,001,ok,2911450,Acrobat Distiller 7.0 (Windows),Acrobat PDFMaker 7.0 for PowerPoint,2008-10-28,0,,,False,True,True,0,0,0,0
001871.pdf,001,ok,2637938,Acrobat Distiller 5.0.2 for Macintosh,Imation Prepress XTension,2003-05-06,1,21,,False,True,True,0,0,0,0
016133.pdf,016,ok,33895,Acrobat PDFWriter 4.0 for Windows,J:\wwwstaging\atr2\...\3993.wp   [PFP#1292472009],1999-12-29,3,100,,False,True,True,0,2,0,2
016134.pdf,016,ok,190491,GNU Ghostscript 7.05,,,0,,,False,False,True,0,0,0,0
016135.pdf,016,ok,239077,Acrobat Distiller 5.0.5 (Windows),Acrobat PDFMaker 5.0 for Word,2003-04-17,9,1,,False,True,True,0,0,0,0
016136.pdf,016,ok,173838,Acrobat Distiller 6.0.1 (Windows),PScript5.dll Version 5.2,2005-05-24,1,76,,False,True,True,0,2,0,2
016137.pdf,016,ok,25345,Acrobat Distiller 5.0.5 (Windows),ACOMP.exe   WinVer 1c15  Aug 31 2005,2007-11-27,16,19,,False,True,True,0,0,0,0
016138.pdf,016,ok,231225,Acrobat Distiller 6.0.1 (Windows),PScript5.dll Version 5.2,2004-08-25,0,,,False,True,True,0,0,0,0
016139.pdf,016,ok,250324,Acrobat Distiller 6.0.1 (Windows),PScript5.dll Version 5.2,2005-06-14,0,,,False,True,True,0,0,0,0
016140.pdf,016,ok,70024,Acrobat Distiller 6.0 (Windows),PScript5.dll Version 5.2.2,2005-02-07,0,,,False,True,True,0,0,0,0
016141.pdf,016,ok,2729092,Acrobat Distiller 7.0 (Windows),Acrobat PDFMaker 7.0 for Word,2008-02-07,0,,,False,True,True,0,0,0,0
016142.pdf,016,ok,158721,"Etymon PJ 1.10, Copyright (C) 1998-2000 Etymon Systems, Inc. <http://www.etymon.com/>. ",GAO Product Builder 1.18 (Build 4.18),2000-03-29,5,1,,False,False,True,0,0,0,0
016143.pdf,016,ok,25630,Acrobat Distiller 5.0.5 (Windows),ACOMP.exe   WinVer 1c15  Aug 31 2005,2007-11-27,5,19,,False,True,True,0,0,0,0
016145.pdf,016,ok,365418,"dvipdfm 0.13.2b, Copyright © 1998, by Mark A. Wicks", TeX output 2002.01.30:1943,2002-01-30,1,2670,,False,False,True,0,2,0,2
016146.pdf,016,ok,695795,pdfeTeX-1.21a,TeX,2005-09-19,0,,,False,False,True,0,0,0,0
016147.pdf,016,ok,481822,Acrobat Distiller 7.0.5 (Windows),Acrobat PDFMaker 7.0.5 for PowerPoint,2006-10-20,0,,,False,True,True,0,0,0,0
016148.pdf,016,ok,23037,Acrobat Distiller 3.01 for Windows,ADOBEPS4.DRV Version 4.10,1999-05-27,4,1,,False,True,True,0,0,0,0
016149.pdf,016,ok,53048,Acrobat Distiller 4.0 for Windows,ACOMP.exe   WinVer 1c15  Aug 31 2005,2007-07-31,7,1,,False,True,True,0,0,0,0
016150.pdf,016,ok,89662,GPL Ghostscript 8.15,PScript5.dll Version 5.2,2007-04-09,0,,,False,False,True,0,0,0,0
016151.pdf,016,ok,609962,pdfeTeX-1.21a,LaTeX with hyperref package,2007-05-13,0,,,False,False,True,0,0,0,0
016152.pdf,016,ok,263853,pdfTeX-1.40.3,TeX,2008-01-04,1,1,,False,False,True,0,0,0,0
016153.pdf,016,ok,193400,Acrobat Distiller 8.1.0 (Windows),PScript5.dll Version 5.2.2,2008-10-02,0,,,False,True,True,0,0,0,0
001989.pdf,001,ok,639462,Adobe PDF Library 8.0,Adobe InDesign CS3 (5.0.2),2008-06-05,0,,,False,False,True,0,0,0,0
001991.pdf,001,ok,17462,Acrobat PDFWriter 1.0 for Windows,C:ACROEXCHCOUNTRYCEN,,1,,,False,True,True,0,0,0,0
001994.pdf,001,ok,120263,Acrobat Distiller 6.0 (Windows),PScript5.dll Version 5.2.2,2008-04-16,1,1,,False,True,True,0,0,0,0
001995.pdf,001,ok,1991739,"Etymon PJ 1.10, Copyright (C) 1998-2000 Etymon Systems, Inc. <http://www.etymon.com/>. ",FrameMaker 6.0,2002-06-14,2,1,,False,False,True,0,0,0,0
016009.pdf,016,ok,156634,Acrobat Distiller 7.0.5 (Windows),PScript5.dll Version 5.2.2,2008-11-06,1,29,,False,True,True,0,0,0,0
016010.pdf,016,ok,436779,Acrobat Distiller 4.05 for Macintosh,QuarkXPress(tm) 4.11,2004-05-13,0,,,False,True,True,0,0,0,0
016011.pdf,016,ok,33603,Acrobat Distiller 5.0.5 (Windows),ACOMP.exe   WinVer 1c9  Aug 04 2004,2005-08-11,2,16,,False,True,True,0,0,0,0
016012.pdf,016,ok,51414,Acrobat Distiller 4.0 for Windows,,2006-09-19,2,1522,,False,True,True,0,2,0,2
016018.pdf,016,ok,204581,Acrobat Distiller 6.0.1 for Macintosh,InDesign: pictwpstops filter 1.0,2007-12-14,2,12,,False,True,True,0,0,0,0
016019.pdf,016,ok,579471,Acrobat Distiller 5.0.5 for Macintosh,Microsoft Word: AdobePS 8.7.3 (301),2002-09-30,0,,,False,True,True,0,0,0,0
016035.pdf,016,ok,76979,Acrobat Distiller 3.02,AdobePS5.dll Version 5.1.2,,6,,,False,True,True,0,0,0,0
016036.pdf,016,ok,27217,Acrobat PDFWriter 4.0 for Windows,Microsoft Word - 3797q.doc,2001-10-15,0,,,False,True,True,0,0,0,0
016039.pdf,016,ok,11368,Acrobat PDFWriter 5.0 for Windows NT,Jonathan Bates - Testimony.doc - Microsoft Word,2003-04-16,0,,,False,True,True,0,0,0,0
016044.pdf,016,ok,76913,Acrobat Distiller 6.0.1 (Windows),Acrobat PDFMaker 6.0 for Word,2008-06-18,1,1,,False,True,True,0,0,0,0
016051.pdf,016,ok,763937,Acrobat Distiller 1.0.2 for Macintosh,,,0,,,False,True,True,0,0,0,0
016052.pdf,016,ok,107495,Acrobat PDFWriter 3.0 for Windows,C:\TEMP\TL_1\TL4\WPF\ARPPH3.WPF,,1,,,False,True,True,0,0,0,0
016109.pdf,016,ok,837729,Acrobat Distiller 4.05 for Windows,3B2 Total Publishing 6.06b/W,2003-08-06,6,7,,False,True,True,0,0,0,0
016110.pdf,016,ok,348008,Apache FOP Version 0.94,,2008-10-07,0,,,False,False,True,0,0,0,0
016111.pdf,016,ok,249372,Acrobat Distiller 7.0.5 (Windows),PScript5.dll Version 5.2.2,2006-04-19,1,1,,False,True,True,0,0,0,0
016112.pdf,016,ok,466932,Acrobat Distiller 4.05 for Windows,3B2 Total Publishing 6.06b/W,2005-05-19,5,12,,False,True,True,0,0,0,0
016154.pdf,016,ok,102124,AFPL Ghostscript 8.0,dvips(k) 5.94a Copyright 2003 Radical Eye Software,2003-11-24,0,,,False,False,True,0,0,0,0
016155.pdf,016,ok,389424,Acrobat Distiller 8.1.0 (Windows),Acrobat PDFMaker 8.1 for Word,2008-01-10,0,,,False,True,True,0,0,0,0
016175.pdf,016,ok,97303,Acrobat Distiller 3.01 for Windows,Adobe Printer Driver 3.0 for Windows 3.1,1998-02-10,1,41,,False,True,True,0,0,0,0
016182.pdf,016,ok,142975,Acrobat Distiller 6.0 (Windows),Windows NT 4.0,2004-03-25,0,,,False,True,True,0,0,0,0
016184.pdf,016,ok,1364440,Acrobat Distiller 4.05 for Windows,3B2 Total Publishing 6.06b/W,2008-06-25,4,6,,False,True,True,0,0,0,0
016188.pdf,016,ok,49456,Acrobat Distiller 4.0 for Windows,ACOMP.exe   WinVer 1c15  Aug 31 2005,2007-12-22,6,2,,False,True,True,0,0,0,0
016191.pdf,016,ok,198804,Acrobat Distiller 7.0.5 (Windows),PScript5.dll Version 5.2.2,2008-12-23,1,7,,False,True,True,0,0,0,0
016192.pdf,016,ok,23739,Acrobat Distiller 7.0.5 (Windows),Acrobat PDFMaker 7.0.5 for Word,2008-05-09,0,,,False,True,True,0,0,0,0
016214.pdf,016,ok,3882077,Acrobat Distiller 3.02,Adobe PageMaker 6.52,2000-02-07,0,,,False,True,True,0,0,0,0
016287.pdf,016,ok,77077,Acrobat Distiller 6.0 (Windows),PScript5.dll Version 5.2.2,2008-06-03,1,8,,False,True,True,0,0,0,0
016288.pdf,016,ok,1267063,PDFlib V0.6 (C) Thomas Merz 1997-98,c42pdf v. 0.12 args: ,2002-04-26,0,,,False,False,True,0,0,0,0
016291.pdf,016,ok,1456215,Acrobat PDFWriter 2.01 for Windows,lpo72b3.tmp,1998-12-23,0,,,False,True,True,0,0,0,0
016336.pdf,016,ok,662639,Acrobat Distiller 7.0 (Windows),Elsevier,2006-08-31,3,9,,False,True,True,0,0,0,0
016337.pdf,016,ok,2095735,www.adlibsys.com:ADLIBPDF20801-W2KA,捁潲慢⁴䑐䵆歡牥㜠〮㔮映牯圠牯d,2006-05-26,0,,,False,False,True,0,0,0,0
016338.pdf,016,ok,959267,Acrobat Distiller 5.00 for Macintosh,Adobe PageMaker 6.52,2002-08-22,0,,,False,True,True,0,0,0,0
016339.pdf,016,ok,40952,Acrobat PDFWriter 3.02 for Windows NT,,1999-06-09,1,0,,False,True,True,0,0,0,0
016362.pdf,016,ok,258629,Acrobat Distiller 5.0 (Windows),PScript5.dll Version 5.2,2002-04-04,0,,,False,True,True,0,0,0,0
016387.pdf,016,ok,4297688,IRIS     ,IRIS     ,2004-04-29,0,,,False,False,True,0,0,0,0
016424.pdf,016,ok,2429812,Adobe PDF Library 7.0,Adobe InDesign CS2 (4.0),2006-06-08,0,,,False,False,True,0,0,0,0
016429.pdf,016,ok,2168324,Acrobat Distiller 5.0.5 (Windows),PScript5.dll Version 5.2,2003-09-02,1,510,,False,True,True,0,2,0,2
016113.pdf,016,ok,949404,dvips + ESP Ghostscript 815.03,LaTeX with beamer class version 3.01,2007-03-15,0,,,False,False,True,0,0,0,0
016114.pdf,016,ok,97530,Acrobat PDFWriter 3.02 for Windows,Microsoft Word ,,0,,,False,True,True,0,0,0,0
016115.pdf,016,ok,315719,pdfeTeX-1.21a,TeX,2005-07-10,0,,,False,False,True,0,0,0,0
016116.pdf,016,ok,582526,Acrobat Distiller 5.0.5 (Windows),,2005-04-21,0,,,False,True,True,0,0,0,0
016117.pdf,016,ok,162293,GNU Ghostscript 7.05,,2004-06-15,1,15,,False,False,True,0,0,0,0
016118.pdf,016,ok,110973,Acrobat PDFWriter 3.02 for Windows,Microsoft Word ,,0,,,False,True,True,0,0,0,0
016119.pdf,016,ok,224456,OmniPage 12 http://www.scansoft.com,OmniPage 12 http://www.scansoft.com,2004-08-20,0,,,False,False,True,0,0,0,0
016120.pdf,016,ok,267560,AFPL Ghostscript 7.0,,,0,,,False,False,True,0,0,0,0
016121.pdf,016,ok,133266,Acrobat Distiller 6.0 (Windows),PScript5.dll Version 5.2.2,2007-10-19,0,,,False,True,True,0,0,0,0
016122.pdf,016,ok,782503,pdfeTeX-1.20a,LaTeX with hyperref package,2006-08-01,0,,,False,False,True,0,0,0,0
016123.pdf,016,ok,394936,Acrobat Distiller 2.1 for Windows,,1996-09-05,2,949,,False,True,True,0,2,0,2
016124.pdf,016,ok,2454174,Acrobat Distiller 7.0 (Windows),Elsevier,2007-02-13,24,164,,False,True,True,0,2,0,2
016125.pdf,016,ok,221488,AppendPDF 2.0 for Windows - SPDF 1021,SPDF,2002-08-28,3,1,,False,False,True,0,0,0,0
016126.pdf,016,ok,960871,OpenOffice.org 2.0,Impress,2006-05-04,0,,,False,True,True,0,0,0,0
016127.pdf,016,ok,1115232,Mac OS X 10.4.10 Quartz PDFContext,PowerPoint,2007-09-17,0,,,False,False,True,0,0,0,0
016128.pdf,016,ok,217593,Adobe Acrobat 9.0 Paper Capture Plug-in,Adobe Acrobat 9.0,2008-08-12,1,8157,,False,True,True,0,2,0,2
016129.pdf,016,ok,436083,pdfTeX-1.10b,LaTeX with hyperref package,2007-03-15,5,1,,False,False,True,0,0,0,0
016130.pdf,016,ok,1036842,Apogee Series3 Pilot v1.0.1u2,,2006-11-30,2,277,,False,False,True,0,2,0,2
016131.pdf,016,ok,281149,US General Accounting Office (GAO),US General Accounting Office (GAO),1997-08-29,3,1,,False,False,True,0,0,0,0
016132.pdf,016,ok,433759,PDFlib PLOP 2.0.0p6 (SunOS)/Acrobat Distiller 5.0.5 (Windows),"BaKoMa dvips 5.78, based on dvips 5.78 from www.radicaleye.com",2008-10-28,4,12,,False,True,True,0,0,0,0
016480.pdf,016,ok,195095,www.adlibsoftware.com:EXS3181-Windows 2003:TNG,MS Office Data (Ole & BIFF),2007-10-22,3,1,,False,False,True,0,0,0,0
016481.pdf,016,ok,854115,Acrobat Distiller 6.0 (Windows),PScript5.dll Version 5.2.2,2005-04-01,5,2,,False,True,True,0,0,0,0
016482.pdf,016,ok,297252,Acrobat Distiller 6.0 (Windows),Acrobat PDFMaker 6.0 for Word,2007-07-20,0,,,False,True,True,0,0,0,0
016483.pdf,016,ok,255346,Acrobat Distiller 6.0.1 (Windows),PScript5.dll Version 5.2.2,2007-01-31,4,238,,False,True,True,0,2,0,2
016484.pdf,016,ok,51156,Acrobat Distiller 6.0 (Windows),Acrobat PDFMaker 6.0 for Word,2005-10-12,0,,,False,True,True,0,0,0,0
016487.pdf,016,ok,299904,Acrobat Distiller 5.0.5 (Windows),PScript5.dll Version 5.2.2,2005-12-28,0,,,False,True,True,0,0,0,0
016490.pdf,016,ok,466459,Acrobat PDFWriter 3.0 for Windows,Microsoft Word ,,1,,,False,True,True,0,0,0,0
016491.pdf,016,ok,2168006,Acrobat Distiller 7.0.5 (Windows),PScript5.dll Version 5.2.2,2006-09-14,0,,,False,True,True,0,0,0,0
016492.pdf,016,ok,108861,,,2006-06-15,7,1,,False,False,True,0,0,0,0
016499.pdf,016,ok,923286,Acrobat PDFWriter 3.02 for Windows,K:SRRDREDPUBLISH66.WPD,,1,,,False,True,True,0,0,0,0
016503.pdf,016,ok,436165,Acrobat 5.0 Scan Plug-in for Windows,Acrobat 5.0 Scan Plug-in for Windows,2002-08-29,0,,,False,True,True,0,0,0,0
016537.pdf,016,ok,4470142,Acrobat Distiller 6.0.1 (Windows),PScript5.dll Version 5.2.2,2005-01-26,0,,,False,True,True,0,0,0,0
016552.pdf,016,ok,485828,Acrobat Distiller 6.0.1 (Windows),PScript5.dll Version 5.2.2,2007-02-20,1,581,,False,True,True,0,2,0,2
016555.pdf,016,ok,208894,JAWS PDFLib,activePDF Server,2003-08-22,18,353,,False,False,True,0,2,0,2
016583.pdf,016,ok,1087762,Acrobat Distiller 8.1.0 (Windows),PScript5.dll Version 5.2.2,2008-12-23,0,,,False,True,True,0,0,0,0
016595.pdf,016,ok,404059,"Etymon PJ 1.10, Copyright (C) 1998-2000 Etymon Systems, Inc. <http://www.etymon.com/>. ",Acrobat PDFMaker 5.0 for Word,2004-03-15,5,1,,False,True,True,0,0,0,0
016611.pdf,016,ok,35106,Acrobat Distiller 5.0.5 (Windows),,2002-06-12,7,55,,False,True,True,0,2,0,2
016612.pdf,016,ok,54617,Acrobat Distiller 5.0.5 for Macintosh,ACOMP.exe   WinVer 1c12  Nov 04 2004,2005-10-14,2,474,,False,True,True,0,2,0,2
016613.pdf,016,ok,102245,Acrobat PDFWriter 3.02 for Windows,J:wwwdevel2...J48.wp         [PFP#620468113],,0,,,False,True,True,0,0,0,0
016614.pdf,016,ok,125307,Acrobat PDFWriter 4.05 for Windows,Output For 0582h                                               ,2000-03-22,0,,,False,True,True,0,0,0,0
016459.pdf,016,ok,872881,Acrobat Distiller 5.0.5 (Windows),Acrobat PDFMaker 5.0 for PowerPoint,2003-02-07,0,,,False,True,True,0,0,0,0
016460.pdf,016,ok,281814,Acrobat Distiller 8.1.0 (Windows),Acrobat PDFMaker 8.1 for Word,2007-11-02,1,399,,False,True,True,0,2,0,2
016461.pdf,016,ok,32933,Acrobat PDFWriter 5.0 for Windows NT,Conference2002.doc - Microsoft Word,2002-04-10,0,,,False,True,True,0,0,0,0
016462.pdf,016,ok,66003,Acrobat PDFWriter 2.11 for Windows,Microsoft Word ,1997-07-09,3,105,,False,True,True,0,2,0,2
016463.pdf,016,ok,355926,Acrobat Distiller 4.05 for Macintosh,QuarkXPressª: PSPrinter 8.3.1,2002-02-19,0,,,False,True,True,0,0,0,0
016464.pdf,016,ok,23023,Acrobat Distiller 6.0.1 (Windows),PScript5.dll Version 5.2.2,2005-05-11,1,1,,False,True,True,0,0,0,0
016465.pdf,016,ok,109921,AFPL Ghostscript 8.53,PScript5.dll Version 5.2.2,2007-05-23,0,,,False,False,True,0,0,0,0
016466.pdf,016,ok,152490,Acrobat Distiller 5.0.5 (Windows),Acrobat PDFMaker 5.0 for Word,2005-02-10,6,1,,False,True,True,0,0,0,0
016467.pdf,016,ok,816373,Acrobat Distiller 7.0.5 (Windows),Acrobat PDFMaker 7.0.5 for PowerPoint,2006-05-04,0,,,False,True,True,0,0,0,0
016468.pdf,016,ok,1075264,Mac OS X 10.1.5 Quartz PDFContext,,1970-01-04,0,,,False,False,True,0,0,0,0
016469.pdf,016,ok,106640,Acrobat Distiller 4.0 for Windows,Microsoft Word 8.0,1999-09-27,0,,,False,True,True,0,0,0,0
016470.pdf,016,ok,326762,Acrobat Distiller 6.0 (Windows),PScript5.dll Version 5.2,2004-04-20,0,,,False,True,True,0,0,0,0
016471.pdf,016,ok,119176,pdfTeX-0.14f,TeX,2001-10-15,0,,,False,False,True,0,0,0,0
016472.pdf,016,ok,194689,Acrobat Distiller 4.05 for Windows,Elsevier,2004-10-13,1,87,,False,True,True,0,2,0,2
016473.pdf,016,ok,116725,Acrobat Distiller 5.0.5 for Macintosh,QuarkXPress(tm) 4.04,2006-01-23,0,,,False,True,True,0,0,0,0
016474.pdf,016,ok,822821,APJavaScript 2.2.1 Windows SPDF_1112 Oct  3 2005,OneForm Designer Plus,2006-06-22,0,,,False,False,True,0,0,0,0
016475.pdf,016,ok,561899,Acrobat Distiller 6.0 (Windows),Acrobat PDFMaker 6.0 for Word,2004-01-08,6,602,,False,True,True,0,2,0,2
016476.pdf,016,ok,155731,"Etymon PJ 1.10, Copyright (C) 1998-2000 Etymon Systems, Inc. <http://www.etymon.com/>. ",,2002-02-07,3,1,,False,False,True,0,0,0,0
016477.pdf,016,ok,1901394,Acrobat Distiller 7.0 (Windows),Acrobat PDFMaker 7.0 for Word,2007-10-17,0,,,False,True,True,0,0,0,0
016478.pdf,016,ok,234538,Acrobat Distiller 7.0.5 (Windows),Acrobat PDFMaker 7.0.5 for PowerPoint,2006-05-04,0,,,False,True,True,0,0,0,0
016433.pdf,016,ok,4964287,Acrobat Distiller 5.0.5 (Windows),ADOBEPS4.DRV Version 4.51,2002-12-06,6,449,,False,True,True,0,2,0,2
016438.pdf,016,ok,320805,Acrobat Distiller 7.0.5 (Windows),Acrobat PDFMaker 7.0.7 for Word,2007-11-07,1,825,,False,True,True,0,2,0,2
016439.pdf,016,ok,385071,Acrobat PDFWriter 5.0 for Windows,QuarkXPress (tm) - [4E-4L rev1.qxd],2002-01-07,2,35,,False,True,True,0,0,0,0
016442.pdf,016,ok,976910,Acrobat Distiller 6.0 (Windows),Acrobat PDFMaker 6.0 for Word,2006-03-24,0,,,False,True,True,0,0,0,0
016443.pdf,016,ok,283064,Acrobat Distiller 5.0.5 (Windows),PScript5.dll Version 5.2,2003-04-28,0,,,False,True,True,0,0,0,0
016444.pdf,016,ok,740119,Acrobat Distiller 7.0 (Windows),Acrobat PDFMaker 7.0 for Word,2007-08-06,1,56,,False,True,True,0,2,0,2
016445.pdf,016,ok,201459,Acrobat Distiller 8.1.0 (Windows),Acrobat PDFMaker 8.1 for Word,2008-04-10,3,49,,False,True,False,0,2,0,2
016446.pdf,016,ok,41827,Acrobat Distiller 8.1.0 (Windows),Acrobat PDFMaker 8.1 for Word,2008-09-23,1,73,,False,True,True,0,2,0,2
016447.pdf,016,ok,1577301,Acrobat Distiller 3.0 for Windows,Adobe PageMaker 6.52,1998-12-16,1,97,,False,True,True,0,2,0,2
016448.pdf,016,ok,184112,Acrobat Distiller 5.0.5 (Windows),PScript5.dll Version 5.2,2005-04-28,3,1,,False,True,True,0,0,0,0
016449.pdf,016,ok,97059,Acrobat Distiller 8.0.0 (Windows),PScript5.dll Version 5.2,2008-04-04,1,22,,False,True,True,0,0,0,0
016450.pdf,016,ok,427576,Acrobat Distiller 5.00 for Macintosh,,2003-10-31,0,,,False,True,True,0,0,0,0
016451.pdf,016,ok,1214604,pdfeTeX-1.20a,LaTeX with hyperref package,2006-03-25,0,,,False,False,True,0,0,0,0
016452.pdf,016,ok,50548,Acrobat Distiller 4.0 for Windows,,1999-10-21,0,,,False,True,True,0,0,0,0
016453.pdf,016,ok,409688,Acrobat Distiller 5.0.5 (Windows),Acrobat PDFMaker 5.0 for PowerPoint,2004-08-09,0,,,False,True,True,0,0,0,0
016454.pdf,016,ok,1185185,Mac OS X 10.4.6 Quartz PDFContext,,2006-05-09,5,448,,False,False,True,0,2,0,2
016455.pdf,016,ok,255936,Acrobat Distiller 7.0.5 (Windows),Acrobat PDFMaker 7.0.7 for Word,2006-12-15,1,2023,,False,True,True,0,2,0,2
016456.pdf,016,ok,129568,Amyuni Document Converter,,,0,,,False,False,True,0,0,0,0
016457.pdf,016,ok,2485460,Acrobat Distiller 7.0.5 (Windows),Acrobat PDFMaker 7.0.5 for PowerPoint,2007-05-03,1,556,,False,True,True,0,2,0,2
016458.pdf,016,ok,59430,Acrobat Distiller 6.0 (Windows),Acrobat PDFMaker 6.0 for Word,2005-09-28,0,,,False,True,True,0,0,0,0
016615.pdf,016,ok,120603,Acrobat Distiller 5.0 (Windows),PScript5.dll Version 5.2.2,2005-08-15,0,,,False,True,True,0,0,0,0
016616.pdf,016,ok,91099,Acrobat Distiller 4.0 for Windows,ACOMP.exe   WinVer 1c15  Aug 31 2005,2007-08-16,17,1,,False,True,True,0,0,0,0
016617.pdf,016,ok,41415,Acrobat Distiller 4.0 for Windows,,2003-10-03,17,1,,False,True,True,0,0,0,0
016619.pdf,016,ok,329354,Acrobat Distiller 4.0 for Windows,ACOMP.exe   WinVer 1c15  Aug 31 2005,2007-01-23,14,1,,False,True,True,0,0,0,0
016620.pdf,016,ok,489018,Corel PDF Engine Version 11.4.0.100,PrintServer130,2007-03-08,3,44,,False,False,True,0,0,0,0
016624.pdf,016,ok,1834408,Acrobat Distiller 5.0 (Windows),Acrobat PDFMaker 5.0 for PowerPoint,2003-03-10,0,,,False,True,True,0,0,0,0
016631.pdf,016,ok,334600,Acrobat Distiller 6.0 (Windows),PScript5.dll Version 5.2.2,2009-01-09,1,403,,False,True,True,0,2,0,2
016635.pdf,016,ok,1176831,,,2007-07-31,2,1,,False,False,True,0,0,0,0
016637.pdf,016,ok,77396,Acrobat Distiller 4.0 for Windows,ACOMP.exe   WinVer 1c15  Aug 31 2005,2006-01-30,12,0,,False,True,True,0,0,0,0
016638.pdf,016,ok,1082160,Acrobat Distiller 6.0 (Windows),PScript5.dll Version 5.2,2005-04-06,0,,,False,True,True,0,0,0,0
016639.pdf,016,ok,89933,Acrobat Distiller 8.1.0 (Windows),PScript5.dll Version 5.2,2009-01-21,14,73,,False,True,True,0,2,0,2
016642.pdf,016,ok,912402,Acrobat Distiller 6.0.1 (Windows),PScript5.dll Version 5.2.2,2006-11-30,0,,,False,True,True,0,0,0,0
016649.pdf,016,ok,458167,Acrobat Distiller 3.0 for Power Macintosh,Adobe PageMaker 6.52,1999-08-19,0,,,False,True,True,0,0,0,0
016653.pdf,016,ok,873573,,,2007-09-04,1,3726,,False,False,True,0,2,0,2
016654.pdf,016,ok,293304,Acrobat Distiller 4.0 for Macintosh,Adobe PageMaker 6.52,2001-10-03,0,,,False,True,True,0,0,0,0
016655.pdf,016,ok,307536,Acrobat Distiller 8.1.0 (Windows),Acrobat PDFMaker 8.1 for Word,2008-09-04,0,,letter:termination of employment,True,True,True,2,0,1,3
016659.pdf,016,ok,1849247,Acrobat Distiller 6.0 (Windows),Acrobat PDFMaker 6.0 for Word,2007-02-21,0,,,False,True,True,0,0,0,0
016662.pdf,016,ok,139290,Acrobat Distiller 7.0 (Windows),,2009-01-13,10,14,,False,True,True,0,0,0,0
016665.pdf,016,ok,231014,Acrobat Distiller 8.1.0 (Windows),Acrobat PDFMaker 8.1 for Word,2008-09-03,0,,,False,True,True,0,0,0,0
016667.pdf,016,ok,284544,Acrobat PDFWriter 3.03 for Windows,Acrobat Capture Server 2.01,,3,,,False,True,True,0,0,0,0
016737.pdf,016,ok,48258,Acrobat Distiller 8.1.0 (Windows),PScript5.dll Version 5.2.2,2008-09-28,2,0,,False,True,True,0,0,0,0
016738.pdf,016,ok,81670,Acrobat Distiller 6.0 (Windows),Worstation ArcInfo 8.1,2004-05-24,1,875,,False,True,True,0,2,0,2
016739.pdf,016,ok,58353,Acrobat Distiller 6.0.1 (Windows),PScript5.dll Version 5.2,2007-01-29,18,53,,False,True,True,0,2,0,2
016740.pdf,016,ok,63101,Acrobat PDFWriter 4.05 for Windows,C:\WINDOWS\Desktop\posey071201.wpd,2001-07-11,1,0,,False,True,True,0,0,0,0
016741.pdf,016,ok,263288,JAWS PDFLib,activePDF Server,2006-07-21,1,3,,False,False,True,0,0,0,0
016742.pdf,016,ok,36305,Acrobat Distiller 8.1.0 (Windows),,2008-10-08,7,35,,False,True,True,0,0,0,0
016743.pdf,016,ok,44912,Acrobat PDFWriter 3.02 for Windows NT,Microsoft Word,1999-02-16,23,1441,,False,True,True,0,2,0,2
016744.pdf,016,ok,349255,Acrobat Distiller 7.0.5 (Windows),Acrobat PDFMaker 7.0.7 for Word,2007-11-01,15,1,,False,True,True,0,0,0,0
016745.pdf,016,ok,38941,,XPP,2002-05-01,0,,,False,False,True,0,0,0,0
016746.pdf,016,ok,3716,www.adlibsys.com:EXD3145-W98,Text Document,2004-04-03,1,164,,False,False,True,0,2,0,2
016747.pdf,016,ok,153470,Acrobat Distiller 6.0.1 (Windows),Acrobat PDFMaker 6.0 for Word,2008-07-21,1,1483,,False,True,True,0,2,0,2
016748.pdf,016,ok,3687,www.adlibsys.com:EXD3145-W98,Text Document,2004-03-03,1,292,,False,False,True,0,2,0,2
016749.pdf,016,ok,1953993,,ESRI ArcMap 9.2.2.1350,2007-07-26,5,21,,False,False,True,0,0,0,0
016750.pdf,016,ok,472432,Acrobat Distiller 4.0 for Windows,AdobePS5.dll Version 5.0.1,2000-08-21,1,404,,False,True,True,0,2,0,2
016751.pdf,016,ok,17398,www.adlibsoftware.com:EXS3167-Windows XP,WordPerfect Document,2007-01-03,2,1,,False,True,True,0,0,0,0
016752.pdf,016,ok,373965,Acrobat Distiller 7.0 (Windows),Acrobat PDFMaker 7.0 for Word,2007-03-01,0,,,False,True,True,0,0,0,0
016753.pdf,016,ok,2326223,Acrobat PDFWriter 4.05 for Windows,Slater-DW.doc - Microsoft Word,2001-08-07,3,489,,False,True,True,0,2,0,2
016755.pdf,016,ok,20751,Acrobat Distiller 8.0.0 (Windows),Acrobat PDFMaker 8.0 for Word,2007-02-15,1,1,,False,True,True,0,0,0,0
016756.pdf,016,ok,14870,Acrobat PDFWriter 4.0 for Windows,H:\GROUPS\LVSTK\...\POSEY.WP      [PFP#520123582],2002-05-02,0,,,False,True,True,0,0,0,0
016757.pdf,016,ok,185326,Corel PDF Engine Version 11.2.0.239,Print Server 120,2006-07-10,3,1,,False,False,True,0,0,0,0
016668.pdf,016,ok,210837,Acrobat Distiller 3.0 for Power Macintosh,Adobe PageMaker 6.52,1998-09-22,5,7,,False,True,True,0,0,0,0
016670.pdf,016,ok,348942,www.adlibsoftware.com:EXS3183-Windows 2003:TNG,MS Office Data (Ole & BIFF),2008-03-27,0,,,False,False,True,0,0,0,0
016671.pdf,016,ok,315856,Acrobat Distiller 8.1.0 (Windows),Acrobat PDFMaker 8.1 for Excel,2008-04-18,41,24,,False,True,True,0,0,0,0
016676.pdf,016,ok,2798605,Acrobat Distiller 5.0.5 (Windows),PScript5.dll Version 5.2.2,2005-02-23,0,,,False,True,True,0,0,0,0
016683.pdf,016,ok,376608,Acrobat PDFWriter 3.02 for Windows NT,,2000-01-06,3,1,,False,True,True,0,0,0,0
016684.pdf,016,ok,312201,Microsoft® Office Word 2007,Microsoft® Office Word 2007,2008-08-11,0,,,False,True,True,0,0,0,0
016685.pdf,016,ok,96126,Acrobat Distiller 7.0.5 (Windows),PScript5.dll Version 5.2,2007-06-15,6,2,,False,True,True,0,0,0,0
016689.pdf,016,ok,754360,Acrobat Distiller 7.0.5 (Windows),Acrobat PDFMaker 7.0.7 for Word,2007-11-21,0,,,False,True,True,0,0,0,0
016691.pdf,016,ok,3762247,Acrobat Distiller 5.0 (Windows),XyEnterprise XPP 5.1A.5  Patch #22,2004-08-19,0,,,False,True,True,0,0,0,0
016693.pdf,016,ok,2493586,Acrobat Distiller 7.0.5 (Windows),PScript5.dll Version 5.2.2,2006-09-21,0,,,False,True,True,0,0,0,0
016726.pdf,016,ok,485651,Acrobat PDFWriter 3.02 for Windows,Microsoft Word ,,0,,,False,True,True,0,0,0,0
016728.pdf,016,ok,39804,,XPP,2002-05-01,0,,,False,False,True,0,0,0,0
016729.pdf,016,ok,63630,Oracle PDF driver,Developer 2000,2008-02-07,6,1,,False,False,True,0,0,0,0
016730.pdf,016,ok,84310,Acrobat Distiller 6.0.1 (Windows),,2007-05-15,2,1,,False,True,True,0,0,0,0
016731.pdf,016,ok,77861,Acrobat Distiller 8.1.0 (Windows),,2007-07-19,4,1,,False,True,True,0,0,0,0
016732.pdf,016,ok,25204,Acrobat Distiller 8.1.0 (Windows),Acrobat PDFMaker 8.1 for Word,2008-11-18,8,0,,False,True,True,0,0,0,0
016733.pdf,016,ok,135591,Readiris Build 4658,Readiris Build 4658,2008-02-19,0,,,False,False,True,0,0,0,0
016734.pdf,016,ok,362129,Acrobat Distiller 6.0 (Windows),PScript5.dll Version 5.2,2005-01-21,2,1,,False,True,True,0,0,0,0
016735.pdf,016,ok,45776,Acrobat Distiller 7.0 (Windows),Adobe Acrobat 7.0,2005-08-17,2,638,,False,True,True,0,2,0,2
016736.pdf,016,ok,284929,JAWS PDFLib,Server http://www.activepdf.com,2008-02-04,3,5,,False,False,True,0,0,0,0
016860.pdf,016,ok,618887,Corel PDF Engine Version 9.395,POP90,2004-05-01,0,,,False,False,True,0,0,0,0
016861.pdf,016,ok,76320,Acrobat Distiller 3.01 for Windows,PSCRIPT.DRV Version 4.0,1998-08-13,0,,,False,True,True,0,0,0,0
016862.pdf,016,ok,84425,Acrobat Distiller 2.1 for Windows,Laura Gehlin - BE-090 - 6-1123,,0,,,False,True,True,0,0,0,0
016863.pdf,016,ok,446314,Acrobat Distiller 5.0 (Windows),Acrobat PDFMaker 5.0 for Word,2001-10-25,1,14,,False,True,True,0,0,0,0
016864.pdf,016,ok,585298,Acrobat Distiller 3.02,ADOBEPS4.DRV Version 4.10,1999-03-29,0,,,False,True,True,0,0,0,0
016866.pdf,016,ok,699951,Acrobat Distiller 5.0.5 (Windows),Acrobat PDFMaker 5.0 for PowerPoint,2003-08-04,0,,,False,True,True,0,0,0,0
016868.pdf,016,ok,461571,Acrobat Distiller 6.0.1 (Windows),Acrobat PDFMaker 6.0 for Word,2006-02-24,2,1,,False,True,True,0,0,0,0
016869.pdf,016,ok,8570,Acrobat PDFWriter 4.0 for Windows NT,WordPerfect 9 - [C:\TEMP\GWViewer\premiumc.wpd (unmodified)],2000-09-05,5,31,,False,True,True,0,0,0,0
016870.pdf,016,ok,2839375,Acrobat Distiller 5.0.5 (Windows),Windows NT 4.0,2004-06-01,5,128,,False,True,True,0,2,0,2
016871.pdf,016,ok,38417,Acrobat Distiller 6.0.1 (Windows),PScript5.dll Version 5.2.2,2008-06-19,0,,,False,True,True,0,0,0,0
016872.pdf,016,ok,88158,Acrobat Distiller 7.0.5 (Windows),PScript5.dll Version 5.2,2007-09-12,0,,,False,True,True,0,0,0,0
016873.pdf,016,ok,2740033,Acrobat Distiller 6.0 (Windows),Acrobat PDFMaker 6.0 for PowerPoint,2004-09-22,0,,,False,True,True,0,0,0,0
016874.pdf,016,ok,409549,Adobe Acrobat 6.0,Adobe Acrobat 6.0,2005-11-17,1,1193,,False,True,True,0,2,0,2
016876.pdf,016,ok,38959,Corel PDF Engine Version 9.654,POP90,2002-07-22,0,,,False,False,True,0,0,0,0
016877.pdf,016,ok,151961,Acrobat Distiller 5.0 (Windows),PScript5.dll Version 5.2,2004-04-13,1,470,,False,True,True,0,2,0,2
016878.pdf,016,ok,98304,Acrobat Distiller 7.0 (Windows),PScript5.dll Version 5.2,2007-04-26,0,,,False,True,True,0,0,0,0
016880.pdf,016,ok,26815,Acrobat PDFWriter 3.02 for Windows,Microsoft Word ,,0,,,False,True,True,0,0,0,0
016881.pdf,016,ok,937447,Acrobat Distiller 6.0 (Windows),PScript5.dll Version 5.2.2,2007-04-10,5,6,,False,True,True,0,0,0,0
016883.pdf,016,ok,562723,Acrobat Distiller 7.0 (Windows),Elsevier,2007-02-08,3,123,,False,True,True,0,2,0,2
016884.pdf,016,ok,128036,Acrobat Distiller 8.1.0 (Windows),Acrobat PDFMaker 8.1 for Word,2007-10-01,1,1329,,False,True,True,0,2,0,2
016758.pdf,016,ok,35114,Acrobat PDFWriter 5.0 for Windows NT,Print Server 120,2006-04-24,4,1,,False,True,True,0,0,0,0
016759.pdf,016,ok,525712,Adobe PDF Library 7.0,Adobe InDesign CS2 (4.0),2007-02-16,4,1,,False,False,True,0,0,0,0
016761.pdf,016,ok,1329753,Acrobat Distiller 5.0.5 for Macintosh,,2003-04-29,2,2,,False,True,True,0,0,0,0
016762.pdf,016,ok,631911,Acrobat Distiller 6.0.1 (Windows),Acrobat PDFMaker 6.0 for Word,2007-08-30,3,4,,False,True,True,0,0,0,0
016763.pdf,016,ok,2404051,Acrobat Distiller 7.0 (Windows),Acrobat PDFMaker 7.0 for Word,2006-08-31,0,,,False,True,True,0,0,0,0
016764.pdf,016,ok,32128,Acrobat Distiller 6.0.1 (Windows),PScript5.dll Version 5.2,2005-12-12,7,1,,False,True,True,0,0,0,0
016766.pdf,016,ok,2136473,Adobe PDF Library 5.0,Adobe InDesign 2.0.2,2005-03-09,0,,,False,False,True,0,0,0,0
016767.pdf,016,ok,56679,Acrobat Distiller 5.0 (Windows),PSCRIPT.DRV Version 4.0,2004-06-30,0,,,False,True,True,0,0,0,0
016770.pdf,016,ok,1362928,Acrobat Distiller 8.0.0 (Windows),PScript5.dll Version 5.2.2,2007-04-20,0,,,False,True,True,0,0,0,0
016773.pdf,016,ok,1698946,pdfTeX-0.14h,TeX,2005-09-08,4,1,,False,False,True,0,0,0,0
016777.pdf,016,ok,210498,Acrobat Distiller 4.05 for Windows,3B2 Total Publishing 6.06b/W,2003-02-28,6,6,,False,True,True,0,0,0,0
016784.pdf,016,ok,4683687,Acrobat Distiller 6.0.1 (Windows),PScript5.dll Version 5.2.2,2005-05-13,0,,,False,True,True,0,0,0,0
016791.pdf,016,ok,2189260,Acrobat Distiller 3.0 for Power Macintosh,,1997-11-24,1,23,,False,True,True,0,0,0,0
016795.pdf,016,ok,534661,StampPDF Batch 2.7 for Solaris - SPDF 1045,XPP,2005-08-01,2,42,,False,False,True,0,0,0,0
016797.pdf,016,ok,441417,Acrobat Distiller 6.0.1 (Windows),3B2 Total Publishing System 8.05a/W,2005-03-17,0,,,False,True,True,0,0,0,0
016798.pdf,016,ok,273630,Acrobat Distiller 5.0 (Windows),Adobe PageMaker 7.0,2006-11-01,0,,,False,True,True,0,0,0,0
016799.pdf,016,ok,53768,Acrobat Distiller 3.01 for Power Macintosh,Microsoft Word: LaserWriter 8 8.5.1,1998-03-09,0,,,False,True,True,0,0,0,0
016800.pdf,016,ok,235792,Acrobat Distiller 5.0.5 (Windows),Windows NT 4.0,2004-06-01,0,,,False,True,True,0,0,0,0
016802.pdf,016,ok,1797586,Acrobat Distiller 4.0 for Windows,Microsoft Word 8.0,2001-10-01,2,5291,,False,True,True,0,2,0,2
016803.pdf,016,ok,5234858,Acrobat Distiller 4.05 for Windows,3B2 Total Publishing System 7.51c/W,2002-04-20,2,3879,,False,True,True,0,2,0,2
016805.pdf,016,ok,659470,Acrobat Distiller 5.0.5 (Windows),Adobe PageMaker 7.0,2003-07-22,1,295,,False,True,True,0,2,0,2
016818.pdf,016,ok,254208,Acrobat Distiller 2.1 for Windows,,1996-09-18,1,1443,,False,True,True,0,2,0,2
016819.pdf,016,ok,2544603,Acrobat Distiller Daemon 3.01 for Solaris 2.3 and later (SPARC),Penta Software Inc. Version 12.0 ,,13,,,False,True,True,0,0,0,0
016820.pdf,016,ok,891638,Acrobat Distiller 4.05 for Windows,3B2 Total Publishing 6.06b/W,2005-03-03,4,5,,False,True,True,0,0,0,0
016821.pdf,016,ok,62779,Acrobat Distiller 3.01 for Windows,AdobePS5.dll Version 5.1,1999-12-06,1,209,,False,True,True,0,2,0,2
016822.pdf,016,ok,73515,Acrobat Distiller 4.05 for Windows,,2001-06-12,4,69,,False,True,True,0,2,0,2
016824.pdf,016,ok,1376204,Acrobat Distiller 3.0 for Power Macintosh,,1997-07-18,0,,,False,True,True,0,0,0,0
016832.pdf,016,ok,189864,Adobe PDF Library 7.0,Adobe InDesign CS2 (4.0.1),2005-11-17,2,1,,False,False,True,0,0,0,0
016839.pdf,016,ok,1242686,Acrobat PDFWriter 3.0 for Windows,D:HTMLR14REVIEW1.RPT,,0,,,False,True,True,0,0,0,0
016844.pdf,016,ok,329698,Acrobat Distiller 3.0 for Power Macintosh,,1999-06-02,0,,,False,True,True,0,0,0,0
016845.pdf,016,ok,892168,Acrobat Distiller 6.0 (Windows),PScript5.dll Version 5.2.2,2006-02-10,4,23,,False,True,True,0,0,0,0
016846.pdf,016,ok,175078,Acrobat Distiller 7.0 (Windows),Acrobat PDFMaker 7.0 for Word,2005-07-22,4,1,,False,True,True,0,0,0,0
016847.pdf,016,ok,163538,Acrobat Distiller 7.0 (Windows),Acrobat PDFMaker 7.0 for Word,2007-06-13,10,985,,False,True,True,0,2,0,2
016848.pdf,016,ok,116740,Acrobat Distiller 2.0 for Windows,,1996-07-25,0,,,False,True,True,0,0,0,0
016849.pdf,016,ok,1692427,,,2007-09-10,0,,,False,False,True,0,0,0,0
016850.pdf,016,ok,1222106,Acrobat Distiller 3.0 for Power Macintosh,,1999-07-13,0,,,False,True,True,0,0,0,0
016852.pdf,016,ok,271269,Adobe PDF Library 7.0,Adobe InDesign CS2 (4.0),2006-10-27,0,,statement:account statement,True,False,True,0,0,0,0
016856.pdf,016,ok,58667,Acrobat Distiller 6.0.1 (Windows),PScript5.dll Version 5.2,2005-03-07,0,,,False,True,True,0,0,0,0
016858.pdf,016,ok,319858,,,2006-06-23,4,1,,False,False,True,0,0,0,0
016859.pdf,016,ok,75179,Acrobat Distiller 4.0 for Windows,Microsoft Word 8.0,2001-01-23,11,115,,False,True,True,0,2,0,2
016885.pdf,016,ok,394829,Acrobat PDFWriter 3.02 for Windows NT,,1999-09-25,9,38,,False,True,True,0,0,0,0
016914.pdf,016,ok,29721,Acrobat PDFWriter 3.02 for Windows,Scan,,0,,,False,True,True,0,0,0,0
033000.pdf,033,ok,94608,Acrobat Distiller 4.0 for Windows,Microsoft Word 8.0,2004-02-12,3,2,,False,True,True,0,0,0,0
033002.pdf,033,ok,68927,Acrobat Distiller 4.0 for Windows,ACOMP.exe   WinVer 1c15  Aug 31 2005,2006-06-08,23,1,,False,True,True,0,0,0,0
033004.pdf,033,ok,44132,Acrobat Distiller 4.0 for Windows,ACOMP.exe   WinVer 1c15  Aug 31 2005,2007-01-12,5,1,,False,True,True,0,0,0,0
033005.pdf,033,ok,11671,Acrobat Net Distiller 1.0 for Windows,,1999-03-19,8,1,,False,True,True,0,0,0,0
033006.pdf,033,ok,34463,Acrobat Distiller 4.0 for Windows,,2002-10-10,10,1,,False,True,True,0,0,0,0
033008.pdf,033,ok,62121,Acrobat Distiller 6.0.1 (Windows),PScript5.dll Version 5.2,2007-01-19,3,1,,False,True,True,0,0,0,0
033009.pdf,033,ok,12809,Acrobat Net Distiller 1.0 for Windows,,2001-09-21,12,1425,,False,True,True,0,2,0,2
033010.pdf,033,ok,123003,Acrobat Distiller 3.01 for Windows,ACOMP.exe V010   11-MAY-2000,2000-07-20,16,1,,False,True,True,0,0,0,0
033011.pdf,033,ok,43164,Acrobat Distiller Command 3.01 for Solaris 2.3 and later (SPARC),PageMaker 6.5,,4,,,False,True,True,0,0,0,0
033012.pdf,033,ok,1134261,Oracle PDF driver,Developer 2000,2008-04-08,6,1,,False,False,True,0,0,0,0
033013.pdf,033,ok,64077,Acrobat Distiller 6.0.1 (Windows),Acrobat PDFMaker 6.0 for Word,2005-07-12,4,0,,False,True,True,0,0,0,0
033014.pdf,033,ok,269365,Acrobat Distiller 3.0 for Power Macintosh,Adobe PageMaker 6.5,2003-09-23,0,,,False,True,True,0,0,0,0
033015.pdf,033,ok,1927478,TextBridge(TM) http://www.scansoft.com,TextBridge(TM) http://www.scansoft.com,2001-11-27,18,3497,,False,False,True,0,2,0,2
033016.pdf,033,ok,743727,Acrobat Distiller 4.0 for Windows,,2002-04-15,11,1,,False,True,True,0,0,0,0
033017.pdf,033,ok,256368,Acrobat Distiller 6.0.1 (Windows),PScript5.dll Version 5.2.2,2007-08-15,1,244,,False,True,True,0,2,0,2
033018.pdf,033,ok,58512,Acrobat Distiller 6.0 (Windows),PScript5.dll Version 5.2.2,2006-12-06,4,1,,False,True,True,0,0,0,0
033019.pdf,033,ok,280129,Corel PDF Engine Version 11.4.0.100,PrintServer130,2008-08-07,19,7,,False,False,True,0,0,0,0
033021.pdf,033,ok,299217,OmniPage 12 http://www.scansoft.com,OmniPage 12 http://www.scansoft.com,2004-01-22,0,,,False,False,True,0,0,0,0
033022.pdf,033,ok,39370,Acrobat Distiller 4.0 for Windows,,2002-10-10,13,1,,False,True,True,0,0,0,0
033023.pdf,033,ok,59376,Acrobat Distiller 4.0 for Windows,,2003-07-01,20,1,,False,True,True,0,0,0,0
033024.pdf,033,ok,1694615,Adobe Acrobat 6.0,Adobe Acrobat 6.0,2004-10-05,0,,,False,True,True,0,0,0,0
033025.pdf,033,ok,392875,Acrobat Distiller 3.01 for Power Macintosh,QuarkXPress(tm) 4.1,2001-04-23,1,363,,False,True,True,0,2,0,2
033026.pdf,033,ok,97822,Acrobat Distiller 7.0 (Windows),PScript5.dll Version 5.2,2006-04-20,1,2001,,False,True,True,0,2,0,2
033028.pdf,033,ok,455887,Acrobat Distiller 6.0 (Windows),Acrobat PDFMaker 6.0 for Word,2005-10-12,7,1,,False,True,True,0,0,0,0
033029.pdf,033,ok,132925,Acrobat Distiller 6.0.1 (Windows),PScript5.dll Version 5.2.2,2005-09-16,1,1,,False,True,True,0,0,0,0
033031.pdf,033,ok,10941,,"R and OS php pdf writer, http://www.ros.co.nz",2009-02-06,0,,,False,False,True,0,0,0,0
033039.pdf,033,ok,329559,Acrobat PDFWriter 4.05 for Windows NT,Microsoft Excel - 09countx,2006-09-29,0,,,False,True,True,0,0,0,0
033042.pdf,033,ok,318039,Oracle PDF driver,Developer 2000,2008-03-18,5,1,,False,False,True,0,0,0,0
033048.pdf,033,ok,941927,Acrobat Distiller 5.0.5 (Windows),PScript5.dll Version 5.2,2002-12-17,0,,,False,True,True,0,0,0,0
033051.pdf,033,ok,438350,Acrobat Distiller 7.0.5 (Windows),Acrobat PDFMaker 7.0.7 for Word,2007-11-14,1,387,,False,True,True,0,2,0,2
033056.pdf,033,ok,141582,Amyuni Document Converter,,2007-02-28,23,1,,False,False,True,0,0,0,0
033148.pdf,033,ok,996222,Acrobat Distiller 4.05 for Macintosh,Adobe PageMaker 6.52,2003-08-21,0,,,False,True,True,0,0,0,0
033151.pdf,033,ok,14434,Acrobat Distiller 7.0.5 (Windows),Acrobat PDFMaker 7.0.7 for Word,2006-02-24,0,,,False,True,True,0,0,0,0
033152.pdf,033,ok,2412066,Acrobat Distiller 8.0.0 (Windows),Acrobat PDFMaker 8.0 for PowerPoint,2007-11-13,0,,,False,True,True,0,0,0,0
033153.pdf,033,ok,715028,Acrobat Distiller 5.0.5 (Windows),PScript5.dll Version 5.2.2,2006-06-21,0,,,False,True,True,0,0,0,0
033154.pdf,033,ok,777466,Acrobat Distiller 4.0 for Windows,,2003-05-15,10,2,,False,True,True,0,0,0,0
033155.pdf,033,ok,2125059,Acrobat Distiller 4.0 for Windows,,2002-05-28,11,1,,False,True,True,0,0,0,0
033156.pdf,033,ok,936103,Acrobat Distiller 7.0.5 for Macintosh,,2007-05-31,0,,,False,True,True,0,0,0,0
033157.pdf,033,ok,89123,Acrobat Distiller 8.1.0 (Windows),Acrobat PDFMaker 8.1 for Word,2008-06-06,3,9,,False,True,True,0,0,0,0
033158.pdf,033,ok,3423494,Adobe Acrobat 8.1,PScript5.dll Version 5.2,2008-01-24,0,,,False,True,True,0,0,0,0
033159.pdf,033,ok,1367052,Adobe PDF Library 8.0,Adobe InDesign CS3 (5.0),2008-06-23,1,43,,False,False,True,0,0,0,0
033160.pdf,033,ok,210129,Acrobat Distiller 8.1.0 (Windows),PageMaker 7.0,2008-01-28,0,,,False,True,True,0,0,0,0
033161.pdf,033,ok,3403126,Acrobat Distiller 4.0 for Windows,,2003-03-18,11,1,,False,True,True,0,0,0,0
033162.pdf,033,ok,42407,Acrobat Distiller 4.0 for Windows,,2002-12-24,29,1,,False,True,True,0,0,0,0
033163.pdf,033,ok,420149,Acrobat Distiller 7.0.5 for Macintosh,,2007-05-31,0,,,False,True,True,0,0,0,0
033164.pdf,033,ok,37689,Acrobat Distiller 5.0 (Windows),PScript5.dll Version 5.2.2,2006-07-11,0,,,False,True,True,0,0,0,0
033166.pdf,033,ok,268758,Acrobat Distiller 7.0.5 (Windows),Acrobat PDFMaker 7.0.7 for Word,2007-04-16,0,,,False,True,True,0,0,0,0
033167.pdf,033,ok,1523500,Acrobat Distiller 6.0 (Windows),PageMaker 7.0,2006-05-24,1,1,,False,True,True,0,0,0,0
033168.pdf,033,ok,235138,Acrobat Distiller 6.0.1 (Windows),Acrobat PDFMaker 6.0 for Word,2006-03-27,5,2170,,False,True,True,0,2,0,2
033169.pdf,033,ok,4254583,Mac OS X 10.4.10 Quartz PDFContext,Word,2007-08-14,0,,,False,True,True,0,0,0,0
033170.pdf,033,ok,426432,Acrobat Distiller 5.0.5 (Windows),PScript5.dll Version 5.2,2004-09-29,1,1,,False,True,True,0,0,0,0
033171.pdf,033,ok,207162,Acrobat Distiller 6.0 (Windows),PScript5.dll Version 5.2.2,2007-12-21,7,37,,False,True,True,0,0,0,0
033172.pdf,033,ok,1523443,Acrobat Distiller 6.0 (Windows),PScript5.dll Version 5.2,2005-09-27,4,1,,False,True,True,0,0,0,0
033173.pdf,033,ok,475418,Acrobat Distiller 7.0.5 (Windows),Acrobat PDFMaker 7.0.7 for Word,2007-09-25,3,132,,False,True,True,0,2,0,2
033174.pdf,033,ok,91106,Acrobat Distiller 5.0.5 (Windows),PScript5.dll Version 5.2.2,2004-10-22,1,36,,False,True,True,0,0,0,0
033175.pdf,033,ok,4469723,,,2002-01-22,0,,,False,False,True,0,0,0,0
033176.pdf,033,ok,19759,Acrobat PDFWriter 4.05 for Windows NT,Schroeder ext abs.doc - Microsoft Word,2004-01-30,0,,,False,True,True,0,0,0,0
033177.pdf,033,ok,8943,Acrobat Distiller 6.0 (Windows),PScript5.dll Version 5.2,2005-01-04,0,,,False,True,True,0,0,0,0
033526.pdf,033,ok,111235,Acrobat PDFWriter 2.0 for Macintosh,Microsoft Word,1997-01-07,0,,,False,True,True,0,0,0,0
033527.pdf,033,ok,1800860,Acrobat Distiller 6.0 (Windows),PScript5.dll Version 5.2,2007-09-12,0,,,False,True,True,0,0,0,0
033528.pdf,033,ok,50980,Acrobat Web Capture 6.0,,2003-09-16,5,1,,False,True,True,0,0,0,0
033529.pdf,033,ok,1684345,Acrobat Distiller 5.0.5 (Windows),PScript5.dll Version 5.2,2003-08-20,5,27,,False,True,True,0,0,0,0
033530.pdf,033,ok,14338,Mac OS X 10.4.11 Quartz PDFContext,TextEdit,2008-07-20,0,,,False,False,True,0,0,0,0
033531.pdf,033,ok,1175797,Acrobat Distiller 6.0 (Windows),PScript5.dll Version 5.2,2004-09-07,1,6,,False,True,True,0,0,0,0
033532.pdf,033,ok,81609,Acrobat Distiller 7.0.5 (Windows),PScript5.dll Version 5.2.2,2007-03-14,0,,,False,True,True,0,0,0,0
033533.pdf,033,ok,1908606,GNU Ghostscript 7.05,PScript5.dll Version 5.2,,9,,invoice:purchase order;medical:histopathology,True,False,True,0,0,0,0
033534.pdf,033,ok,99678,Acrobat Distiller 5.0.5 (Windows),ADOBEPS4.DRV Version 4.50,2002-09-30,0,,,False,True,True,0,0,0,0
033535.pdf,033,ok,69035,Acrobat Distiller 4.0 for Macintosh,QuarkXPress(tm) 4.1,2000-07-18,0,,,False,True,True,0,0,0,0
033536.pdf,033,ok,56255,Acrobat Distiller 4.0 for Windows,ACOMP.exe   WinVer 1b43  jul 14 2003,2005-01-12,24,1,,False,True,True,0,0,0,0
033537.pdf,033,ok,723815,Acrobat Distiller 5.0.5 (Windows),PScript5.dll Version 5.2,2005-04-14,0,,,False,True,True,0,0,0,0
033539.pdf,033,ok,292380,Acrobat Distiller 4.0 for Macintosh,PageMaker 6.5,2003-07-30,0,,,False,True,True,0,0,0,0
033540.pdf,033,ok,547978,Acrobat PDFWriter 4.05 for Windows NT,pdf jul06.rtf - Microsoft Word,2006-07-20,17,28,,False,True,True,0,0,0,0
033541.pdf,033,ok,1055458,Acrobat Distiller 8.1.0 (Windows),Acrobat PDFMaker 8.1 for PowerPoint,2008-02-04,0,,,False,True,True,0,0,0,0
033542.pdf,033,ok,41138,Acrobat Distiller 6.0.1 (Windows),PScript5.dll Version 5.2,2005-10-18,0,,,False,True,True,0,0,0,0
033543.pdf,033,ok,15180,Acrobat PDFWriter 4.0 for Windows,,2000-03-13,0,,,False,True,True,0,0,0,0
033545.pdf,033,ok,3688574,Adobe PDF Library 7.0,Adobe InDesign CS2 (4.0.5),2008-03-03,0,,,False,False,True,0,0,0,0
033546.pdf,033,ok,36706,Acrobat PDFWriter 4.0 for Windows,Microsoft Word - smsk2kabr2 column 2,2000-06-29,0,,,False,True,True,0,0,0,0
033547.pdf,033,ok,119357,Acrobat Distiller 4.05 for Windows,Microsoft Word 9.0,2000-09-08,4,22,,False,True,True,0,0,0,0
033302.pdf,033,ok,39524,Acrobat Distiller 6.0 (Windows),Acrobat PDFMaker 6.0 for Word,2005-04-15,0,,,False,True,True,0,0,0,0
033308.pdf,033,ok,637160,Acrobat Distiller 2.1 for Power Macintosh,,1997-08-15,0,,,False,True,True,0,0,0,0
033309.pdf,033,ok,67659,Acrobat Distiller 4.0 for Windows,Microsoft Word 8.0,2000-01-25,9,15,,False,True,True,0,0,0,0
033310.pdf,033,ok,34955,Acrobat Distiller 5.0.5 (Windows),ACOMP.exe   WinVer 1c15  Aug 31 2005,2007-08-10,14,16,,False,True,True,0,0,0,0
033311.pdf,033,ok,783625,Acrobat Distiller 7.0.5 (Windows),PScript5.dll Version 5.2.2,2008-04-07,0,,,False,True,True,0,0,0,0
033312.pdf,033,ok,199812,,XPP,2002-08-28,2,1,,False,False,True,0,0,0,0
033313.pdf,033,ok,280188,Acrobat Distiller 5.0.5 (Windows),Acrobat PDFMaker 5.0 for Word,2005-01-07,1,2587,,False,True,True,0,2,0,2
033314.pdf,033,ok,475451,Acrobat Distiller 4.05 for Windows,Adobe PageMaker 6.52,2003-03-28,1,296,,False,True,True,0,2,0,2
033316.pdf,033,ok,18603,Acrobat Distiller 4.0 for Windows,,2001-05-01,13,5,,False,True,True,0,0,0,0
033317.pdf,033,ok,880742,Acrobat PDFWriter 4.0 for Power Macintosh,QuarkXPress™ 4.1,2001-05-03,0,,,False,True,True,0,0,0,0
033318.pdf,033,ok,32730,GNU Ghostscript 7.05,PScript5.dll Version 5.2.2,2005-02-01,0,,,False,False,True,0,0,0,0
033319.pdf,033,ok,164387,Acrobat Distiller 6.0.1 (Windows),PScript5.dll Version 5.2.2,2006-01-05,0,,,False,True,True,0,0,0,0
033320.pdf,033,ok,2270519,Acrobat Distiller 4.05 for Windows,Microsoft Word 8.0,2002-06-14,0,,,False,True,True,0,0,0,0
033321.pdf,033,ok,280989,Acrobat Distiller 4.0 for Macintosh,QuarkXPressª: LaserWriter 8 8.7.1,2002-06-24,1,1959,,False,True,True,0,2,0,2
033322.pdf,033,ok,63431,Acrobat Distiller 5.0.5 (Windows),ACOMP.exe   WinVer 1c15  Aug 31 2005,2007-08-10,13,16,,False,True,True,0,0,0,0
033323.pdf,033,ok,149032,Acrobat Distiller 6.0.1 (Windows),XPP,2007-05-14,2,0,,False,True,True,0,0,0,0
033324.pdf,033,ok,24408,AFPL Ghostscript 8.14,PDFCreator Version 0.8.0,2005-11-01,2,26,,False,False,True,0,0,0,0
033325.pdf,033,ok,56227,,XPP,2003-06-27,2,3,,False,False,True,0,0,0,0
033326.pdf,033,ok,499532,Acrobat Distiller 6.0.1 for Macintosh,QuarkXPress(tm) 6.0,2004-04-27,0,,,False,True,True,0,0,0,0
033327.pdf,033,ok,494812,Acrobat Distiller Command 3.01 for Solaris 2.3 and later (SPARC),Parlance Publisher 5.0/(Xyvision Postscript Formatter) 3.0 3,,5,,,False,True,True,0,0,0,0
033328.pdf,033,ok,788963,Acrobat Distiller Command 3.01 for Solaris 2.3 and later (SPARC),Parlance Publisher 5.0/(Xyvision Postscript Formatter) 3.0 3,,0,,,False,True,True,0,0,0,0
033329.pdf,033,ok,70470,Acrobat Distiller 6.0 (Windows),PScript5.dll Version 5.2.2,2005-07-05,0,,,False,True,True,0,0,0,0
033330.pdf,033,ok,21992,Acrobat Distiller 7.0.5 (Windows),PScript5.dll Version 5.2.2,2008-04-17,0,,,False,True,True,0,0,0,0
033331.pdf,033,ok,2106664,Adobe PDF Library 8.0,Adobe InDesign CS3 (5.0.2),2008-04-16,0,,,False,False,True,0,0,0,0
033332.pdf,033,ok,47899,Adobe Acrobat 7.08 Paper Capture Plug-in,Adobe Acrobat 7.08,2007-10-05,0,,letter:to whom it may concern,True,True,True,2,0,1,3
033333.pdf,033,ok,223686,Acrobat Distiller 5.0 (Windows),Acrobat PDFMaker 5.0 for Word,2001-10-30,2,1,,False,True,True,0,0,0,0
033334.pdf,033,ok,221694,Adobe PDF Library 7.0,Adobe InDesign CS2 (4.0.1),2006-01-10,0,,,False,False,True,0,0,0,0
033335.pdf,033,ok,276450,Acrobat Distiller 5.0 (Windows),PScript5.dll Version 5.2,2001-08-24,0,,,False,True,True,0,0,0,0
033336.pdf,033,ok,239849,Acrobat Distiller 5.0.5 (Windows),Acrobat PDFMaker 5.0 for Word,2003-06-20,5,126,,False,True,True,0,2,0,2
033337.pdf,033,ok,171962,Acrobat PDFWriter 5.0 for Windows,Microsoft Word,2002-05-16,0,,,False,True,True,0,0,0,0
033338.pdf,033,ok,287931,Acrobat Distiller 7.0 (Windows),PScript5.dll Version 5.2.2,2005-02-25,1,3,,False,True,True,0,0,0,0
033339.pdf,033,ok,294792,Acrobat PDFWriter 4.0 for Windows NT,Corel WordPerfect - [H:\Home\EnvRes Share\D8280\FIST\to check\vol3-29\vol3-29.WPD],2000-11-01,0,,,False,True,True,0,0,0,0
033340.pdf,033,ok,173386,Acrobat Distiller 5.0.5 (Windows),Acrobat PDFMaker 5.0 for Word,2003-06-20,5,614,,False,True,True,0,2,0,2
033341.pdf,033,ok,375120,Acrobat Distiller 4.05 for Macintosh,Adobe PageMaker 7.0,2005-02-17,0,,,False,True,True,0,0,0,0
033342.pdf,033,ok,815007,AFPL Ghostscript 8.54,dvips(k) 5.94b Copyright 2004 Radical Eye Software,2006-07-17,0,,,False,False,True,0,0,0,0
033343.pdf,033,ok,3399973,Acrobat Distiller 4.05 for Windows,Microsoft Word 8.0,2000-05-23,0,,,False,True,True,0,0,0,0
033344.pdf,033,ok,42599,AFPL Ghostscript 8.14,PDFCreator Version 0.8.0,2005-01-03,2,4,,False,False,True,0,0,0,0
033351.pdf,033,ok,267914,Acrobat Distiller 5.0.5 (Windows),3B2 Total Publishing System 8.07f/W,2008-12-04,1,2,,False,True,True,0,0,0,0
033360.pdf,033,ok,24430,Acrobat Distiller 7.0 (Windows),Acrobat PDFMaker 7.0 for Word,2007-07-02,2,1,,False,True,True,0,0,0,0
033420.pdf,033,ok,77362,Acrobat PDFWriter 3.02 for Windows,,,2,,,False,True,True,0,0,0,0
033548.pdf,033,ok,212576,Acrobat Distiller 2.0 for Macintosh,,1999-09-04,5,20,,False,True,True,0,0,0,0
033549.pdf,033,ok,140090,Acrobat Distiller 5.0.5 (Windows),PScript5.dll Version 5.2,2004-08-02,8,38,,False,True,True,0,0,0,0
033550.pdf,033,ok,86961,Acrobat Distiller 3.01 for Power Macintosh,"Nicholas R. Batik, Pleiades Publishing Services Co., 303-337-0060",1998-07-14,0,,,False,True,True,0,0,0,0
033551.pdf,033,ok,2527168,Acrobat Distiller 6.0 (Windows),PScript5.dll Version 5.2,2007-03-09,0,,,False,True,True,0,0,0,0
033552.pdf,033,ok,1611858,Acrobat Distiller 4.0 for Windows,,2002-06-11,1,1,,False,True,True,0,0,0,0
033553.pdf,033,ok,339372,Acrobat Distiller 5.0 (Windows),PScript5.dll Version 5.2,2003-04-09,1,7,,False,True,True,0,0,0,0
033554.pdf,033,ok,192086,Acrobat PDFWriter 4.0 for Power Macintosh,QuarkXPress™ 4.1,2000-12-08,0,,,False,True,True,0,0,0,0
033555.pdf,033,ok,1853990,www.inputsolutions.com,"Input Solutions, Inc.",2002-04-05,0,,,False,False,True,0,0,0,0
033556.pdf,033,ok,1102851,Acrobat Distiller 5.0 (Windows),Acrobat PDFMaker 5.0 for Word,2005-03-09,0,,,False,True,True,0,0,0,0
033557.pdf,033,ok,152184,Acrobat Distiller 2.0 for Power Macintosh,,1996-06-14,2,747,,False,True,True,0,2,0,2
033558.pdf,033,ok,1058656,Acrobat Distiller 3.01 for Windows,Adobe PageMaker 6.52,1998-04-19,0,,,False,True,True,0,0,0,0
033559.pdf,033,ok,551496,StampPDF Batch 2.7 for Solaris - SPDF 1045,XPP,2008-01-08,2,42,,False,False,True,0,0,0,0
033560.pdf,033,ok,82223,Acrobat Distiller 6.0 (Windows),PScript5.dll Version 5.2.2,2006-07-21,0,,,False,True,True,0,0,0,0
033561.pdf,033,ok,500965,Antenna House PDF Output Library 2.4.0 (Linux),"XSL Formatter V4.1 MR5 (4,1,2007,0509) for Linux",2008-09-18,2,563,,False,False,True,0,2,0,2
033562.pdf,033,ok,5101369,Adobe PDF Library 6.0,Adobe InDesign CS (3.0.1),2005-08-17,0,,,False,False,True,0,0,0,0
033563.pdf,033,ok,197545,Acrobat Distiller 8.0.0 (Windows),Acrobat PDFMaker 8.0 for Word,2007-11-07,1,134,,False,True,True,0,2,0,2
033564.pdf,033,ok,30278,Acrobat PDFWriter 4.0 for Windows NT,Lesko.doc - Microsoft Word,2003-12-08,0,,,False,True,True,0,0,0,0
033565.pdf,033,ok,738194,Adobe PDF Library 7.0,Adobe InDesign CS2 (4.0.2),2006-06-30,0,,,False,False,True,0,0,0,0
033566.pdf,033,ok,291039,Acrobat Distiller 5.0.5 (Windows),3B2 Total Publishing System 8.04b/W BETA,2003-10-23,3,66,,False,True,True,0,2,0,2
033567.pdf,033,ok,204381,Acrobat Distiller 5.0 (Windows),Acrobat PDFMaker 5.0 for Word,2003-01-16,7,17,,False,True,True,0,0,0,0
033568.pdf,033,ok,649012,Antenna House PDF Output Library 2.4.0 (Linux),"XSL Formatter V4.1 MR5 (4,1,2007,0509) for Linux",2008-09-18,2,415,,False,False,True,0,2,0,2
033569.pdf,033,ok,881523,Acrobat Distiller 6.0.1 (Windows),PScript5.dll Version 5.2,2005-06-08,0,,,False,True,True,0,0,0,0
033570.pdf,033,ok,4091137,Adobe Acrobat 8.1,Adobe Acrobat 8.1 Combine Files,2008-06-30,0,,,False,True,True,0,0,0,0
033571.pdf,033,ok,95285,Acrobat Distiller 3.01 para Windows,Adobe Printer Driver para Windows 2.1.1,2004-05-20,0,,,False,True,True,0,0,0,0
033572.pdf,033,ok,1746906,Acrobat PDFWriter 4.0 Windows NT,ReferencesRefID.doc - Microsoft Word,2008-08-06,0,,,False,True,True,0,0,0,0
033628.pdf,033,ok,320992,Acrobat Distiller 7.0.5 (Windows),Acrobat PDFMaker 7.0.7 for Word,2007-02-01,0,,,False,True,True,0,0,0,0
033629.pdf,033,ok,776269,Acrobat Distiller 7.0 (Windows),Arbortext Advanced Print Publisher 9.0.223/W,2007-05-12,2,155,,False,True,True,0,2,0,2
033630.pdf,033,ok,534786,Acrobat Distiller 5.0.5 (Windows),PScript5.dll Version 5.2.2,2004-02-23,1,1,,False,True,True,0,0,0,0
033631.pdf,033,ok,272700,Acrobat Distiller 7.0.5 (Windows),Acrobat PDFMaker 7.0.7 for Word,2007-08-29,0,,,False,True,True,0,0,0,0
033655.pdf,033,ok,152307,Acrobat Distiller 6.0.1 (Windows),XPP,2007-03-13,7,1,,False,True,True,0,0,0,0
033658.pdf,033,ok,1314012,Acrobat Distiller 5.0.5 (Windows),Acrobat PDFMaker 5.0 for Word,2004-06-25,0,,,False,True,True,0,0,0,0
033684.pdf,033,ok,252932,Acrobat Distiller 6.0 (Windows),PScript5.dll Version 5.2.2,2007-05-11,0,,,False,True,True,0,0,0,0
033685.pdf,033,ok,457693,Acrobat Distiller 7.0.5 (Windows),PScript5.dll Version 5.2.2,2007-01-30,5,1,,False,True,True,0,0,0,0
033686.pdf,033,ok,6518,Acrobat Distiller 6.0 (Windows),,2006-02-07,0,,,False,True,True,0,0,0,0
033687.pdf,033,ok,546310,Antenna House PDF Output Library 2.4.0 (Linux),"XSL Formatter V4.1 MR5 (4,1,2007,0509) for Linux",2008-09-18,2,207,,False,False,True,0,2,0,2
033688.pdf,033,ok,14630,Acrobat Distiller 8.1.0 (Windows),Acrobat PDFMaker 8.1 for Word,2008-06-09,2,26,,False,True,True,0,0,0,0
033689.pdf,033,ok,43028,Acrobat Distiller 7.0 (Windows),PScript5.dll Version 5.2.2,2006-05-17,0,,,False,True,True,0,0,0,0
033690.pdf,033,ok,239344,Acrobat Distiller 4.05 for Windows,,2001-03-09,1,434,,False,True,True,0,2,0,2
033691.pdf,033,ok,351449,Acrobat Distiller 5.0.5 (Windows),PScript5.dll Version 5.2.2,2008-03-25,40,200,,False,True,True,0,2,0,2
033692.pdf,033,ok,22114,Acrobat PDFWriter 5.0 for Windows NT,WordPerfect 11 - [U:\ORDERS - TOLEDO\DECISIONS AND JUDGMENTS\01-36776 MOD.wpd],2003-12-31,10,755,,False,True,True,0,2,0,2
033714.pdf,033,ok,205870,Acrobat Distiller 2.1 for Windows,,1996-05-15,5,1,,False,True,True,0,0,0,0
033715.pdf,033,ok,32072,Acrobat PDFWriter 3.02 for Windows,K:\COMMON\OPINIONS\ALLOPNS\98\972142P,,4,,,False,True,True,0,0,0,0
033716.pdf,033,ok,228365,Acrobat Distiller 2.1 for Windows,,1998-07-15,4,1,,False,True,True,0,0,0,0
033717.pdf,033,ok,51373,JAWS PDFLib,activePDF Server,2006-04-21,31,82,,False,False,True,0,2,0,2
033718.pdf,033,ok,395577,Acrobat Distiller 4.0 for Macintosh,QuarkXPressª: PSPrinter 8.3.1,2001-10-15,0,,,False,True,True,0,0,0,0
033719.pdf,033,ok,127922,Oracle PDF driver,Developer 2000,1999-07-14,0,,,False,False,True,0,0,0,0
033720.pdf,033,ok,429643,Acrobat Distiller 5.0 (Windows),Acrobat PDFMaker 5.0 for Word,2004-02-11,0,,,False,True,True,0,0,0,0
033721.pdf,033,ok,148671,AFPL Ghostscript 8.54,FAME,2008-09-17,5,0,,False,False,True,0,0,0,0
033722.pdf,033,ok,84985,Acrobat Distiller 2.1 for Windows,,1997-02-13,3,172,,False,True,True,0,2,0,2
033723.pdf,033,ok,62544,Acrobat PDFWriter 3.02 for Windows,Corel Office Document,,0,,,False,True,True,0,0,0,0
033724.pdf,033,ok,22991,Acrobat PDFWriter 4.0 for Windows,C:\RPT130682376.WPD              [PFP#1012125701],2001-10-25,4,2,,False,True,True,0,0,0,0
033728.pdf,033,ok,78826,Acrobat PDFWriter 5.0 for Windows NT,cam07-22.wpd - Microsoft Word,2003-03-18,1,1336,,False,True,True,0,2,0,2
033745.pdf,033,ok,138047,Corel PDF Engine Version 9.543,POP90,2001-12-17,18,4,,False,False,True,0,0,0,0
033746.pdf,033,ok,56497,Acrobat Distiller 8.0.0 (Windows),Acrobat PDFMaker 8.0 for Word,2007-06-26,13,1,,False,True,True,0,0,0,0
033749.pdf,033,ok,44957,Acrobat Distiller 4.0 for Windows,,2002-07-05,14,1,,False,True,True,0,0,0,0
033750.pdf,033,ok,56313,Acrobat Distiller 5.0.5 (Windows),AdobePS5.dll Version 5.2.2,2005-04-13,3,2190,invoice:purchase order,True,True,True,2,2,1,5
033751.pdf,033,ok,1023512,Acrobat Distiller 6.0.1 (Windows),Acrobat PDFMaker 6.0 for Word,2006-01-25,0,,,False,True,True,0,0,0,0
033758.pdf,033,ok,89561,Corel PDF Engine Version 10.719,Print Server 100,2007-03-16,0,,,False,False,True,0,0,0,0
033759.pdf,033,ok,67543,Acrobat Distiller 8.1.0 (Windows),Adobe Acrobat 8.1 Combine Files,2009-02-20,26,1,,False,True,True,0,0,0,0
033762.pdf,033,ok,625637,Acrobat PDFWriter 4.05 for Windows NT,Microsoft Excel - HZIP1202,2003-06-23,10,4,,False,True,True,0,0,0,0
033764.pdf,033,ok,915395,Acrobat Distiller 5.0.5 (Windows),PScript5.dll Version 5.2,2004-11-04,0,,,False,True,True,0,0,0,0
033790.pdf,033,ok,13530,Acrobat Distiller 8.1.0 (Windows),Acrobat PDFMaker 8.1 for Word,2008-12-04,0,,,False,True,True,0,0,0,0
033791.pdf,033,ok,57026,Acrobat Distiller 6.0 (Windows),PScript5.dll Version 5.2.2,2007-03-30,1,1,,False,True,True,0,0,0,0
033792.pdf,033,ok,482901,Acrobat Distiller 6.0.1 (Windows),PScript5.dll Version 5.2.2,2005-10-14,2,188,,False,True,True,0,2,0,2
033793.pdf,033,ok,892030,Acrobat Distiller 7.0.5 (Windows),Acrobat PDFMaker 7.0.7 for Word,2006-08-01,2,30,,False,True,True,0,0,0,0
033794.pdf,033,ok,300759,Acrobat Distiller 3.01 for Power Macintosh,Adobe PageMaker 6.52,2001-06-13,2,288,,False,True,True,0,2,0,2
033795.pdf,033,ok,17126,Acrobat PDFWriter 3.02 for Windows,R:VOL3_98LN&CAN98FRGUIA98FRGUIA.WPD,,2,,,False,True,True,0,0,0,0
033796.pdf,033,ok,459655,Acrobat Distiller 2.1 for Windows,,1997-06-26,5,163,,False,True,True,0,2,0,2
033797.pdf,033,ok,250177,Acrobat Distiller 7.0.5 (Windows),Acrobat PDFMaker 7.0.7 for Word,2008-08-29,0,,,False,True,True,0,0,0,0
033798.pdf,033,ok,174198,Acrobat Distiller 6.0 (Windows),Acrobat PDFMaker 6.0 for Word,2006-04-03,5,10,,False,True,True,0,0,0,0
033799.pdf,033,ok,127319,Acrobat Distiller 8.0.0 (Windows),Acrobat PDFMaker 8.0 for Word,2008-09-12,4,590,,False,True,True,0,2,0,2
033800.pdf,033,ok,219128,Mac OS X 10.4.6 Quartz PDFContext,PScript5.dll Version 5.2.2,2006-05-16,0,,,False,False,True,0,0,0,0
033801.pdf,033,ok,4370270,Acrobat Distiller 7.0.5 for Macintosh,Word: cgpdftops CUPS filter,2006-10-12,1,197,,False,True,True,0,2,0,2
033802.pdf,033,ok,67134,Acrobat PDFWriter 3.02 for Windows,J:\EPA Scientist to scientist meeting\610,,6,,,False,True,True,0,0,0,0
033803.pdf,033,ok,1524438,OpenOffice.org 2.0,Impress,2005-10-04,0,,,False,True,True,0,0,0,0
033804.pdf,033,ok,112360,Acrobat Distiller 7.0.5 (Windows),Acrobat PDFMaker 7.0.5 for Word,2006-02-09,0,,,False,True,True,0,0,0,0
033805.pdf,033,ok,5845167,Acrobat Distiller 7.0 (Windows),Acrobat PDFMaker 7.0 for Word,2006-09-19,0,,,False,True,True,0,0,0,0
033806.pdf,033,ok,165955,PDFlib PLOP 2.0.0p6 (SunOS)/Acrobat Distiller 6.0 for Macintosh,QuarkXPress: pictwpstops filter 1.0,2005-03-21,0,,,False,True,True,0,0,0,0
033807.pdf,033,ok,91762,Acrobat PDFWriter 5.0 for Windows NT,Microsoft PowerPoint - [Fundraising in French],2007-07-06,0,,,False,True,True,0,0,0,0
033808.pdf,033,ok,681661,Acrobat Distiller 7.0.5 (Windows),Acrobat PDFMaker 7.0.7 for Word,2006-10-26,0,,,False,True,True,0,0,0,0
038148.pdf,038,ok,151103,JAWS PDFLib,activePDF Server,2003-08-01,5,2104,,False,False,True,0,2,0,2
038157.pdf,038,ok,511753,Acrobat Distiller 7.0.5 (Windows),PScript5.dll Version 5.2.2,2008-04-24,4,5,,False,True,True,0,0,0,0
038170.pdf,038,ok,433357,Acrobat Distiller 5.0 (Windows),PScript5.dll Version 5.2,2003-07-15,0,,,False,True,True,0,0,0,0
038176.pdf,038,ok,565228,Adobe PDF Library 4.0,Acrobat Capture 3.0,2003-04-09,0,,,False,True,True,0,0,0,0
038179.pdf,038,ok,937584,Acrobat Distiller 4.05 for Windows,PScript5.dll Version 5.2,2003-11-10,0,,,False,True,True,0,0,0,0
038180.pdf,038,ok,189029,JAWS PDFLib,activePDF Server,2003-07-30,10,913,,False,False,True,0,2,0,2
038182.pdf,038,ok,170547,Acrobat Distiller 7.0.5 (Windows),PScript5.dll Version 5.2.2,2005-10-24,40,11,,False,True,True,0,0,0,0
038230.pdf,038,ok,2000142,GPL Ghostscript 8.61,PDFCreator Version 0.9.5,2008-08-28,11,4,,False,False,True,0,0,0,0
038231.pdf,038,ok,928528,Acrobat Distiller 5.0.5 (Windows),Adobe PageMaker 7.0,2004-05-03,3,48,,False,True,True,0,2,0,2
038232.pdf,038,ok,674942,GPL Ghostscript 8.61,PDFCreator Version 0.9.5,2008-05-30,26,2,,False,False,True,0,0,0,0
038244.pdf,038,ok,36215,Acrobat Distiller 4.0 for Windows,ACOMP.exe   WinVer 1c15  Aug 31 2005,2006-07-10,8,0,,False,True,True,0,0,0,0
038245.pdf,038,ok,45089,Acrobat Distiller 4.0 for Windows,ACOMP.exe   WinVer 1c15  Aug 31 2005,2007-07-17,7,1,,False,True,True,0,0,0,0
038248.pdf,038,ok,819135,Acrobat 3.0 Import Plug-in,捁潲慢⁴⸳‰慃瑰牵汐杵椭n,2002-09-16,1,3303,,False,True,True,0,2,0,2
038249.pdf,038,ok,51135,Acrobat Distiller 5.0 (Windows),ACOMP.exe   WinVer 1c15  Aug 31 2005,2006-11-29,3,29,,False,True,True,0,0,0,0
038251.pdf,038,ok,27221,AFPL Ghostscript 8.54,PageMaker 7.0,2007-02-01,1,1,,False,False,True,0,0,0,0
038252.pdf,038,ok,36379,Acrobat PDFWriter 3.02 for Windows,C:\Wanda\appendix.WPD             [PFP#491702022],,2,,,False,True,True,0,0,0,0
038255.pdf,038,ok,57589,Acrobat Distiller 4.0 for Windows,,2001-07-26,14,1,,False,True,True,0,0,0,0
038258.pdf,038,ok,2086533,Acrobat Distiller 8.1.0 (Windows),PScript5.dll Version 5.2.2,2008-12-15,0,,,False,True,True,0,0,0,0
038266.pdf,038,ok,818519,Acrobat Distiller 7.0.5 (Windows),Acrobat PDFMaker 7.0.7 for Word,2008-03-18,0,,,False,True,True,0,0,0,0
038268.pdf,038,ok,542628,Acrobat Distiller 4.0 for Windows,ADOBEPS4.DRV Version 4.24,1999-11-18,2,47,,False,True,True,0,2,0,2
033810.pdf,033,ok,450969,Acrobat Distiller 6.0.1 (Windows),Acrobat PDFMaker 6.0 for Word,2006-11-01,15,17,,False,True,True,0,0,0,0
033811.pdf,033,ok,152762,Acrobat Distiller 5.0.5 (Windows),Acrobat PDFMaker 5.0 for Word,2002-05-13,0,,,False,True,True,0,0,0,0
033812.pdf,033,ok,147645,Acrobat Distiller 7.0.5 (Windows),PScript5.dll Version 5.2.2,2007-12-19,0,,,False,True,True,0,0,0,0
033813.pdf,033,ok,439456,Acrobat Distiller 6.0.1 (Windows),Acrobat PDFMaker 6.0 for Word,2007-01-30,18,17,,False,True,True,0,0,0,0
033814.pdf,033,ok,2697704,Acrobat Distiller 6.0 (Windows),Acrobat PDFMaker 6.0 for Word,2004-11-29,2,335,,False,True,True,0,2,0,2
033815.pdf,033,ok,2917614,Acrobat Distiller 5.0.5 (Windows),PScript5.dll Version 5.2,2004-06-04,0,,,False,True,True,0,0,0,0
033816.pdf,033,ok,375925,Acrobat Distiller 3.0 for Power Macintosh,,2002-07-01,2,278,,False,True,True,0,2,0,2
033817.pdf,033,ok,839456,Acrobat Distiller 5.0.5 (Windows),Acrobat PDFMaker 5.0 for Word,2004-08-06,0,,,False,True,True,0,0,0,0
033818.pdf,033,ok,287634,Acrobat Distiller 5.0.5 (Windows),3B2 Total Publishing System 8.07e/W,2004-07-16,2,89,,False,True,True,0,2,0,2
033819.pdf,033,ok,133461,GPL Ghostscript 8.54,PDFCreator Version 0.9.3,2008-03-06,5,1,,False,False,True,0,0,0,0
033820.pdf,033,ok,66894,AFPL Ghostscript 8.13,PrimoPDF http://www.primopdf.com,2008-07-08,10,1,,False,False,True,0,0,0,0
033821.pdf,033,ok,42869,Acrobat PDFWriter 5.0 for Windows NT,Formulaire de Soumission - Vivres pour le Progrès - Microsoft Word,2006-05-02,0,,,False,True,True,0,0,0,0
033823.pdf,033,ok,1611101,Acrobat Distiller 5.0 (Windows),Acrobat PDFMaker 5.0 pour Word,2002-02-04,0,,,False,True,True,0,0,0,0
033946.pdf,033,ok,854719,GNU Ghostscript 7.06,PScript5.dll Version 5.2,2006-03-07,1,77,,False,False,True,0,2,0,2
033962.pdf,033,ok,101242,Acrobat Distiller 6.0 (Windows),PScript5.dll Version 5.2,2007-08-29,0,,,False,True,True,0,0,0,0
033996.pdf,033,ok,2498497,Acrobat Web Capture 4.0,,2000-08-10,1,2639,,False,True,True,0,2,0,2
038137.pdf,038,ok,425870,,Adobe InDesign CS (3.0.1),2008-01-22,5,111,medical:laboratory report,True,False,True,0,2,0,2
038138.pdf,038,ok,327065,Acrobat Distiller 5.0.5 (Windows),Acrobat PDFMaker 5.0 for Word,2002-05-13,0,,,False,True,True,0,0,0,0
038139.pdf,038,ok,315252,Acrobat PDF Writer 1.0 for Macintosh ,QuarkXPress®,,2,,,False,True,True,0,0,0,0
038147.pdf,038,ok,118939,JAWS PDFLib,Server http://www.activepdf.com,2008-07-16,8,3,,False,False,True,0,0,0,0
038272.pdf,038,ok,247738,Acrobat Distiller 5.0 (Windows),"""Mim2ps v020215""",2002-06-05,1,4539,,False,True,True,0,2,0,2
038276.pdf,038,ok,342714,Acrobat Distiller 5.0 (Windows),"""Mim2ps v020215""",2002-06-05,1,4539,,False,True,True,0,2,0,2
038278.pdf,038,ok,346603,Mac OS X 10.4.8 Quartz PDFContext,Textures®: LaserWriter 8 Z1-8.7.1,2006-10-16,0,,,False,False,True,0,0,0,0
038307.pdf,038,ok,19824,Acrobat PDFWriter 5.0 for Windows NT,Document2 - Microsoft Word,2004-07-01,1,1379,,False,True,True,0,2,0,2
038308.pdf,038,ok,144400,Acrobat Distiller 3.01 for Windows,ACOMP.exe V010   29-JUL-99,1999-11-03,6,38,,False,True,True,0,0,0,0
038310.pdf,038,ok,3558795,Acrobat PDFWriter 5.0 for Windows NT,QuarkXPress (tm) - [WinterQ.qxd],2003-06-18,1,99,,False,True,True,0,2,0,2
038312.pdf,038,ok,35565,Acrobat Distiller 6.0.1 (Windows),PScript5.dll Version 5.2,2007-01-16,0,,,False,True,True,0,0,0,0
038313.pdf,038,ok,84008,Acrobat PDFWriter 4.0 for Windows NT,WordPerfect 9 - [D:\internet\BCP\funeral\Comment A-76 - FAMSA corrected.wpd],1999-09-28,4,135,,False,True,True,0,2,0,2
038314.pdf,038,ok,520753,Acrobat Distiller 6.0 (Windows),PScript5.dll Version 5.2.2,2004-11-09,1,1,,False,True,True,0,0,0,0
038316.pdf,038,ok,37849,Acrobat Distiller 6.0 (Windows),PScript5.dll Version 5.2.2,2009-01-22,2,51,,False,True,True,0,2,0,2
038317.pdf,038,ok,46369,Corel PDF Engine Version 11.2.0.602,Print Server 120,2007-04-18,0,,,False,False,True,0,0,0,0
038319.pdf,038,ok,35808,Acrobat Distiller 5.0 (Windows),ACOMP.exe   WinVer 1a68  0ct 09 2002,2005-11-04,3,10,,False,True,True,0,0,0,0
038321.pdf,038,ok,154273,Acrobat Distiller 4.0 for Windows,Microsoft Word 8.0,2001-12-09,6,1299,,False,True,True,0,2,0,2
038322.pdf,038,ok,18345,Acrobat Distiller 7.0.5 (Windows),Acrobat PDFMaker 7.0.7 for Word,2007-11-06,1,1,,False,True,True,0,0,0,0
038326.pdf,038,ok,57602,Acrobat PDFWriter 4.05 for Windows NT,thomas_marshall.doc - Microsoft Word,2002-09-19,0,,,False,True,True,0,0,0,0
038327.pdf,038,ok,52187,Acrobat Distiller 7.0 (Windows),PScript5.dll Version 5.2.2,2005-11-09,1,5,,False,True,True,0,0,0,0
038332.pdf,038,ok,133657,Acrobat Distiller 7.0 (Windows),Acrobat PDFMaker 7.0 for Word,2005-10-07,0,,,False,True,True,0,0,0,0
038333.pdf,038,ok,49295,Acrobat Distiller 5.0 (Windows),PScript5.dll Version 5.2,2002-11-05,0,,,False,True,True,0,0,0,0
038336.pdf,038,ok,51984,Acrobat Distiller 4.05 for Windows,AdobePS5.dll Version 5.1.1,2000-09-02,0,,,False,True,True,0,0,0,0
038337.pdf,038,ok,78828,Mac OS X 10.4.7 Quartz PDFContext,Word,2006-09-21,0,,invoice:bill to,True,True,True,2,0,1,3
033693.pdf,033,ok,18638,Acrobat Distiller 4.0 for Windows,,2001-11-27,0,,,False,True,True,0,0,0,0
033694.pdf,033,ok,61296,Acrobat Distiller 4.0 for Windows,ACOMP.exe   WinVer 1c15  Aug 31 2005,2008-05-15,15,1,,False,True,True,0,0,0,0
033695.pdf,033,ok,3973555,Acrobat Distiller 5.0 (Windows),PScript5.dll Version 5.2,2001-06-13,0,,,False,True,True,0,0,0,0
033696.pdf,033,ok,238134,Acrobat Distiller 7.0.5 (Windows),PScript5.dll Version 5.2,2007-07-27,0,,,False,True,True,0,0,0,0
033697.pdf,033,ok,49329,Acrobat Distiller 4.0 for Windows,,2004-03-30,3,972,,False,True,True,0,2,0,2
033698.pdf,033,ok,1366475,Acrobat Distiller 7.0.5 (Windows),PScript5.dll Version 5.2,2008-01-28,0,,,False,True,True,0,0,0,0
033699.pdf,033,ok,41383,,,,40,,,False,False,True,0,0,0,0
033700.pdf,033,ok,26984,Acrobat Net Distiller 1.0 for Windows,,2000-04-27,9,1939,,False,True,True,0,2,0,2
033701.pdf,033,ok,394062,Acrobat Distiller 4.0 for Windows,,2002-07-05,18,1,,False,True,True,0,0,0,0
033702.pdf,033,ok,112062,Acrobat Distiller 6.0 (Windows),PScript5.dll Version 5.2,2005-03-02,3,189,,False,True,True,0,2,0,2
033703.pdf,033,ok,373983,Acrobat Distiller 7.0.5 (Windows),Acrobat PDFMaker 7.0.7 for Excel,2006-11-20,0,,,False,True,True,0,0,0,0
033704.pdf,033,ok,2310543,Acrobat Distiller 7.0 (Windows),Acrobat PDFMaker 7.0 for PowerPoint,2006-04-05,0,,,False,True,True,0,0,0,0
033705.pdf,033,ok,297400,Adobe PDF Library 5.0,Adobe InDesign 2.0.2,2007-03-14,0,,,False,False,True,0,0,0,0
033706.pdf,033,ok,50281,Acrobat Distiller 6.0.1 (Windows),Acrobat PDFMaker 6.0 for Word,2005-03-02,0,,,False,True,True,0,0,0,0
033707.pdf,033,ok,79782,Acrobat Distiller 6.0 (Windows),PScript5.dll Version 5.2,2004-11-17,4,3678,,False,True,True,0,2,0,2
033708.pdf,033,ok,2509514,Acrobat PDFWriter 4.05 for Windows,Microsoft PowerPoint ,2001-02-20,1,8,,False,True,True,0,0,0,0
033710.pdf,033,ok,134249,Acrobat Distiller 8.1.0 (Windows),Acrobat PDFMaker 8.1 for PowerPoint,2008-03-14,0,,,False,True,True,0,0,0,0
033711.pdf,033,ok,11807,Acrobat Distiller 8.1.0 (Windows),PScript5.dll Version 5.2.2,2007-08-02,0,,,False,True,True,0,0,0,0
033712.pdf,033,ok,105458,Corel PDF Engine Version 9.654,POP90,2002-08-26,0,,,False,False,True,0,0,0,0
033713.pdf,033,ok,750766,Acrobat Distiller 6.0.1 (Windows),Acrobat PDFMaker 6.0 for Word,2005-07-20,0,,,False,True,True,0,0,0,0
038350.pdf,038,ok,80769,Acrobat Distiller 5.0 (Windows),PScript5.dll Version 5.2.2,2007-04-01,1,2617,,False,True,True,0,2,0,2
038352.pdf,038,ok,25750,ECMP5,VERSACOMP R05.2,,7,,,False,False,True,0,0,0,0
038354.pdf,038,ok,232014,Acrobat Distiller 6.0 (Windows),PScript5.dll Version 5.2,2004-05-27,2,15,,False,True,True,0,0,0,0
038355.pdf,038,ok,1368596,Photoshop PDF Plug-in 1.0,捁潲慢⁴⸳‰慃瑰牵汐杵椭n,1998-12-21,0,,,False,True,True,0,0,0,0
038359.pdf,038,ok,159066,Corel PDF Engine Version 10.990,Print Server 100,2006-07-13,8,1,,False,False,True,0,0,0,0
038363.pdf,038,ok,188927,Acrobat Distiller 6.0.1 (Windows),Acrobat PDFMaker 6.0 for Word,2007-11-21,0,,,False,True,True,0,0,0,0
038368.pdf,038,ok,379823,Acrobat PDFWriter 2.01 for Windows,C:\DATA\HT\HEAR\GI102395.WPD,1996-06-17,3,239,,False,True,True,0,2,0,2
038375.pdf,038,ok,69532,Acrobat Distiller 4.0 for Windows,,2002-03-22,33,130,,False,True,True,0,2,0,2
038376.pdf,038,ok,11084,Acrobat Distiller 4.05 for Windows,,2002-07-22,2,2,,False,True,True,0,0,0,0
038398.pdf,038,ok,179415,Acrobat Distiller 7.0 (Windows),PScript5.dll Version 5.2,2007-04-12,0,,,False,True,True,0,0,0,0
038402.pdf,038,ok,45407,Acrobat Distiller 8.1.0 (Windows),Acrobat PDFMaker 8.1 for Word,2008-11-03,1,62,,False,True,True,0,2,0,2
038404.pdf,038,ok,221995,Acrobat Distiller 6.0 (Windows),PScript5.dll Version 5.2,2005-01-10,5,284,,False,True,True,0,2,0,2
038405.pdf,038,ok,47834,Acrobat Distiller 7.0.5 (Windows),PScript5.dll Version 5.2.2,2008-08-06,6,1,,False,True,True,0,0,0,0
038407.pdf,038,ok,4022802,ScanSoft PDF Create! 3,Microsoft Word - 4_7 CRT Hydro-WQ 110107.doc,2007-11-07,6,7,,False,True,True,0,0,0,0
038418.pdf,038,ok,73901,Acrobat PDFWriter 2.0 for Windows,R:DATAWDT...WRKSHOP1.WPD      [PFP#282296036],1998-02-27,0,,,False,True,True,0,0,0,0
038434.pdf,038,ok,242954,Acrobat PDFWriter 3.0 for Power Macintosh,Microsoft Word,1997-07-28,0,,,False,True,True,0,0,0,0
038436.pdf,038,ok,2035225,Acrobat Distiller 8.1.0 (Windows),Acrobat PDFMaker 8.1 for Word,2007-11-17,0,,,False,True,True,0,0,0,0
038444.pdf,038,ok,107690,Acrobat Distiller 5.0 (Windows),,2002-06-14,12,1,,False,True,True,0,0,0,0
038446.pdf,038,ok,699844,Acrobat Distiller 5.0.5 (Windows),,2003-04-08,0,,,False,True,True,0,0,0,0
038447.pdf,038,ok,542216,Corel PDF Engine Version 9.395,POP90,2002-07-01,2,746,,False,False,True,0,2,0,2
038491.pdf,038,ok,3979635,Acrobat Distiller 5.0.5 (Windows),Adobe PageMaker 7.0,2002-07-04,0,,,False,True,True,0,0,0,0
038492.pdf,038,ok,4576198,Acrobat Distiller 5.0.5 (Windows),Adobe PageMaker 7.0,2002-06-21,0,,,False,True,True,0,0,0,0
038494.pdf,038,ok,915532,JAWS PDFLib,activePDF Server,2005-08-02,13,8,,False,False,True,0,0,0,0
038497.pdf,038,ok,15351,Acrobat Distiller 7.0.5 (Windows),PScript5.dll Version 5.2,2008-03-05,0,,,False,True,True,0,0,0,0
038498.pdf,038,ok,1171933,Acrobat Distiller 4.05 for Macintosh,QuarkXPress(tm) 4.1,2004-02-18,5,1,,False,True,True,0,0,0,0
038504.pdf,038,ok,691273,Acrobat Distiller 8.1.0 (Windows),PScript5.dll Version 5.2.2,2008-07-03,0,,,False,True,True,0,0,0,0
038505.pdf,038,ok,702736,Acrobat PDFWriter 4.05 for Windows,Microsoft PowerPoint ,2002-04-23,1,176,,False,True,True,0,2,0,2
038507.pdf,038,ok,594761,Acrobat PDFWriter 4.05 for Windows NT,Final Report.doc - Microsoft Word,2002-09-16,1,378,,False,True,True,0,2,0,2
038508.pdf,038,ok,691081,Acrobat Distiller 7.0.5 (Windows),Acrobat PDFMaker 7.0.5 for PowerPoint,2007-06-11,0,,,False,True,True,0,0,0,0
038510.pdf,038,ok,304578,Acrobat Distiller 5.0 (Windows),PScript5.dll Version 5.2,2002-07-16,0,,,False,True,True,0,0,0,0
038511.pdf,038,ok,159764,Acrobat Distiller 5.0 (Windows),PScript5.dll Version 5.2,2003-10-21,0,,,False,True,True,0,0,0,0
038512.pdf,038,ok,97376,Acrobat Distiller 5.0.5 for Macintosh,QuarkXPressª 4.11: LaserWriter 8 8.7.1,2002-06-26,0,,,False,True,True,0,0,0,0
038513.pdf,038,ok,262717,Acrobat Distiller 7.0.5 (Windows),Acrobat PDFMaker 7.0.5 for PowerPoint,2007-12-27,5,17,,False,True,True,0,0,0,0
038514.pdf,038,ok,1182398,Acrobat Distiller 6.0.1 for Macintosh,,2005-11-23,8,11,,False,True,True,0,0,0,0
038515.pdf,038,ok,57227,Acrobat Distiller 5.0.5 for Macintosh,QuarkXPressª: LaserWriter 8 8.7.1,2002-04-23,1,14,,False,True,True,0,0,0,0
038516.pdf,038,ok,5076085,QuarkXPress(tm) 6.5,QuarkXPress(tm) 6.5,2006-12-14,0,,,False,False,True,0,0,0,0
038517.pdf,038,ok,169702,Acrobat Distiller 3.01 for Windows,,,0,,,False,True,True,0,0,0,0
038518.pdf,038,ok,130263,GNU Ghostscript 6.52,,,0,,,False,False,True,0,0,0,0
038519.pdf,038,ok,77149,Acrobat Distiller 2.1 for Macintosh,,1999-02-08,0,,,False,True,True,0,0,0,0
038520.pdf,038,ok,742768,Acrobat Distiller 5.0.5 (Windows),PScript5.dll Version 5.2.2,2006-06-07,0,,,False,True,True,0,0,0,0
038448.pdf,038,ok,484124,Acrobat Distiller 4.05 for Macintosh,FrameMaker 5.5.6,2001-01-17,0,,,False,True,True,0,0,0,0
038449.pdf,038,ok,1289571,Acrobat Distiller 5.00 for Macintosh,FrameMaker+SGML 5.5 PowerPC: LaserWriter 8 8.7,2001-08-02,1,87,,False,True,True,0,2,0,2
038450.pdf,038,ok,324720,Acrobat PDFWriter 5.0 for Windows NT,Corel WordPerfect - [A:\01027WOR.WP],2002-02-05,1,467,,False,True,True,0,2,0,2
038457.pdf,038,ok,28725,Acrobat Distiller 8.0.0 (Windows),PScript5.dll Version 5.2.2,2007-07-17,10,1,,False,True,True,0,0,0,0
038458.pdf,038,ok,54098,Acrobat Distiller 6.0 (Windows),PScript5.dll Version 5.2,2006-11-17,16,788,,False,True,True,0,2,0,2
038459.pdf,038,ok,3626954,Acrobat PDFWriter 5.0 for Windows NT,2002ProgDescrip7-26-02-Final - Microsoft Word,2002-08-21,0,,,False,True,True,0,0,0,0
038460.pdf,038,ok,70379,,XPP,2003-03-13,18,81,,False,False,True,0,2,0,2
038461.pdf,038,ok,185762,www.adlibsoftware.com:EXS3181-Windows 2003:TNG,MS Office Data (Ole & BIFF),2007-12-03,3,830,,False,False,True,0,2,0,2
038462.pdf,038,ok,690628,PDFlib 5.0.3 (C++/Win32),,2006-07-11,0,,,False,False,True,0,0,0,0
038463.pdf,038,ok,301464,Acrobat Distiller 8.0.0 (Windows),PScript5.dll Version 5.2.2,2007-07-17,33,1,,False,True,True,0,0,0,0
038464.pdf,038,ok,265303,Corel PDF Engine Version 9.543,POP90,2000-10-13,3,4,,False,False,True,0,0,0,0
038465.pdf,038,ok,144506,Acrobat Distiller 7.0.5 (Windows),Acrobat PDFMaker 7.0.5 for Word,2006-11-09,1,294,,False,True,True,0,2,0,2
038466.pdf,038,ok,137248,Acrobat Distiller 6.0.1 for Macintosh,Adobe InDesign CS (3.0.1),2007-10-25,2,3265,,False,True,True,0,2,0,2
038467.pdf,038,ok,96613,Acrobat Distiller 8.1.0 (Windows),Acrobat PDFMaker 8.1 for Word,2008-06-03,1,1105,,False,True,True,0,2,0,2
038468.pdf,038,ok,121374,Acrobat Distiller 8.1.0 (Windows),PScript5.dll Version 5.2.2,2008-12-04,1,1289,,False,True,True,0,2,0,2
038469.pdf,038,ok,2073825,Acrobat Distiller 5.0.5 (Windows),ACOMP.exe V010   11-MAY-2000,2003-03-17,8,1,,False,True,True,0,0,0,0
038482.pdf,038,ok,87860,Corel PDF Engine Version 11.4.0.100,PrintServer130,2007-09-11,2,1,,False,False,True,0,0,0,0
038487.pdf,038,ok,183458,Acrobat Distiller 6.0 (Windows),PScript5.dll Version 5.2,2004-04-29,0,,,False,True,True,0,0,0,0
038489.pdf,038,ok,2518145,,,,0,,,False,False,True,0,0,0,0
038490.pdf,038,ok,127202,Acrobat Net Distiller 1.0 for Windows,,1999-12-28,30,1148,,False,True,True,0,2,0,2
038521.pdf,038,ok,178354,Acrobat Distiller 8.1.0 (Windows),Acrobat PDFMaker 8.1 for Word,2008-08-05,0,,,False,True,True,0,0,0,0
038522.pdf,038,ok,356142,,XPP,2002-05-22,4,90,,False,False,True,0,2,0,2
038523.pdf,038,ok,829002,Acrobat Distiller 5.0.5 (Windows),ADOBEPS4.DRV Version 4.50,2004-06-07,0,,,False,True,True,0,0,0,0
038524.pdf,038,ok,511126,Acrobat PDFWriter 3.02 for Windows,O:CR,,0,,,False,True,True,0,0,0,0
038525.pdf,038,ok,572770,Acrobat Distiller 3.01 for Windows,PSCRIPT.DRV Version 4.0,1999-03-01,0,,,False,True,True,0,0,0,0
038526.pdf,038,ok,153082,Acrobat Distiller 4.0 for Windows,,2000-09-12,4,127,,False,True,True,0,2,0,2
038527.pdf,038,ok,2413475,Acrobat Distiller 6.0 (Windows),PScript5.dll Version 5.2,2005-09-16,5,1,,False,True,True,0,0,0,0
038528.pdf,038,ok,434841,Acrobat PDFWriter 3.02 for Windows,O:CR,,0,,,False,True,True,0,0,0,0
038529.pdf,038,ok,233027,EOL Universal Printer,,,15,,invoice:remit to,True,False,True,0,0,0,0
038530.pdf,038,ok,391939,Acrobat Distiller 8.1.0 (Windows),Acrobat PDFMaker 8.1 for Word,2008-08-12,1,247,,False,True,True,0,2,0,2
038531.pdf,038,ok,32261,Acrobat Distiller 4.0 for Windows,,2003-12-18,10,0,,False,True,True,0,0,0,0
038532.pdf,038,ok,41153,Acrobat Distiller 4.0 for Windows,,2003-05-16,14,1,,False,True,True,0,0,0,0
038533.pdf,038,ok,214494,Acrobat Distiller 7.0.5 (Windows),PScript5.dll Version 5.2.2,2006-06-29,40,206,,False,True,True,0,2,0,2
038534.pdf,038,ok,140690,pdfTeX100.a,LaTeX with hyperref package,2002-11-22,0,,,False,False,True,0,0,0,0
038616.pdf,038,ok,54344,Corel PDF Engine Version 11.4.0.100,PrintServer130,2007-11-02,8,185,,False,False,True,0,2,0,2
038617.pdf,038,ok,47583,Acrobat Distiller 4.0 for Windows,,2003-03-06,2,413,,False,True,True,0,2,0,2
038618.pdf,038,ok,175257,Acrobat Distiller 5.0.5 (Windows),ACOMP.exe   WinVer 1c9  Aug 04 2004,2005-01-05,10,24,,False,True,True,0,0,0,0
038619.pdf,038,ok,431071,Acrobat Distiller 8.1.0 (Windows),PScript5.dll Version 5.2.2,2007-11-30,1,122,,False,True,True,0,2,0,2
038620.pdf,038,ok,533853,Acrobat Distiller 5.0 (Windows),Acrobat PDFMaker 5.0 for Word,2004-03-03,1,51,,False,True,True,0,2,0,2
038621.pdf,038,ok,151448,Corel PDF Engine Version 9.320,POP90,2003-08-04,12,377,,False,False,True,0,2,0,2
038717.pdf,038,ok,212060,Acrobat Distiller 3.02 for Power Macintosh,Adobe PageMaker 6.5,2001-01-25,5,1,,False,True,True,0,0,0,0
038718.pdf,038,ok,717812,GNU Ghostscript 7.06,PScript5.dll Version 5.2,2005-04-06,0,,,False,False,True,0,0,0,0
038719.pdf,038,ok,285659,Acrobat Distiller Daemon 3.01 for Solaris 2.3 and later (SPARC),"dvips 5.58 Copyright 1986, 1994 Radical Eye Software",,13,,,False,True,True,0,0,0,0
038720.pdf,038,ok,1025319,Corel PDF Engine Version 9.398,POP90,2000-02-29,0,,,False,False,True,0,0,0,0
038721.pdf,038,ok,520195,Acrobat Distiller 7.0.5 (Windows),Acrobat PDFMaker 7.0.7 for Word,2008-04-24,0,,,False,True,True,0,0,0,0
038722.pdf,038,ok,664195,Acrobat Distiller 4.05 for Macintosh,QuarkXPress(tm) 4.1,2001-03-21,4,1,,False,True,True,0,0,0,0
038723.pdf,038,ok,1066837,Acrobat Distiller 4.05 for Macintosh,QuarkXPress(tm) 4.1,2003-09-04,6,0,,False,True,True,0,0,0,0
038724.pdf,038,ok,189001,Acrobat Distiller 7.0.5 (Windows),Acrobat PDFMaker 7.0.7 for Word,2007-10-23,2,155,,False,True,True,0,2,0,2
038726.pdf,038,ok,3776123,Acrobat Distiller 5.0.5 for Macintosh,PowerPoint: cgpdftops CUPS filter,2003-09-26,0,,,False,True,True,0,0,0,0
038727.pdf,038,ok,853505,Adobe PDF library 8.00,Adobe Illustrator CS3,2008-09-19,2,757,,False,False,True,0,2,0,2
038728.pdf,038,ok,2776898,Acrobat Distiller 5.0.5 for Macintosh,PowerPoint: cgpdftops CUPS filter,2003-09-26,4,10,,False,True,True,0,0,0,0
038773.pdf,038,ok,69320,Acrobat Distiller 6.0.1 (Windows),Acrobat PDFMaker 6.0 for Word,2006-08-25,0,,,False,True,True,0,0,0,0
038785.pdf,038,ok,368023,Acrobat PDFWriter 2.01 for Windows,zxq82e0.tmp,1997-08-12,1,1770,,False,True,True,0,2,0,2
038786.pdf,038,ok,147199,Acrobat Distiller 6.0.1 (Windows),PScript5.dll Version 5.2,2004-06-22,4,113,,False,True,True,0,2,0,2
038787.pdf,038,ok,692769,Acrobat PDFWriter 2.01 for Windows,xijf0c0.tmp,1997-07-09,5,122,,False,True,True,0,2,0,2
038788.pdf,038,ok,161602,Acrobat Distiller 5.0 (Windows),Acrobat PDFMaker 5.0 for Word,2002-02-07,0,,,False,True,True,0,0,0,0
038789.pdf,038,ok,56838,Acrobat Distiller 5.0.5 (Windows),Adobe PageMaker 7.0,2002-09-03,0,,,False,True,True,0,0,0,0
038790.pdf,038,ok,478976,Acrobat Distiller 5.0.5 (Windows),AdobePS5.dll Version 5.2,2003-04-09,0,,,False,True,True,0,0,0,0
038791.pdf,038,ok,1951124,Acrobat Distiller 4.05 for Windows,,2000-08-30,0,,,False,True,True,0,0,0,0
038792.pdf,038,ok,868181,Acrobat Distiller 3.01 for Windows,Windows NT 4.0,,0,,,False,True,True,0,0,0,0
038622.pdf,038,ok,82280,Corel PDF Engine Version 11.410,Print Server 110,2006-01-12,10,86,,False,False,True,0,2,0,2
038623.pdf,038,ok,322916,Acrobat Distiller 8.1.0 (Windows),PScript5.dll Version 5.2.2,2008-05-01,0,,,False,True,True,0,0,0,0
038624.pdf,038,ok,81129,Corel PDF Engine Version 9.654,POP90,2004-09-13,7,1,,False,False,True,0,0,0,0
038626.pdf,038,ok,179488,Acrobat Distiller 3.0 for Power Macintosh,,1998-07-27,0,,,False,True,True,0,0,0,0
038627.pdf,038,ok,28999,Acrobat PDFWriter 2.0 for Macintosh,QuarkXPress®,1996-03-28,0,,,False,True,True,0,0,0,0
038628.pdf,038,ok,143247,Acrobat Distiller 5.0.5 (Windows),"InControl Productions, Inc.",2007-08-27,0,,,False,True,True,0,0,0,0
038632.pdf,038,ok,1679807,Acrobat Distiller 7.0 (Windows),Adobe Illustrator CS2,2008-01-31,2,60,,False,True,True,0,2,0,2
038633.pdf,038,ok,67872,Corel PDF Engine Version 9.654,POP90,2008-07-24,0,,,False,False,True,0,0,0,0
038635.pdf,038,ok,501992,Acrobat Distiller 8.1.0 (Windows),PScript5.dll Version 5.2.2,2008-05-01,0,,,False,True,True,0,0,0,0
038636.pdf,038,ok,703205,Acrobat Distiller 8.1.0 (Windows),Adobe PageMaker 7.0,2008-01-07,0,,,False,True,True,0,0,0,0
038637.pdf,038,ok,385116,Acrobat Distiller 2.1 for Windows,,1996-12-09,0,,,False,True,True,0,0,0,0
038639.pdf,038,ok,450754,Acrobat Distiller 4.05 for Macintosh,PageMaker 6.5,2000-11-03,0,,,False,True,True,0,0,0,0
038640.pdf,038,ok,2959003,Acrobat Distiller 5.0.5 (Windows),Adobe PageMaker 7.0,2007-10-29,2,66,,False,True,True,0,2,0,2
038641.pdf,038,ok,465136,Acrobat Distiller 5.0.5 for Macintosh,PageMaker 6.5,2002-07-22,0,,,False,True,True,0,0,0,0
038642.pdf,038,ok,1247120,Mac OS X 10.4.11 Quartz PDFContext,,2008-08-29,1,219,,False,False,True,0,2,0,2
038643.pdf,038,ok,241526,Adobe PDF Library 6.0,Adobe InDesign CS (3.0),2007-04-18,1,256,,False,False,True,0,2,0,2
038644.pdf,038,ok,75906,Acrobat Distiller Daemon 3.02b for Solaris 2.3 and later (SPARC),Parlance Publisher 5.0/(Xyvision Postscript Formatter) 3.0 3,2000-08-08,2,79,,False,True,True,0,2,0,2
038645.pdf,038,ok,1010879,,XPP,2005-05-11,3,50,,False,False,True,0,2,0,2
038646.pdf,038,ok,162755,Acrobat Distiller 3.01 for Windows,"dvips 5.58 Copyright 1986, 1994 Radical Eye Software",,0,,,False,True,True,0,0,0,0
038647.pdf,038,ok,214030,Acrobat Distiller 8.1.0 (Windows),Acrobat PDFMaker 8.1 for Word,2007-11-15,6,1,,False,True,True,0,0,0,0
038845.pdf,038,ok,1051037,Acrobat Distiller 8.1.0 (Windows),PScript5.dll Version 5.2.2,2008-11-20,0,,,False,True,True,0,0,0,0
038857.pdf,038,ok,290587,Acrobat Distiller 3.02 for Power Macintosh,Adobe PageMaker 6.0,1999-06-08,0,,,False,True,True,0,0,0,0
038859.pdf,038,ok,240911,Acrobat Distiller 5.0.5 (Windows),Acrobat PDFMaker 5.0 for Word,2005-03-14,0,,,False,True,True,0,0,0,0
038862.pdf,038,ok,550214,Acrobat Distiller 2.1 for Power Macintosh,Adobe PageMaker 6.0,1997-04-25,0,,,False,True,True,0,0,0,0
038868.pdf,038,ok,489796,Acrobat Distiller 6.0.1 (Windows),Acrobat PDFMaker 6.0 for Word,2006-09-15,1,120,,False,True,True,0,2,0,2
038870.pdf,038,ok,325092,Acrobat Distiller 5.0 (Windows),Acrobat PDFMaker 5.0 for Word,2002-10-03,1,1,,False,True,True,0,0,0,0
038873.pdf,038,ok,220110,Acrobat Distiller 8.0.0 (Windows),Acrobat PDFMaker 8.0 for Word,2008-09-19,1,460,,False,True,True,0,2,0,2
038879.pdf,038,ok,191149,Acrobat Distiller 8.1.0 (Windows),Acrobat PDFMaker 8.1 for Word,2008-11-03,0,,,False,True,True,0,0,0,0
038892.pdf,038,ok,4142545,Acrobat Distiller 7.0 (Windows),PScript5.dll Version 5.2,2006-01-28,2,2,,False,True,True,0,0,0,0
038895.pdf,038,ok,2572486,verypdf.com Inc (http://www.verypdf.com/),PDFcamp (PDF Writer) v2.1,2005-02-11,0,,,False,False,True,0,0,0,0
038902.pdf,038,ok,91327,Acrobat Distiller 8.1.0 (Windows),Acrobat PDFMaker 8.1 for Word,2008-08-11,0,,,False,True,True,0,0,0,0
038903.pdf,038,ok,160855,Acrobat Distiller 6.0.1 (Windows),,2005-12-14,0,,,False,True,True,0,0,0,0
038904.pdf,038,ok,69631,Acrobat Distiller 7.0.5 (Windows),Acrobat PDFMaker 7.0.7 for Word,2006-09-27,0,,,False,True,True,0,0,0,0
038905.pdf,038,ok,433187,Acrobat Distiller 6.0.1 (Windows),PScript5.dll Version 5.2.2,2005-04-21,0,,,False,True,True,0,0,0,0
038906.pdf,038,ok,60432,Acrobat Distiller 6.0 (Windows),Acrobat PDFMaker 6.0 for Word,2003-12-15,1,1,,False,True,True,0,0,0,0
038907.pdf,038,ok,18167,Acrobat PDFWriter 4.0 for Windows,Accins2.wpd                      [PFP#1201519439],2000-12-18,0,,,False,True,True,0,0,0,0
038908.pdf,038,ok,1168183,Acrobat Distiller 5.0.5 (Windows),AdobePS5.dll Version 5.2,2003-03-14,1,373,,False,True,True,0,2,0,2
038909.pdf,038,ok,195575,Acrobat Distiller 8.1.0 (Windows),Acrobat PDFMaker 8.1 for PowerPoint,2008-08-12,0,,,False,True,True,0,0,0,0
038910.pdf,038,ok,507060,Acrobat Distiller 8.1.0 (Windows),PScript5.dll Version 5.2.2,2008-07-23,1,6468,,False,True,True,0,2,0,2
038911.pdf,038,ok,255100,Acrobat Distiller 5.0.5 (Windows),Acrobat PDFMaker 5.0 for Word,2003-09-15,2,7,,False,True,True,0,0,0,0
038793.pdf,038,ok,740708,Acrobat Distiller 7.0.5 (Windows),FrameMaker 7.2,2008-09-12,0,,,False,True,True,0,0,0,0
038794.pdf,038,ok,2209538,AFPL Ghostscript 8.54,PDFCreator Version 0.9.2,2008-02-19,0,,,False,False,True,0,0,0,0
038807.pdf,038,ok,23499,Acrobat Distiller 4.05 for Windows,Microsoft Word 8.0,2001-05-24,2,549,,False,True,True,0,2,0,2
038808.pdf,038,ok,26543,Acrobat Distiller 6.0.1 (Windows),Acrobat PDFMaker 6.0 for Word,2005-09-19,1,396,,False,True,True,0,2,0,2
038811.pdf,038,ok,67275,Acrobat PDFWriter 3.0 for Windows,Microsoft Word ,,0,,,False,True,True,0,0,0,0
038812.pdf,038,ok,489776,Adobe PDF Library 8.0,Adobe InDesign CS3 (5.0.3),2008-10-16,0,,,False,False,True,0,0,0,0
038813.pdf,038,ok,593458,Microsoft® Office Word 2007,Microsoft® Office Word 2007,2007-05-17,2,15,,False,True,True,0,0,0,0
038814.pdf,038,ok,18018,Acrobat Distiller 7.0.5 (Windows),Acrobat PDFMaker 7.0.7 for Word,2007-09-07,0,,,False,True,True,0,0,0,0
038815.pdf,038,ok,30296,Acrobat Distiller 7.0.5 (Windows),Acrobat PDFMaker 7.0.7 for Word,2008-01-11,0,,,False,True,True,0,0,0,0
038818.pdf,038,ok,1945721,GNU Ghostscript 7.06,PScript5.dll Version 5.2.2,2005-01-06,3,35,,False,False,True,0,0,0,0
038819.pdf,038,ok,246860,Acrobat Distiller 5.0 (Windows),AdobePS5.dll Version 5.2,2005-05-11,3,916,,False,True,True,0,2,0,2
038820.pdf,038,ok,75050,Acrobat PDFWriter 4.05 for Windows,Microsoft Word ,2000-11-06,6,153,,False,True,True,0,2,0,2
038821.pdf,038,ok,82797,Acrobat PDFWriter 3.02 for Windows,R:VOL1_99BORON9999BORON.WPD,,7,,,False,True,True,0,0,0,0
038822.pdf,038,ok,393732,Acrobat Distiller 5.0 (Windows),ADOBEPS4.DRV Version 4.50,2002-03-20,10,280,,False,True,True,0,2,0,2
038823.pdf,038,ok,447853,Acrobat Distiller 4.0 for Windows,,2000-03-02,2,1888,,False,True,True,0,2,0,2
038824.pdf,038,ok,1249990,Acrobat Distiller 6.0 (Windows),Acrobat PDFMaker 6.0 for Word,2006-01-20,3,673,,False,True,True,0,2,0,2
038825.pdf,038,ok,227858,Acrobat Distiller 7.0.5 (Windows),PScript5.dll Version 5.2.2,2008-06-17,3,13,,False,True,True,0,0,0,0
038837.pdf,038,ok,379806,[ClibPDF Library 2.02-r1-1] PrintToPDF 2.1.6,ClarisWorks 5.0Bv1,2001-02-13,0,,,False,False,True,0,0,0,0
038841.pdf,038,ok,687824,Acrobat Distiller 2.1 PE for Windows,Adobe PageMaker 6.0,2001-05-08,0,,,False,True,True,0,0,0,0
038843.pdf,038,ok,29990,Acrobat PDFWriter 4.05 for Windows NT,Testimony.doc - Microsoft Word,2003-02-24,1,0,,False,True,True,0,0,0,0
038648.pdf,038,ok,48190,pdfTeX-0.14h,LaTeX with hyperref package,2005-12-16,0,,,False,False,True,0,0,0,0
038649.pdf,038,ok,337522,Adobe PDF Library 5.0,Adobe InDesign 2.0.2,2005-02-22,0,,,False,False,True,0,0,0,0
038651.pdf,038,ok,398600,pdfTeX-0.14f,TeX,2005-06-20,1,1,,False,False,True,0,0,0,0
038652.pdf,038,ok,554300,Acrobat Distiller 3.0 for Power Macintosh,Adobe PageMaker 6.52,1998-04-23,7,2505,,False,True,True,0,2,0,2
038653.pdf,038,ok,54044,Acrobat Distiller Daemon 3.02b for Solaris 2.3 and later (SPARC),Parlance Publisher 5.0/(Xyvision Postscript Formatter) 3.0 3,2000-03-21,8,13,,False,True,True,0,0,0,0
038654.pdf,038,ok,115015,Adobe PDF Library 6.0,Adobe InDesign CS (3.0.1),2005-03-03,1,1693,,False,False,True,0,2,0,2
038656.pdf,038,ok,628432,Acrobat Distiller 6.0.1 (Windows),XPP,2007-07-16,3,1,,False,True,True,0,0,0,0
038657.pdf,038,ok,1567073,Acrobat Distiller 7.0.5 (Windows),PScript5.dll Version 5.2,2007-08-27,7,247,,False,True,True,0,2,0,2
038702.pdf,038,ok,5037761,NeoOffice 2.2,Impress,2008-09-17,3,577,,False,False,True,0,2,0,2
038703.pdf,038,ok,50538,GNU Ghostscript 7.05,dvips(k) 5.86 Copyright 1999 Radical Eye Software,,0,,,False,False,True,0,0,0,0
038707.pdf,038,ok,51647,Acrobat PDFWriter 4.0 for Power Macintosh,Microsoft Word 5.1a,2001-02-06,0,,,False,True,True,0,0,0,0
038708.pdf,038,ok,700465,Adobe PDF library 5.00,Adobe Illustrator 10.0.3,2008-03-27,3,581,,False,False,True,0,2,0,2
038709.pdf,038,ok,140712,Acrobat Distiller 4.05 for Windows,Microsoft Word 9.0,2004-03-25,1,67,,False,True,True,0,2,0,2
038710.pdf,038,ok,45902,Acrobat Distiller 7.0 (Windows),Acrobat PDFMaker 7.0 for Word,2006-05-12,0,,,False,True,True,0,0,0,0
038711.pdf,038,ok,4382188,Acrobat Distiller 7.0 (Windows),Acrobat PDFMaker 7.0 for Word,2006-06-16,2,28,,False,True,True,0,0,0,0
038712.pdf,038,ok,452016,Acrobat Distiller 3.02 for Power Macintosh,dvips 5.76 Copyright 1997 Radical Eye Software (www.radicaleye.com),2001-02-05,0,,,False,True,True,0,0,0,0
038713.pdf,038,ok,480846,Acrobat Distiller 7.0.5 (Windows),PScript5.dll Version 5.2,2007-08-13,3,0,,False,True,True,0,0,0,0
038714.pdf,038,ok,103694,AFPL Ghostscript 8.11,dvips(k) 5.94a Copyright 2003 Radical Eye Software,2006-06-11,0,,,False,False,True,0,0,0,0
038715.pdf,038,ok,2545541,Acrobat Distiller 5.0.5 (Windows),Acrobat PDFMaker 5.0 for Word,2002-09-03,2,1,,False,True,True,0,0,0,0
038716.pdf,038,ok,181335,AFPL Ghostscript 7.04,dvips(k) 5.86 Copyright 1999 Radical Eye Software,,0,,,False,False,True,0,0,0,0
038937.pdf,038,ok,225496,PDFlib 5.0.3 (C++/Win32),Macromedia FlashPaper 2.02.2302.0,2006-07-24,0,,,False,False,True,0,0,0,0
038938.pdf,038,ok,48428,Acrobat Distiller 4.0 for Windows,ACOMP.exe   WinVer 1c15  Aug 31 2005,2008-07-11,5,1,,False,True,True,0,0,0,0
038939.pdf,038,ok,58317,Acrobat Distiller 4.0 for Windows,ACOMP.exe   WinVer 1c15  Aug 31 2005,2008-07-11,13,1,,False,True,True,0,0,0,0
038940.pdf,038,ok,2221748,Acrobat Distiller 6.0.1 (Windows),Acrobat PDFMaker 6.0 for PowerPoint,2008-03-04,0,,,False,True,True,0,0,0,0
038941.pdf,038,ok,116290,Acrobat Distiller 7.0.5 (Windows),Acrobat PDFMaker 7.0.5 for Word,2006-10-10,1,1306,,False,True,True,0,2,0,2
038942.pdf,038,ok,14629,Acrobat Distiller 7.0 (Windows),Acrobat PDFMaker 7.0 for Word,2006-10-27,2,45,,False,True,True,0,0,0,0
038944.pdf,038,ok,1874586,Acrobat PDFWriter 5.0 for Windows NT,Adobe Acrobat 6.0,2006-03-02,0,,,False,True,True,0,0,0,0
038945.pdf,038,ok,2164038,Acrobat Distiller 6.0.1 (Windows),Acrobat PDFMaker 6.0 for PowerPoint,2008-04-10,0,,,False,True,True,0,0,0,0
038946.pdf,038,ok,476385,Acrobat Distiller 7.0.5 (Windows),PScript5.dll Version 5.2.2,2007-02-08,0,,,False,True,True,0,0,0,0
038947.pdf,038,ok,1722076,Adobe PDF Library 8.0,Adobe InDesign CS3 (5.0.1),2008-07-22,0,,,False,False,True,0,0,0,0
038948.pdf,038,ok,253574,Acrobat Distiller 7.0.5 (Windows),Acrobat PDFMaker 7.0.7 for Word,2007-03-07,1,910,,False,True,True,0,2,0,2
038949.pdf,038,ok,849916,"Etymon PJ 1.10, Copyright (C) 1998-2000 Etymon Systems, Inc. <http://www.etymon.com/>. ",FrameMaker 5.5.6p145,2000-04-06,1,1,,False,False,True,0,0,0,0
038953.pdf,038,ok,269544,Acrobat Distiller 4.0 for Windows,Microsoft Word 9.0,2003-09-03,0,,,False,True,True,0,0,0,0
038963.pdf,038,ok,217022,Acrobat PDFWriter 2.0 for Macintosh,Microsoft Word,1997-10-16,1,255,,False,True,True,0,2,0,2
038964.pdf,038,ok,612730,Acrobat PDFWriter 5.0 for Windows NT,Microsoft PowerPoint - [QAP_SamplesTALK.ppt],2002-03-18,0,,,False,True,True,0,0,0,0
038969.pdf,038,ok,3652220,Acrobat Distiller 6.0 (Windows),Acrobat PDFMaker 6.0 for Word,2007-07-16,0,,,False,True,True,0,0,0,0
038975.pdf,038,ok,477565,Adobe PDF Library 5.0,Adobe InDesign 2.0.2,2004-04-13,1,2295,,False,False,True,0,2,0,2
038981.pdf,038,ok,495443,Acrobat Distiller 7.0.5 (Windows),Acrobat PDFMaker 7.0.5 for Word,2006-09-08,1,162,,False,True,True,0,2,0,2
085000.pdf,085,ok,205019,Acrobat Distiller 7.0 (Windows),Acrobat PDFMaker 7.0 for Word,2006-09-21,0,,,False,True,True,0,0,0,0
085001.pdf,085,ok,112570,Acrobat Distiller 7.0.5 (Windows),PScript5.dll Version 5.2,2006-05-10,15,1,,False,True,True,0,0,0,0
085002.pdf,085,ok,167243,Acrobat Distiller 5.0.5 (Windows),PScript5.dll Version 5.2,2005-08-23,14,134,,False,True,True,0,2,0,2
085003.pdf,085,ok,145951,Microsoft® Office Word 2007,Microsoft® Office Word 2007,2008-05-15,0,,,False,True,True,0,0,0,0
085004.pdf,085,ok,652213,Corel PDF Engine Version 9.654,POP90,2001-09-26,0,,,False,False,True,0,0,0,0
085005.pdf,085,ok,2605502,Acrobat Distiller 6.0.1 (Windows),Acrobat PDFMaker 6.0 for PowerPoint,2005-10-28,1,3,,False,True,True,0,0,0,0
085006.pdf,085,ok,242285,Microsoft® Office Word 2007,Microsoft® Office Word 2007,2008-05-15,0,,,False,True,True,0,0,0,0
085007.pdf,085,ok,8612827,DigiPath,DigiPath,2000-05-10,0,,,False,False,True,0,0,0,0
085075.pdf,085,ok,2814688,Acrobat Distiller 7.0.5 (Windows),Acrobat PDFMaker 7.0.5 for PowerPoint,2007-05-10,0,,,False,True,True,0,0,0,0
085076.pdf,085,ok,317363,Acrobat Distiller 4.05 for Sparc Solaris,,2001-11-13,2,236,,False,True,True,0,2,0,2
085078.pdf,085,ok,350492,Acrobat Distiller 5.0.5 (Windows),PScript5.dll Version 5.2.2,2005-03-31,2,1162,,False,True,True,0,2,0,2
085079.pdf,085,ok,44210,Acrobat Distiller 6.0 (Windows),PScript5.dll Version 5.2.2,2005-11-03,2,1369,,False,True,True,0,2,0,2
085080.pdf,085,ok,722460,Acrobat Distiller 7.0 (Windows),PScript5.dll Version 5.2.2,2007-07-31,0,,,False,True,True,0,0,0,0
085081.pdf,085,ok,1819439,Acrobat Distiller 5.0 (Windows),Acrobat PDFMaker 5.0 for Word,2001-06-02,0,,,False,True,True,0,0,0,0
085082.pdf,085,ok,1945521,Adobe PDF Library 5.0,Adobe InDesign 2.0.2,2003-10-08,1,91,,False,False,True,0,2,0,2
085084.pdf,085,ok,22269,Acrobat Distiller 6.0 (Windows),PScript5.dll Version 5.2.2,2005-06-03,5,95,,False,True,True,0,2,0,2
085085.pdf,085,ok,1938574,Acrobat Distiller 7.0 (Windows),PScript5.dll Version 5.2,2006-04-26,0,,,False,True,True,0,0,0,0
085086.pdf,085,ok,1528951,Acrobat Distiller 7.0 (Windows),PScript5.dll Version 5.2.2,2008-02-15,1,696,,False,True,True,0,2,0,2
085089.pdf,085,ok,1543362,Acrobat Distiller 5.0.5 (Windows),FrameMaker 7.0,2002-08-21,4,2523,,False,True,True,0,2,0,2
085091.pdf,085,ok,3846138,Acrobat Distiller 4.0 for Windows,Microsoft Word 9.0,2001-03-28,1,1,,False,True,True,0,0,0,0
085093.pdf,085,ok,5155493,Adobe PDF Library 4.0,Acrobat Capture 3.0,2003-06-11,0,,,False,True,True,0,0,0,0
085094.pdf,085,ok,414118,Acrobat PDFWriter 3.03 for Windows,Capture Reviewer 2.01,2000-03-27,1,2262,,False,True,True,0,2,0,2
085095.pdf,085,ok,2818792,Acrobat Distiller 8.1.0 (Windows),Acrobat PDFMaker 8.1 for Word,2008-12-08,7,1,,False,True,True,0,0,0,0
085097.pdf,085,ok,48522,Acrobat Distiller 4.0 for Windows,,2004-03-30,7,972,,False,True,True,0,2,0,2
085098.pdf,085,ok,34152,Acrobat Distiller 4.0 for Windows,,2004-03-30,3,972,,False,True,True,0,2,0,2
085099.pdf,085,ok,112191,"Etymon PJ 1.10, Copyright (C) 1998-2000 Etymon Systems, Inc. <http://www.etymon.com/>. ", ,1979-08-10,0,,,False,False,True,0,0,0,0
085101.pdf,085,ok,228203,Adobe PDF Library 7.0,Adobe InDesign CS2 (4.0),2005-12-09,0,,,False,False,True,0,0,0,0
085118.pdf,085,ok,59863,ESP Ghostscript 7.05,,,2,,,False,False,True,0,0,0,0
085146.pdf,085,ok,131656,Acrobat Distiller 6.0 (Windows),PScript5.dll Version 5.2.2,2006-07-05,0,,,False,True,True,0,0,0,0
085147.pdf,085,ok,11271,Acrobat Distiller 6.0 (Windows),PScript5.dll Version 5.2,2005-05-13,1,2,,False,True,True,0,0,0,0
085149.pdf,085,ok,34657,Acrobat Distiller 7.0 (Windows),PScript5.dll Version 5.2,2006-08-03,0,,,False,True,True,0,0,0,0
085151.pdf,085,ok,202875,Acrobat Distiller 7.0 (Windows),PScript5.dll Version 5.2.2,2008-03-31,2,20,,False,True,True,0,0,0,0
085152.pdf,085,ok,142392,Acrobat Distiller 8.0.0 (Windows),PScript5.dll Version 5.2.2,2008-04-17,2,37,,False,True,True,0,0,0,0
085153.pdf,085,ok,48127,Acrobat Distiller 7.0 (Windows),Acrobat PDFMaker 7.0 for Word,2006-08-08,0,,,False,True,True,0,0,0,0
085154.pdf,085,ok,49574,Acrobat Distiller 7.0 (Windows),Acrobat PDFMaker 7.0 for Word,2006-08-08,0,,,False,True,True,0,0,0,0
085156.pdf,085,ok,2017742,Acrobat Distiller 5.0.5 (Windows),PScript5.dll Version 5.2,2004-03-25,6,2,,False,True,True,0,0,0,0
085157.pdf,085,ok,222272,JAWS PDFLib,activePDF Server,2003-08-01,16,1992,,False,False,True,0,2,0,2
085158.pdf,085,ok,119580,Corel PDF Engine Version 11.4.0.100,PrintServer130,2008-03-07,8,1,,False,False,True,0,0,0,0
085159.pdf,085,ok,1367028,Acrobat Distiller 5.0 (Windows),Acrobat PDFMaker 5.0 for Word,2005-12-12,0,,,False,True,True,0,0,0,0
085160.pdf,085,ok,69123,Corel PDF Engine Version 9.654,POP90,2004-10-20,8,1,,False,False,True,0,0,0,0
085161.pdf,085,ok,134594,Acrobat Distiller 8.1.0 (Windows),Acrobat PDFMaker 8.1 for Word,2008-07-21,0,,,False,True,True,0,0,0,0
085162.pdf,085,ok,102620,Acrobat Distiller 8.1.0 (Windows),PScript5.dll Version 5.2,2008-05-29,12,1,,False,True,True,0,0,0,0
085259.pdf,085,ok,2051097,Acrobat Distiller 6.0 (Windows),PScript5.dll Version 5.2,2004-05-05,2,219,,False,True,True,0,2,0,2
085260.pdf,085,ok,719857,Acrobat Distiller 6.0 (Windows),PScript5.dll Version 5.2,2003-12-26,5,5,,False,True,True,0,0,0,0
085261.pdf,085,ok,57994,Acrobat Distiller 7.0.5 (Windows),PScript5.dll Version 5.2.2,2007-06-08,0,,,False,True,True,0,0,0,0
085269.pdf,085,ok,96574,Microsoft® Office Word 2007,Microsoft® Office Word 2007,2008-12-01,0,,,False,True,True,0,0,0,0
085271.pdf,085,ok,4355245,Acrobat Distiller 5.0.5 (Windows),PScript5.dll Version 5.2,2002-11-26,2,58,,False,True,True,0,2,0,2
085272.pdf,085,ok,158224,Acrobat Distiller 7.0 (Windows),Acrobat PDFMaker 7.0 for Word,2006-12-21,2,356,,False,True,True,0,2,0,2
085273.pdf,085,ok,408156,Acrobat Distiller 5.0.5 (Windows),Acrobat PDFMaker 5.0 for Word,2004-12-13,0,,,False,True,True,0,0,0,0
085274.pdf,085,ok,129844,Adobe Acrobat 6.0 Paper Capture,hp scanjet 8200 series TWAIN,2005-04-18,0,,,False,True,True,0,0,0,0
085275.pdf,085,ok,111813,Acrobat Distiller 5.0 (Windows),Acrobat PDFMaker 5.0 for Word,2006-01-17,1,5,,False,True,True,0,0,0,0
085276.pdf,085,ok,672594,Acrobat PDFWriter 3.02 for Windows,June99.wpd,,2,,,False,True,True,0,0,0,0
085277.pdf,085,ok,48873,iText 1.3 by lowagie.com (based on itext-paulo-153),,2009-02-08,0,,,False,False,True,0,0,0,0
085279.pdf,085,ok,226713,Acrobat Distiller 4.05 for Windows,,2000-08-22,5,1436,,False,True,True,0,2,0,2
085280.pdf,085,ok,806943,Acrobat Distiller 4.05 for Windows,Microsoft Word 9.0,2001-10-03,0,,,False,True,True,0,0,0,0
085281.pdf,085,ok,175666,Acrobat Distiller 8.1.0 (Windows),Acrobat PDFMaker 8.1 for Word,2008-09-16,2,261,,False,True,True,0,2,0,2
085283.pdf,085,ok,2198,,"R and OS php pdf writer, http://www.ros.co.nz",2009-02-08,1,1041,,False,False,True,0,2,0,2
085284.pdf,085,ok,242320,Acrobat Distiller 6.0.1 (Windows),PScript5.dll Version 5.2.2,2007-04-30,0,,,False,True,True,0,0,0,0
085285.pdf,085,ok,277641,Acrobat Distiller 7.0 (Windows),PScript5.dll Version 5.2,2006-11-10,1,9,,False,True,True,0,0,0,0
085287.pdf,085,ok,46027,Acrobat Distiller 6.0 (Windows),Acrobat PDFMaker 6.0 for Word,2003-12-02,2,6,,False,True,True,0,0,0,0
085288.pdf,085,ok,273368,Acrobat Distiller 3.01 for Power Macintosh,QuarkXPressª: LaserWriter 8 8.4.3,1999-07-21,0,,,False,True,True,0,0,0,0
085289.pdf,085,ok,83046,Acrobat Distiller 4.0 for Macintosh,QuarkXPressª: LaserWriter 8 8.6,1999-09-16,0,,,False,True,True,0,0,0,0
038912.pdf,038,ok,770320,Acrobat Distiller 6.0 (Windows),Adobe PageMaker 7.0,2007-09-24,2,55,,False,True,True,0,2,0,2
038913.pdf,038,ok,405310,Acrobat Distiller 7.0 (Windows),PScript5.dll Version 5.2.2,2007-08-06,1,18,,False,True,True,0,0,0,0
038914.pdf,038,ok,127387,Acrobat PDFWriter 4.0 for Windows NT,Corel WordPerfect - [C:\PERSONALWEB\NRC\fedworld\working\SECYS-to-post-05072001\SECYS\secy2001-0049\SP01-0049atch4.wpd],2001-05-10,3,962,,False,True,True,0,2,0,2
038915.pdf,038,ok,499196,Acrobat Distiller 5.00 for Macintosh,PageMaker 7.0,2002-03-20,2,287,,False,True,True,0,2,0,2
038916.pdf,038,ok,795451,Acrobat Distiller 8.0.0 (Windows),PScript5.dll Version 5.2,2007-05-21,3,76,,False,True,True,0,2,0,2
038917.pdf,038,ok,799802,Aladdin Ghostscript 6.0,,,0,,,False,False,True,0,0,0,0
038918.pdf,038,ok,49354,Acrobat Distiller 4.0 for Windows,ACOMP.exe   WinVer 1c15  Aug 31 2005,2007-07-12,17,1,,False,True,True,0,0,0,0
038919.pdf,038,ok,48921,Acrobat Distiller 5.0 (Windows),PScript5.dll Version 5.2,2004-07-20,0,,,False,True,True,0,0,0,0
038920.pdf,038,ok,39587,Acrobat Distiller 8.0.0 (Windows),Acrobat PDFMaker 8.0 for Access,2008-01-03,0,,,False,True,True,0,0,0,0
038921.pdf,038,ok,137965,Acrobat Distiller 7.0 (Windows),Acrobat PDFMaker 7.0 for Word,2007-02-20,1,1075,,False,True,True,0,2,0,2
038923.pdf,038,ok,12548,Acrobat Distiller 7.0 (Windows),PScript5.dll Version 5.2,2005-09-14,0,,,False,True,True,0,0,0,0
038924.pdf,038,ok,221618,Acrobat Distiller 7.0 (Windows),Acrobat PDFMaker 7.0 for Word,2007-01-10,1,1,,False,True,True,0,0,0,0
038926.pdf,038,ok,53984,Acrobat Distiller 4.0 for Windows,ACOMP.exe   WinVer 1b43  jul 14 2003,2005-05-06,11,1,,False,True,True,0,0,0,0
038927.pdf,038,ok,43227,Acrobat PDFWriter 3.02 for Windows,Microsoft PowerPoint ,,1,,,False,True,True,0,0,0,0
038929.pdf,038,ok,95674,Acrobat Distiller 7.0.5 (Windows),Acrobat PDFMaker 7.0.7 for Word,2007-08-28,0,,,False,True,True,0,0,0,0
038931.pdf,038,ok,80404,Acrobat Distiller 7.0 (Windows),Acrobat PDFMaker 7.0 for Word,2006-03-30,0,,,False,True,True,0,0,0,0
038933.pdf,038,ok,3495744,Acrobat Distiller 5.0.5 for Macintosh,QuarkXPress.: AdobePS 8.8.0 (301),2003-06-06,1,38,,False,True,True,0,0,0,0
038934.pdf,038,ok,65479,Acrobat Distiller 4.0 for Macintosh,,1999-11-24,0,,,False,True,True,0,0,0,0
038935.pdf,038,ok,557760,Acrobat Distiller 8.1.0 (Windows),PScript5.dll Version 5.2.2,2008-09-22,0,,,False,True,True,0,0,0,0
038936.pdf,038,ok,23413,Acrobat Distiller 6.0 (Windows),Acrobat PDFMaker 6.0 for Word,2007-06-12,0,,,False,True,True,0,0,0,0
085163.pdf,085,ok,40994,Acrobat PDFWriter 3.02 for Windows NT,,2002-04-22,5,131,,False,True,True,0,2,0,2
085164.pdf,085,ok,78321,ECMP5,VERSACOMP R05.2,,6,,,False,False,True,0,0,0,0
085165.pdf,085,ok,306769,Acrobat Distiller 7.0.5 (Windows),Acrobat PDFMaker 7.0.5 for Word,2006-07-19,1,43,,False,True,True,0,0,0,0
085166.pdf,085,ok,109290,Acrobat Distiller 6.0 (Windows),PScript5.dll Version 5.2.2,2006-03-07,2,50,,False,True,True,0,2,0,2
085167.pdf,085,ok,2361344,Acrobat Distiller 4.0 for Macintosh,,2001-04-30,2,0,,False,True,True,0,0,0,0
085220.pdf,085,ok,497209,Acrobat Distiller 6.0.1 (Windows),Acrobat PDFMaker 6.0 for Word,2005-02-10,0,,,False,True,True,0,0,0,0
085226.pdf,085,ok,45459,Acrobat Distiller 8.1.0 (Windows),Acrobat PDFMaker 8.1 for Word,2008-05-23,0,,,False,True,True,0,0,0,0
085229.pdf,085,ok,2070137,Acrobat Distiller 6.0 (Windows),Acrobat PDFMaker 6.0 for Word,2005-12-21,5,6,medical:pathology report,True,True,True,2,0,1,3
085233.pdf,085,ok,1401418,Adobe PDF Library 8.0,Adobe InDesign CS3 (5.0.2),2008-05-05,1,746,,False,False,True,0,2,0,2
085234.pdf,085,ok,1506372,Acrobat Distiller 7.0.5 (Windows),PScript5.dll Version 5.2,2008-06-16,17,295,,False,True,True,0,2,0,2
085239.pdf,085,ok,65091,Acrobat PDFWriter 5.0 for Windows NT,ADR_explanations_2000 - Microsoft Word,2001-10-26,2,392,,False,True,True,0,2,0,2
085240.pdf,085,ok,168784,Acrobat Distiller 7.0 (Windows),FrameMaker 7.1,2002-06-20,0,,,False,True,True,0,0,0,0
085242.pdf,085,ok,22228,Acrobat PDFWriter 4.0 for Windows,Microsoft Word ,2001-03-26,0,,,False,True,True,0,0,0,0
085246.pdf,085,ok,1330696,Acrobat PDFWriter 4.05 for Windows,Microsoft Word ,2002-02-15,2,169,,False,True,True,0,2,0,2
085248.pdf,085,ok,3661833,Acrobat Distiller 7.0 (Windows),PScript5.dll Version 5.2.2,2006-01-30,1,445,,False,True,True,0,2,0,2
085250.pdf,085,ok,1657177,Acrobat Distiller 5.0 (Windows),PScript5.dll Version 5.2,2001-07-10,0,,,False,True,True,0,0,0,0
085252.pdf,085,ok,475857,Normalizer 5.0.5 fmnorm,FrameMaker 7.0,2005-03-29,6,194,,False,False,True,0,2,0,2
085253.pdf,085,ok,566657,Acrobat Distiller 3.01 for Windows,FrameMaker 5.5.6p145,,1,,,False,True,True,0,0,0,0
085254.pdf,085,ok,1898488,,,2007-02-23,0,,,False,False,True,0,0,0,0
085258.pdf,085,ok,5121233,Acrobat Distiller 5.0 (Windows),PScript5.dll Version 5.2,2003-03-11,0,,,False,True,True,0,0,0,0
085290.pdf,085,ok,554000,Adobe PDF Library 6.0,Adobe InDesign CS (3.0),2006-12-05,1,1,,False,False,True,0,0,0,0
085291.pdf,085,ok,179921,Acrobat Distiller 3.02,Microsoft Word 8.0,2001-10-14,0,,,False,True,True,0,0,0,0
085292.pdf,085,ok,93340,Acrobat PDFWriter 2.01 for Windows,WordPerfect ,1998-04-07,6,1332,,False,True,True,0,2,0,2
085293.pdf,085,ok,1978950,GNU Ghostscript 7.06,PScript5.dll Version 5.2.2,2006-07-26,0,,,False,False,True,0,0,0,0
085294.pdf,085,ok,974895,Acrobat Distiller 7.0 (Windows),Acrobat PDFMaker 7.0 for Word,2006-11-30,2,1,,False,True,True,0,0,0,0
085295.pdf,085,ok,8579,Acrobat Distiller 3.01 for Windows,PSCRIPT.DRV Version 4.0,,1,,,False,True,True,0,0,0,0
085296.pdf,085,ok,299281,Microsoft® Office Word 2007,Microsoft® Office Word 2007,2008-09-05,12,58,,False,True,True,0,2,0,2
085297.pdf,085,ok,346022,Acrobat Distiller 7.0 (Windows),Acrobat PDFMaker 7.0 for Publisher,2007-01-24,0,,,False,True,True,0,0,0,0
085298.pdf,085,ok,694531,Acrobat Distiller 5.0.5 for Macintosh,QuarkXPress(tm) 5.01,2004-03-03,0,,,False,True,True,0,0,0,0
085299.pdf,085,ok,48863,Acrobat Distiller 7.0 (Windows),Acrobat PDFMaker 7.0 for Word,2006-09-14,1,2,,False,True,True,0,0,0,0
085300.pdf,085,ok,3828563,Acrobat Distiller 5.0 (Windows),PScript5.dll Version 5.2,2004-07-30,1,171,,False,True,True,0,2,0,2
085301.pdf,085,ok,134406,Acrobat Distiller 5.0.5 for Macintosh,QuarkXPress.: AdobePS 8.7.2 (104),2002-09-13,1,136,,False,True,True,0,2,0,2
085302.pdf,085,ok,135519,Acrobat Distiller 6.0.1 (Windows),PScript5.dll Version 5.2,2008-02-20,0,,,False,True,True,0,0,0,0
085303.pdf,085,ok,172850,Acrobat Distiller 8.1.0 (Windows),Acrobat PDFMaker 8.1 for Word,2008-12-05,3,1,,False,True,True,0,0,0,0
085323.pdf,085,ok,1552304,Acrobat PDFWriter 4.0 for Windows NT,Microsoft Word - all sections.doc,2000-06-12,0,,,False,True,True,0,0,0,0
085329.pdf,085,ok,941062,"Etymon PJ 1.10, Copyright (C) 1998-2000 Etymon Systems, Inc. <http://www.etymon.com/>. ",Acrobat Capture Server 2.01,1996-08-30,8,1,,False,True,True,0,0,0,0
085432.pdf,085,ok,1908941,Acrobat 5.0 Scan Plug-in for Windows,Acrobat 5.0 Scan Plug-in for Windows,2002-11-20,0,,,False,True,True,0,0,0,0
085435.pdf,085,ok,1818247,Acrobat 5.0 Scan Plug-in for Windows,Acrobat 5.0 Scan Plug-in for Windows,2002-11-13,0,,,False,True,True,0,0,0,0
085438.pdf,085,ok,1868014,Adobe PDF Library 8.0,Adobe InDesign CS3 (5.0),2007-08-22,0,,,False,False,True,0,0,0,0
085443.pdf,085,ok,697627,Acrobat Distiller 8.1.0 (Windows),Acrobat PDFMaker 8.1 for Word,2008-08-15,7,31,,False,True,True,0,0,0,0
085552.pdf,085,ok,39646,,XPP,2002-05-06,0,,,False,False,True,0,0,0,0
085553.pdf,085,ok,113035,Corel PDF Engine Version 11.4.0.100,PrintServer130,2006-12-19,1,1,,False,False,True,0,0,0,0
085554.pdf,085,ok,65131,,,2007-11-20,7,1,,False,False,True,0,0,0,0
085555.pdf,085,ok,393485,Hyf PDF Output Library 2.3.0 (Windows),XSL Formatter V3.3 MR1a,2006-02-03,1,5804,,False,False,True,0,2,0,2
085556.pdf,085,ok,155297,Acrobat Distiller 4.05 for Windows,,2000-09-06,4,8,,False,True,True,0,0,0,0
085557.pdf,085,ok,931475,ApogeeX 2.5 Normalizer,PageMaker 7.0,2006-06-09,0,,,False,False,True,0,0,0,0
085558.pdf,085,ok,117059,Acrobat PDFWriter 4.05 for Windows NT,Microsoft Word - 1841-A3.doc,2001-09-19,8,2,,False,True,True,0,0,0,0
085559.pdf,085,ok,64365,Acrobat Distiller 8.0.0 (Windows),PScript5.dll Version 5.2,2008-06-02,0,,,False,True,True,0,0,0,0
085560.pdf,085,ok,1231058,Acrobat Distiller 5.0 (Windows),Acrobat PDFMaker 5.0 for PowerPoint,2005-01-21,0,,,False,True,True,0,0,0,0
085561.pdf,085,ok,55497,GNU Ghostscript 7.07,Aviation Weather Center IFFDP,,0,,,False,False,True,0,0,0,0
085562.pdf,085,ok,25651,Acrobat PDFWriter 3.0 for Windows,F:\APPS\PCDIALS\FSISDIRE20.1,,0,,medical:laboratory report,True,True,True,2,0,1,3
085563.pdf,085,ok,84660,Acrobat Distiller 5.0 (Windows),PScript5.dll Version 5.2,2003-12-03,12,0,,False,True,True,0,0,0,0
085564.pdf,085,ok,30219,Acrobat Distiller 8.1.0 (Windows),,2009-01-20,6,36,,False,True,True,0,0,0,0
085565.pdf,085,ok,71621,Acrobat Distiller 7.0 (Windows),Acrobat PDFMaker 7.0 for Word,2007-03-05,2,3911,,False,True,True,0,2,0,2
085566.pdf,085,ok,46341,Acrobat Distiller 7.0 (Windows),ACOMP.exe   WinVer 1a68  0ct 09 2002,2007-10-16,10,1,,False,True,True,0,0,0,0
085567.pdf,085,ok,70884,Acrobat PDFWriter 3.02 for Windows,C:Program FilesCMCOpinion Processing SQLOpinEditAreaBACON.,,4,,,False,True,True,0,0,0,0
085568.pdf,085,ok,26303,www.adlibsoftware.com:EXS3167-Windows XP,WordPerfect Document,2007-02-21,6,1,,False,True,True,0,0,0,0
085569.pdf,085,ok,370455,US General Accounting Office (GAO),US General Accounting Office (GAO),1996-05-31,1,1,,False,False,True,0,0,0,0
085570.pdf,085,ok,165515,Acrobat Distiller 5.0 (Windows),PScript5.dll Version 5.2,2003-07-15,0,,,False,True,True,0,0,0,0
085571.pdf,085,ok,28565,Acrobat Distiller 4.05 for Windows,,2001-04-16,0,,,False,True,True,0,0,0,0
085444.pdf,085,ok,359307,Acrobat Distiller 6.0 (Windows),Abt Associates Final Report on Stakeholders Evaluation Phase II 5-25-06.doc - Microsoft Word,2006-06-07,1,14,,False,True,True,0,0,0,0
085447.pdf,085,ok,41297,Acrobat Distiller 7.0.5 (Windows),ACOMP.exe   WinVer 1c15  Aug 31 2005,2008-09-04,8,37,,False,True,True,0,0,0,0
085451.pdf,085,ok,36061,Acrobat Distiller 4.0 for Windows,,2004-04-01,2,955,,False,True,True,0,2,0,2
085452.pdf,085,ok,661374,Acrobat Distiller 6.0 (Windows),Acrobat PDFMaker 6.0 for PowerPoint,2005-06-29,0,,,False,True,True,0,0,0,0
085453.pdf,085,ok,423008,Acrobat Distiller 6.0 (Windows),Acrobat PDFMaker 6.0 for PowerPoint,2006-04-24,3,10,,False,True,True,0,0,0,0
085454.pdf,085,ok,2088934,Acrobat Distiller 6.0 (Windows),Acrobat PDFMaker 6.0 for Word,2006-04-12,5,1,,False,True,True,0,0,0,0
085455.pdf,085,ok,3642279,Acrobat Distiller 5.0 (Windows),PScript5.dll Version 5.2,2003-07-02,0,,,False,True,True,0,0,0,0
085456.pdf,085,ok,641766,Acrobat Distiller 2.0 for Macintosh,,2004-04-24,2,1,,False,True,True,0,0,0,0
085457.pdf,085,ok,1092377,Adobe LiveCycle PDFG 7.2,Arbortext Advanced Print Publisher 9.1.450/W,,0,,,False,False,True,0,0,0,0
085458.pdf,085,ok,817056,Acrobat Distiller 3.01 for Power Macintosh,QuarkXPressª 4.03: LaserWriter 8 8.3.3,1999-02-02,0,,,False,True,True,0,0,0,0
085459.pdf,085,ok,565220,Acrobat Distiller 6.0.1 (Windows),Acrobat PDFMaker 6.0 for Word,2006-08-16,2,72,,False,True,True,0,2,0,2
085460.pdf,085,ok,198265,Acrobat Distiller 3.01 for Windows,ADOBEPS4.DRV Version 4.10,1998-12-01,1,608,,False,True,True,0,2,0,2
085461.pdf,085,ok,1125545,Adobe PDF Library 7.0,Adobe InDesign CS2 (4.0.4),2007-03-20,0,,,False,False,True,0,0,0,0
085462.pdf,085,ok,399288,Acrobat Distiller 7.0 (Windows),Acrobat PDFMaker 7.0 for Word,2005-05-24,1,8,,False,True,True,0,0,0,0
085463.pdf,085,ok,2355603,Acrobat PDFWriter 2.01 for Windows,yfda001.tmp,1997-04-23,0,,,False,True,True,0,0,0,0
085464.pdf,085,ok,91001,Acrobat Distiller 5.0.5 (Windows),ACOMP.exe   WinVer 1b43  jul 14 2003,2003-12-01,7,113,,False,True,True,0,2,0,2
085504.pdf,085,ok,315003,Acrobat Distiller 5.0 (Windows),ADOBEPS4.DRV Version 4.50,2002-08-14,9,98,medical:histopathology,True,True,True,2,2,1,5
085548.pdf,085,ok,12105,Acrobat Distiller 5.0 (Windows),PScript5.dll Version 5.2,2004-03-08,7,1,,False,True,True,0,0,0,0
085550.pdf,085,ok,15810,Acrobat Distiller 7.0.5 (Windows),PScript5.dll Version 5.2,2007-10-10,1,1,,False,True,True,0,0,0,0
085551.pdf,085,ok,667647,ApogeeX 2.5 Normalizer,PageMaker 7.0,2006-06-09,0,,,False,False,True,0,0,0,0
085572.pdf,085,ok,392022,Acrobat Distiller 5.0 (Windows),Acrobat PDFMaker 5.0 for Word,2002-10-16,5,1,invoice:bill to,True,True,True,2,0,1,3
085573.pdf,085,ok,132306,Acrobat Distiller 7.0.5 (Windows),Acrobat PDFMaker 7.0.7 for Word,2006-12-04,6,84,,False,True,True,0,2,0,2
085574.pdf,085,ok,157749,Acrobat PDFWriter 3.0 for Windows,rffe69b.tmp,,2,,,False,True,True,0,0,0,0
085576.pdf,085,ok,180080,Acrobat Distiller 7.0.5 (Windows),PScript5.dll Version 5.2.2,2006-10-25,0,,,False,True,True,0,0,0,0
085577.pdf,085,ok,11675,Acrobat PDFWriter 4.05 for Windows NT,Corel WordPerfect - [D:\Ab_QA\Aeronautical Obst Chart\ADS\Word Perfect for PDF Template.wpd],2003-05-02,9,1,,False,True,True,0,0,0,0
085578.pdf,085,ok,77881,Acrobat Distiller 5.0.5 (Windows),PScript5.dll Version 5.2,2003-04-14,5,14,,False,True,True,0,0,0,0
085579.pdf,085,ok,140648,Acrobat Distiller 5.0.5 (Windows),PScript5.dll Version 5.2,2003-05-07,1,8,,False,True,True,0,0,0,0
085580.pdf,085,ok,406374,Acrobat Distiller 7.0.5 (Windows),Acrobat PDFMaker 7.0.7 for Word,2007-02-13,0,,,False,True,True,0,0,0,0
085581.pdf,085,ok,97427,Acrobat Distiller 5.0 (Windows),PScript5.dll Version 5.2.2,2007-09-24,5,376,,False,True,True,0,2,0,2
085582.pdf,085,ok,1340045,Acrobat Distiller 5.0.5 (Windows),Acrobat PDFMaker 5.0 for Word,2003-05-19,0,,,False,True,True,0,0,0,0
085583.pdf,085,ok,135614,Corel PDF Engine Version 10.719,Print Server 100,2004-05-27,5,1,,False,False,True,0,0,0,0
085584.pdf,085,ok,898411,Acrobat Distiller 5.0.5 (Windows),Acrobat PDFMaker 5.0 for Word,2003-01-30,0,,,False,True,True,0,0,0,0
085586.pdf,085,ok,116692,Acrobat Distiller 5.0 (Windows),PScript5.dll Version 5.2,2007-09-24,5,376,,False,True,True,0,2,0,2
085587.pdf,085,ok,116179,Acrobat Distiller 5.0 (Windows),PScript5.dll Version 5.2,2004-12-08,17,0,,False,True,True,0,0,0,0
085588.pdf,085,ok,942629,Acrobat Distiller 3.01 for Power Macintosh,Microsoft Word: LaserWriter 8 8.4.3,1998-06-17,0,,,False,True,True,0,0,0,0
085589.pdf,085,ok,822859,Acrobat Distiller 6.0 (Windows),PScript5.dll Version 5.2,2004-03-31,1,2,,False,True,True,0,0,0,0
085590.pdf,085,ok,61959,Acrobat PDFWriter 4.05 for Windows,Microsoft Word ,2001-03-12,3,2,,False,True,True,0,0,0,0
085593.pdf,085,ok,14120,Acrobat Distiller 7.0.5 (Windows),Acrobat PDFMaker 7.0.7 for Excel,2007-10-02,2,94,,False,True,True,0,2,0,2
085598.pdf,085,ok,728294,Acrobat Distiller 5.00 for Macintosh,PageMaker 6.5,2003-08-04,0,,,False,True,True,0,0,0,0
085601.pdf,085,ok,18965,Acrobat Distiller 4.0 for Windows,,1999-10-28,0,,,False,True,True,0,0,0,0
085851.pdf,085,ok,33089,Acrobat Distiller 3.01 for Windows,PSCRIPT.DRV Version 4.0,,0,,,False,True,True,0,0,0,0
085852.pdf,085,ok,251784,Acrobat Distiller 5.0.5 (Windows),Acrobat PDFMaker 5.0 for Word,2005-01-05,0,,,False,True,True,0,0,0,0
085853.pdf,085,ok,31290,Acrobat PDFWriter 3.02 for Windows,C:\HTSAˇ0ˇ0C02.wpd,,0,,,False,True,True,0,0,0,0
085854.pdf,085,ok,68701,Corel PDF Engine Version 10.990,Print Server 100,2006-07-27,8,1,,False,False,True,0,0,0,0
085855.pdf,085,ok,137289,Acrobat Distiller 8.1.0 (Windows),Acrobat PDFMaker 8.1 for Word,2008-06-16,18,1,,False,True,True,0,0,0,0
085856.pdf,085,ok,3242778,Adobe PDF library 8.00,Adobe Illustrator CS3,2008-10-04,1,38,,False,False,True,0,0,0,0
085857.pdf,085,ok,8669,ScanSoft PDF Create! 3,Microsoft Word - Emerson.doc,2008-09-18,1,1,,False,True,True,0,0,0,0
085858.pdf,085,ok,49724,Acrobat Distiller 5.0 (Windows),PScript5.dll Version 5.2,2005-01-12,1,28,,False,True,True,0,0,0,0
085859.pdf,085,ok,17771,Acrobat PDFWriter 5.0 for Windows NT,WordPerfect 9 - [H:\Data\docs\PDF Files\Cartwright FOF & CCL.wpd (unmodified)],2002-03-29,2,334,,False,True,True,0,2,0,2
085860.pdf,085,ok,335283,Acrobat Distiller 5.0.5 (Windows),Acrobat PDFMaker 5.0 for Word,2003-09-23,2,114,,False,True,True,0,2,0,2
085861.pdf,085,ok,19826,Corel PDF Engine Version 11.4.0.100,PrintServer130,2007-10-26,0,,,False,False,True,0,0,0,0
085862.pdf,085,ok,145668,JAWS PDFLib,activePDF Server,2003-08-01,15,1989,,False,False,True,0,2,0,2
085863.pdf,085,ok,320318,GNU Ghostscript 7.05,PScript5.dll Version 5.2.2,2008-10-15,1,72,,False,False,True,0,2,0,2
085866.pdf,085,ok,576716,Acrobat Distiller 5.0 (Windows),ACOMP.exe V010   11-MAY-2000,2002-04-02,7,1,,False,True,True,0,0,0,0
085867.pdf,085,ok,18825,Acrobat Distiller 7.0 (Windows),PScript5.dll Version 5.2,2005-12-01,0,,,False,True,True,0,0,0,0
085868.pdf,085,ok,49604,Acrobat Distiller 8.1.0 (Windows),PScript5.dll Version 5.2.2,2008-11-10,8,1,,False,True,True,0,0,0,0
085869.pdf,085,ok,43541,Acrobat Distiller 4.05 for Windows,,2003-03-04,2,1,,False,True,True,0,0,0,0
085870.pdf,085,ok,140648,Acrobat Distiller 5.00 for Macintosh, QuarkXPress. 4.11: AdobePS 8.7.2 (104),2001-11-28,0,,,False,True,True,0,0,0,0
085871.pdf,085,ok,274502,Adobe Acrobat 7.05 Paper Capture Plug-in,Adobe Acrobat 7.05,2006-08-23,2,3006,,False,True,True,0,2,0,2
085873.pdf,085,ok,174789,Acrobat Distiller 4.05 for Windows,,2001-12-10,7,11,,False,True,True,0,0,0,0
085606.pdf,085,ok,213133,Acrobat Distiller 5.0 (Windows),PScript5.dll Version 5.2,2003-10-21,4,1,,False,True,True,0,0,0,0
085607.pdf,085,ok,38427,Acrobat Distiller 7.0 (Windows),FrameMaker 7.1,2004-12-17,4,244,,False,True,True,0,2,0,2
085608.pdf,085,ok,25026,Corel PDF Engine Version 10.719,Print Server 100,2004-10-29,2,1,,False,False,True,0,0,0,0
085609.pdf,085,ok,209342,OmniPage Pro 14 http://www.scansoft.com,OmniPage Pro 14 http://www.scansoft.com,2005-07-27,2,9,,False,False,True,0,0,0,0
085612.pdf,085,ok,22355,Acrobat Distiller Command 3.01 for Solaris 2.3 and later (SPARC),FrameMaker 5.5.6.,2000-10-13,2,380,,False,True,True,0,2,0,2
085614.pdf,085,ok,59907,Corel PDF Engine Version 11.4.0.100,PrintServer130,2008-04-03,7,59,,False,False,True,0,2,0,2
085651.pdf,085,ok,591508,Acrobat Distiller 4.0 for Windows,,2000-08-01,4,2,,False,True,True,0,0,0,0
085687.pdf,085,ok,417792,Acrobat PDFWriter 3.02 for Windows NT,,1999-12-09,0,,,False,True,True,0,0,0,0
085692.pdf,085,ok,162095,Acrobat Distiller 5.0.5 (Windows),ACOMP.exe   WinVer 1c15  Aug 31 2005,2006-04-26,14,1,,False,True,False,0,0,0,0
085694.pdf,085,ok,18507,Acrobat Distiller 6.0 (Windows),Acrobat PDFMaker 6.0 for Word,2007-03-27,0,,,False,True,True,0,0,0,0
085696.pdf,085,ok,35746,Acrobat Distiller 7.0 (Windows),PScript5.dll Version 5.2.2,2008-02-01,40,1,,False,True,True,0,0,0,0
085841.pdf,085,ok,426845,Acrobat Distiller 5.0 (Windows),Paragon Publishing Systems,2002-03-23,1,115,,False,True,True,0,2,0,2
085843.pdf,085,ok,4513038,Acrobat Distiller 7.0.5 (Windows),,2007-11-26,4,79,,False,True,True,0,2,0,2
085844.pdf,085,ok,31291,Acrobat PDFWriter 4.05 for Windows,Customs 2001.xls,2001-12-12,0,,,False,True,True,0,0,0,0
085845.pdf,085,ok,4873902,Acrobat Distiller 7.0.5 (Windows),,2008-05-20,5,71,,False,True,True,0,2,0,2
085846.pdf,085,ok,1269386,Acrobat Distiller 5.0 (Windows),PScript5.dll Version 5.2.2,2005-10-04,10,1,,False,True,True,0,0,0,0
085847.pdf,085,ok,39847,,XPP,2002-04-26,0,,,False,False,True,0,0,0,0
085848.pdf,085,ok,60986,Acrobat Distiller 6.0 (Windows),Acrobat PDFMaker 6.0 for Word,2007-01-30,1,5,,False,True,True,0,0,0,0
085849.pdf,085,ok,55377,Acrobat Distiller 3.01 for Windows,PSCRIPT.DRV Version 4.0,,0,,,False,True,True,0,0,0,0
085850.pdf,085,ok,55274,Acrobat Distiller 6.0 (Windows),PScript5.dll Version 5.2,2005-02-22,0,,,False,True,True,0,0,0,0
085874.pdf,085,ok,961526,XÝz,Ø,,0,,,False,False,True,0,0,0,0
085877.pdf,085,ok,193236,Acrobat Distiller 6.0.1 (Windows),Acrobat PDFMaker 6.0 for Word,2005-08-17,0,,,False,True,True,0,0,0,0
085879.pdf,085,ok,116193,Acrobat Distiller 7.0 (Windows),PScript5.dll Version 5.2,2005-09-23,1,184,,False,True,True,0,2,0,2
085881.pdf,085,ok,82412,Corel PDF Engine Version 11.4.0.100,PrintServer130,2008-05-23,7,2,,False,False,True,0,0,0,0
085882.pdf,085,ok,73902,Acrobat Distiller 7.0.5 (Windows),PScript5.dll Version 5.2,2006-07-27,1,11,,False,True,True,0,0,0,0
085884.pdf,085,ok,27218,Acrobat Distiller 8.1.0 (Windows),Acrobat PDFMaker 8.1 for Word,2008-02-08,1,9,,False,True,True,0,0,0,0
085885.pdf,085,ok,456770,Corel PDF Engine Version 11.245,Print Server 110,2004-02-04,6,371,,False,False,True,0,2,0,2
085886.pdf,085,ok,30721,Acrobat Distiller 7.0 (Windows),PScript5.dll Version 5.2.2,2008-07-24,1,35,,False,True,True,0,0,0,0
085961.pdf,085,ok,114502,Corel PDF Engine Version 11.4.0.100,PrintServer130,2008-12-31,1,1,,False,False,True,0,0,0,0
085962.pdf,085,ok,25406,FDFMerge Lite 5.0.4 Windows SPDF_1096+ May  3 2004,ADMSPrintCtl,,3,,,False,False,True,0,0,0,0
085991.pdf,085,ok,559266,Acrobat Distiller 6.0.1 for Macintosh,Adobe Acrobat 6.0,2006-01-25,4,1119,,False,True,True,0,2,0,2
085992.pdf,085,ok,19363,Acrobat Distiller 8.1.0 (Windows),Acrobat PDFMaker 8.1 for Word,2008-02-27,4,1,,False,True,True,0,0,0,0
184010.pdf,184,ok,71834,Acrobat Distiller 5.0.5 (Windows),Acrobat PDFMaker 5.0 for Excel,2005-01-06,0,,,False,True,True,0,0,0,0
184011.pdf,184,ok,68901,Acrobat Distiller 5.0.5 (Windows),Acrobat PDFMaker 5.0 for Excel,2005-01-06,0,,,False,True,True,0,0,0,0
184012.pdf,184,ok,50565,Acrobat Distiller 5.0 (Windows),PScript5.dll Version 5.2,2003-03-04,0,,,False,True,True,0,0,0,0
184013.pdf,184,ok,15080,Acrobat Distiller 8.1.0 (Windows),PScript5.dll Version 5.2.2,2008-10-02,0,,,False,True,True,0,0,0,0
184014.pdf,184,ok,189580,Acrobat PDFWriter 4.0 for Windows NT,Monitoring Manual5_final.doc - Microsoft Word,2002-07-25,0,,,False,True,True,0,0,0,0
184015.pdf,184,ok,39595,Acrobat PDFWriter 4.05 for Windows NT,Microsoft Word - HOBE Animal List.rtf,2003-06-26,0,,,False,True,True,0,0,0,0
184016.pdf,184,ok,332065,Acrobat Distiller 5.0.5 (Windows),AdobePS5.dll Version 5.2.2,2005-05-05,15,1963,,False,True,True,0,2,0,2
184018.pdf,184,ok,93413,Acrobat Distiller 5.0.5 (Windows),Acrobat PDFMaker 5.0 for Word,2003-02-18,0,,,False,True,True,0,0,0,0
184185.pdf,184,ok,2336465,GPL Ghostscript 8.15,PDFCreator Version 0.8.1,2008-02-27,0,,,False,False,True,0,0,0,0
184188.pdf,184,ok,4220083,Acrobat Distiller 5.0.5 (Windows),PScript5.dll Version 5.2,2003-08-25,0,,,False,True,True,0,0,0,0
184190.pdf,184,ok,1003968,Acrobat PDFWriter 4.05 for Windows NT,GrainSept05.doc - Microsoft Word,2005-09-29,1,4,,False,True,True,0,0,0,0
184191.pdf,184,ok,59272,Acrobat Distiller 6.0.1 (Windows),PScript5.dll Version 5.2.2,2006-07-24,4,1,,False,True,True,0,0,0,0
184193.pdf,184,ok,1414901,Acrobat Distiller 5.0.5 for Macintosh,QuarkXPressª 4.1: LaserWriter 8 8.7.1,2004-03-23,0,,,False,True,True,0,0,0,0
184194.pdf,184,ok,33679,Acrobat Distiller 8.1.0 (Windows),PScript5.dll Version 5.2.2,2008-05-12,0,,,False,True,True,0,0,0,0
184195.pdf,184,ok,195855,Acrobat Distiller 5.0 (Windows),PScript5.dll Version 5.2.2,2005-09-15,1,7,,False,True,True,0,0,0,0
184196.pdf,184,ok,939323,Acrobat Distiller 7.0 (Windows),Acrobat PDFMaker 7.0 for PowerPoint,2005-05-31,0,,,False,True,True,0,0,0,0
184197.pdf,184,ok,319667,Acrobat Distiller 8.1.0 (Windows),PScript5.dll Version 5.2,2008-03-05,0,,,False,True,True,0,0,0,0
184198.pdf,184,ok,1203540,Acrobat Distiller 8.1.0 (Windows),PScript5.dll Version 5.2.2,2008-05-12,1,26,,False,True,True,0,0,0,0
184199.pdf,184,ok,88523,Acrobat Distiller 7.0.5 (Windows),PScript5.dll Version 5.2,2006-09-29,12,56,,False,True,True,0,2,0,2
184201.pdf,184,ok,798598,Acrobat Distiller 6.0 (Windows),PScript5.dll Version 5.2,2006-07-25,1,1,,False,True,True,0,0,0,0
184202.pdf,184,ok,102362,Acrobat Distiller 5.0.5 (Windows),PScript5.dll Version 5.2.2,2005-12-20,1,1,,False,True,True,0,0,0,0
184203.pdf,184,ok,177123,Acrobat Distiller 5.0.5 for Macintosh,PageMaker 6.5,2002-10-15,0,,,False,True,True,0,0,0,0
184204.pdf,184,ok,65887,Acrobat Distiller 7.0 (Windows),PScript5.dll Version 5.2,2005-06-16,1,40,,False,True,True,0,0,0,0
184205.pdf,184,ok,129109,QuarkXPress(tm) 6.5,QuarkXPress(tm) 6.5,2008-09-15,0,,,False,False,True,0,0,0,0
184206.pdf,184,ok,281467,Acrobat Distiller 7.0.5 (Windows),Acrobat PDFMaker 7.0.7 for Word,2008-02-04,0,,,False,True,True,0,0,0,0
184207.pdf,184,ok,236993,Acrobat Distiller 6.0 (Windows),PScript5.dll Version 5.2,2005-03-14,0,,,False,True,True,0,0,0,0
184208.pdf,184,ok,18331,Acrobat PDFWriter 3.0 for Windows,E:YRPLAN\FINAL\chapter2.p65,,0,,,False,True,True,0,0,0,0
184209.pdf,184,ok,45739,Mac OS X 10.3.3 Quartz PDFContext,AppleWorks,2004-04-12,1,1,,False,False,True,0,0,0,0
184074.pdf,184,ok,515462,Acrobat Distiller 7.0 (Windows),Acrobat PDFMaker 7.0 for PowerPoint,2007-11-19,0,,,False,True,True,0,0,0,0
184075.pdf,184,ok,218640,Acrobat PDFWriter 4.0 for Windows,WordPerfect 9 - [E:\WordPerfect\selfin~3],2000-05-03,0,,,False,True,True,0,0,0,0
184085.pdf,184,ok,39950,Acrobat Distiller 7.0 (Windows),Acrobat PDFMaker 7.0 for Word,2006-11-13,1,0,,False,True,True,0,0,0,0
184099.pdf,184,ok,106821,Acrobat Distiller 5.0 (Windows),PScript5.dll Version 5.2,2005-07-06,2,6,,False,True,True,0,0,0,0
184100.pdf,184,ok,532258,Acrobat Distiller 5.0 (Windows),Acrobat PDFMaker 5.0 for Word,2003-02-07,1,15,,False,True,True,0,0,0,0
184111.pdf,184,ok,102722,Acrobat Distiller 6.0.1 (Windows),Acrobat PDFMaker 6.0 for Word,2005-06-28,8,7,,False,True,True,0,0,0,0
184122.pdf,184,ok,2501845,Acrobat Distiller 5.0 (Windows),PScript5.dll Version 5.2,2005-12-08,0,,,False,True,True,0,0,0,0
184126.pdf,184,ok,146942,Acrobat Distiller 6.0.1 (Windows),PScript5.dll Version 5.2,2007-09-19,0,,,False,True,True,0,0,0,0
184127.pdf,184,ok,3348748,Acrobat Distiller 7.0 for Macintosh,InDesign: pictwpstops filter 1.0,2006-09-05,0,,,False,True,True,0,0,0,0
184142.pdf,184,ok,571162,Acrobat Distiller 5.0 (Windows),Acrobat PDFMaker 5.0 for Word,2003-02-07,4,58,,False,True,True,0,2,0,2
184146.pdf,184,ok,92106,Acrobat Distiller 6.0 (Windows),PScript5.dll Version 5.2.2,2005-03-11,1,205,,False,True,True,0,2,0,2
184147.pdf,184,ok,290861,Adobe PDF Library 7.0,Adobe InDesign CS2 (4.0.4),2006-12-01,0,,,False,False,True,0,0,0,0
184149.pdf,184,ok,189520,Acrobat Distiller 7.0.5 (Windows),Acrobat PDFMaker 7.0.7 for Word,2007-11-16,3,1478,,False,True,True,0,2,0,2
184150.pdf,184,ok,1104220,Acrobat Distiller 5.0 (Windows),PScript5.dll Version 5.2,2004-02-03,0,,,False,True,True,0,0,0,0
184159.pdf,184,ok,2186803,QuarkXPress(tm) 6.5,QuarkXPress(tm) 6.5,2005-12-12,0,,,False,False,True,0,0,0,0
184160.pdf,184,ok,564358,Acrobat Distiller 5.00 for Macintosh,QuarkXPress(tm) 4.11,2002-01-15,0,,,False,True,True,0,0,0,0
184161.pdf,184,ok,4101346,Acrobat Distiller 7.0.5 for Macintosh,Adobe Acrobat 7.0,2007-11-02,0,,,False,True,True,0,0,0,0
184165.pdf,184,ok,5023131,Adobe PDF Library 8.0,Adobe InDesign CS3 (5.0.4),2008-12-18,0,,,False,False,True,0,0,0,0
184177.pdf,184,ok,204250,Acrobat Distiller 6.0.1 (Windows),Acrobat PDFMaker 6.0 for Word,2007-06-18,0,,,False,True,True,0,0,0,0
184181.pdf,184,ok,1102372,Adobe PDF Library 7.0,Adobe InDesign CS2 (4.0.4),2007-04-04,1,374,,False,False,True,0,2,0,2
184021.pdf,184,ok,324846,Acrobat Distiller 7.0.5 (Windows),PScript5.dll Version 5.2.2,2006-08-24,0,,,False,True,True,0,0,0,0
184022.pdf,184,ok,75240,Acrobat Distiller 7.0.5 (Windows),Acrobat PDFMaker 7.0.7 for Word,2006-07-31,0,,,False,True,True,0,0,0,0
184023.pdf,184,ok,188706,Acrobat Distiller 7.0.5 (Windows),PScript5.dll Version 5.2.2,2007-01-17,0,,,False,True,True,0,0,0,0
184025.pdf,184,ok,1900526,Mac OS X 10.2.8 Quartz PDFContext,Word,2003-12-01,0,,,False,True,True,0,0,0,0
184026.pdf,184,ok,296890,iText by lowagie.com (r1.01;p126),,2006-01-10,0,,,False,False,True,0,0,0,0
184027.pdf,184,ok,17759,Acrobat PDFWriter 3.02 for Windows NT,,1999-06-17,0,,,False,True,True,0,0,0,0
184031.pdf,184,ok,52927,Acrobat Net Distiller 1.0 for Windows,,1999-12-14,18,352,,False,True,True,0,2,0,2
184033.pdf,184,ok,319312,Acrobat Distiller 7.0.5 (Windows),PScript5.dll Version 5.2,2005-12-12,0,,,False,True,True,0,0,0,0
184034.pdf,184,ok,446572,Acrobat Distiller 5.0 (Windows),Acrobat PDFMaker 5.0 for PowerPoint,2004-07-02,0,,,False,True,True,0,0,0,0
184035.pdf,184,ok,74144,Acrobat Distiller 7.0 (Windows),PScript5.dll Version 5.2.2,2005-08-22,1,785,,False,True,True,0,2,0,2
184036.pdf,184,ok,612428,Acrobat PDFWriter 3.02 for Windows,Word Pro ,,0,,,False,True,True,0,0,0,0
184037.pdf,184,ok,1210856,Acrobat Distiller 5.00 for Macintosh,Adobe PageMaker 7.0,2006-08-28,0,,,False,True,True,0,0,0,0
184038.pdf,184,ok,64697,Acrobat Distiller 5.00 for Macintosh,Adobe PageMaker 6.52,2004-06-10,0,,,False,True,True,0,0,0,0
184039.pdf,184,ok,271155,Acrobat Distiller 7.0 (Windows),PScript5.dll Version 5.2,2005-08-09,1,26,,False,True,True,0,0,0,0
184040.pdf,184,ok,84316,,XPP,1999-05-18,2,113,,False,False,True,0,2,0,2
184041.pdf,184,ok,815643,Acrobat Distiller 8.1.0 (Windows),Acrobat PDFMaker 8.1 for Word,2008-09-04,0,,,False,True,True,0,0,0,0
184042.pdf,184,ok,983190,,,2006-08-24,1,1200,,False,False,True,0,2,0,2
184043.pdf,184,ok,79838,Acrobat Distiller 6.0.1 (Windows),Acrobat PDFMaker 6.0 for Word,2005-06-08,1,2,,False,True,True,0,0,0,0
184068.pdf,184,ok,167689,Acrobat Distiller 6.0 (Windows),PScript5.dll Version 5.2,2005-05-09,1,445,,False,True,True,0,2,0,2
184069.pdf,184,ok,281447,Acrobat Distiller 5.0.5 (Windows),PScript5.dll Version 5.2,2004-02-09,0,,,False,True,True,0,0,0,0
184239.pdf,184,ok,17444,Acrobat PDFWriter 3.02 for Windows,Microsoft Word ,,2,,,False,True,True,0,0,0,0
184313.pdf,184,ok,89794,Acrobat Distiller 6.0 (Windows),Acrobat PDFMaker 6.0 for Word,2004-06-15,13,6,,False,True,True,0,0,0,0
184329.pdf,184,ok,82925,Acrobat PDFWriter 4.0 for Windows NT,Microsoft Word - 4-Record Layouts (Part 2),2001-07-06,0,,,False,True,True,0,0,0,0
184331.pdf,184,ok,173585,Acrobat Distiller 3.01 for Windows,"Santype International Limited, England",,1,,,False,True,True,0,0,0,0
184332.pdf,184,ok,1294829,Acrobat Distiller 5.0.5 (Windows),PScript5.dll Version 5.2,2003-07-22,0,,,False,True,True,0,0,0,0
184333.pdf,184,ok,181673,Acrobat Distiller 6.0 (Windows),PScript5.dll Version 5.2.2,2006-04-20,5,1,,False,True,True,0,0,0,0
184334.pdf,184,ok,70555,Acrobat Distiller 5.0 (Windows),PScript5.dll Version 5.2,2005-07-14,0,,,False,True,True,0,0,0,0
184335.pdf,184,ok,125830,Acrobat PDFWriter 3.0.1 for Power Macintosh,Microsoft Word,2002-02-28,1,93,,False,True,True,0,2,0,2
184336.pdf,184,ok,386624,Acrobat Distiller 4.05 for Windows,,2001-04-12,0,,,False,True,True,0,0,0,0
184337.pdf,184,ok,190803,Hyf PDF Output Library 2.3.0 (Windows),XSL Formatter V3.3 MR1a,2006-02-03,0,,,False,False,True,0,0,0,0
184338.pdf,184,ok,203995,Acrobat Distiller 7.0 (Windows),PScript5.dll Version 5.2,2006-07-25,3,598,,False,True,True,0,2,0,2
184339.pdf,184,ok,2298077,Acrobat Distiller 5.0.5 for Macintosh,QuarkXPress.: LaserWriter 8 8.7.1,2004-07-28,0,,,False,True,True,0,0,0,0
184340.pdf,184,ok,786750,Acrobat Distiller 5.0.5 for Macintosh,Textures.: LaserWriter 8 8.6.5,2003-10-15,0,,,False,True,True,0,0,0,0
184348.pdf,184,ok,20518,iText1.3.1 by lowagie.com (based on itext-paulo-154),JasperReports (csb_state),2009-02-24,1,1,,False,False,True,0,0,0,0
184365.pdf,184,ok,774677,Acrobat Distiller 6.0.1 for Macintosh,,2005-01-17,1,1661,,False,True,True,0,2,0,2
184366.pdf,184,ok,40161,Acrobat PDFWriter 5.0 for Windows,FileMaker Pro,2001-06-26,0,,,False,True,True,0,0,0,0
184372.pdf,184,ok,87289,Acrobat Distiller 7.0 (Windows),PScript5.dll Version 5.2,2007-08-23,0,,,False,True,True,0,0,0,0
184378.pdf,184,ok,409615,Acrobat Distiller Command 3.01 for Solaris 2.3 and later (SPARC),Parlance Publisher 5.0/(Xyvision Postscript Formatter) 3.0 3,2006-09-08,0,,,False,True,True,0,0,0,0
184379.pdf,184,ok,97046,Acrobat PDFWriter 2.01 for Windows,,1996-12-30,3,1,,False,True,True,0,0,0,0
184383.pdf,184,ok,121943,Mac OS X 10.1.5 Quartz PDFContext,,2003-03-07,1,66,,False,False,True,0,2,0,2
184389.pdf,184,ok,1296861,Acrobat Distiller 6.0.1 (Windows),Acrobat PDFMaker 6.0 for Word,2006-08-09,0,,,False,True,True,0,0,0,0
184425.pdf,184,ok,31642,Acrobat Distiller 5.0 (Windows),ACOMP.exe   WinVer 1a68  0ct 09 2002,2006-09-11,4,1,,False,True,True,0,0,0,0
184427.pdf,184,ok,14801,Acrobat Distiller Command 1.0 for Solaris 1.1/2.3 (SPARC),,,0,,,False,True,True,0,0,0,0
184428.pdf,184,ok,41821,ESP Ghostscript 815.02,dvips(k) 5.95a Copyright 2005 Radical Eye Software,2007-05-15,11,5,,False,False,True,0,0,0,0
184429.pdf,184,ok,53329,Acrobat PDFWriter 5.0 for Windows NT,WordPerfect 10 - [H:\LJM Opinions\EV02-24 Thomas v Evansville-Vanderburgh Schools - or on defs' mot for summ j.wpd],2004-11-10,1,2485,,False,True,True,0,2,0,2
184430.pdf,184,ok,1299286,Acrobat PDFWriter 5.0 for Windows NT,Microsoft PowerPoint - [Michaelgriffith.ppt],2004-09-29,0,,,False,True,True,0,0,0,0
184431.pdf,184,ok,400705,Acrobat PDFWriter 3.02 for Windows,NonCapital  Sensitive Equipment,,0,,,False,True,True,0,0,0,0
184432.pdf,184,ok,94621,GNU Ghostscript 7.07,,,0,,,False,False,True,0,0,0,0
184433.pdf,184,ok,216034,,ESRI ArcMap 9.2.3.1380,2008-06-09,0,,,False,False,True,0,0,0,0
184434.pdf,184,ok,199622,"Etymon PJ 1.10, Copyright (C) 1998-2000 Etymon Systems, Inc. <http://www.etymon.com/>. ",Acrobat Capture 3.0,1985-03-11,3,1,,False,True,True,0,0,0,0
184436.pdf,184,ok,35114,Acrobat Distiller 6.0 (Windows),PScript5.dll Version 5.2,2005-06-10,0,,,False,True,True,0,0,0,0
184437.pdf,184,ok,303418,Acrobat Distiller 7.0 (Windows),PScript5.dll Version 5.2,2006-11-03,0,,,False,True,True,0,0,0,0
184438.pdf,184,ok,268686,Acrobat Distiller 7.0 (Windows),3B2 Total Publishing System 8.07e/W,2008-05-19,3,201,,False,True,True,0,2,0,2
184440.pdf,184,ok,62479,Acrobat Distiller 4.0 for Windows,Windows NT 4.0,1999-09-22,0,,,False,True,True,0,0,0,0
184441.pdf,184,ok,10469,Acrobat PDFWriter 4.05 for Windows NT,Corel WordPerfect - [D:\Ab_QA\Aeronautical Obst Chart\ADS\Word Perfect for PDF Template.wpd],2003-07-02,12,1,,False,True,True,0,0,0,0
184442.pdf,184,ok,418056,ReportLab http://www.reportlab.com,,2004-01-05,0,,,False,False,True,0,0,0,0
184444.pdf,184,ok,436839,Acrobat Distiller 3.0 for Windows,,1998-08-12,0,,,False,True,True,0,0,0,0
184445.pdf,184,ok,77984,Acrobat Distiller 7.0.5 (Windows),PScript5.dll Version 5.2.2,2007-05-23,5,1,,False,True,True,0,0,0,0
184449.pdf,184,ok,22610,iText 1.4 (by lowagie.com),,2009-02-11,0,,,False,False,True,0,0,0,0
184450.pdf,184,ok,16797,Acrobat PDFWriter 4.0 for Windows,pdfoutline.doc - Microsoft Word,2002-07-11,3,133,,False,True,True,0,2,0,2
184210.pdf,184,ok,430194,Adobe PDF Library 5.0,Adobe InDesign 2.0.1,2004-06-25,0,,,False,False,True,0,0,0,0
184211.pdf,184,ok,11297,Acrobat Distiller 6.0.1 (Windows),PScript5.dll Version 5.2.2,2004-10-25,0,,,False,True,True,0,0,0,0
184212.pdf,184,ok,438227,GPL Ghostscript 8.15,PScript5.dll Version 5.2,2005-06-03,0,,,False,False,True,0,0,0,0
184213.pdf,184,ok,185749,Photoshop PDF Plug-in 1.0,Photoshop PDF Plug-in 1.0,1997-01-21,0,,,False,True,True,0,0,0,0
184214.pdf,184,ok,792339,Acrobat Distiller 5.0.5 (Windows),ADOBEPS4.DRV Version 4.50,2003-08-12,0,,,False,True,True,0,0,0,0
184215.pdf,184,ok,73212,Acrobat PDFWriter 4.05 for Windows NT,Corel WordPerfect - [F:\Admin\TOM\Anualrep.01\ANNUAL01.WPD],2002-03-25,4,152,,False,True,True,0,2,0,2
184216.pdf,184,ok,122071,PDFlib 5.0.3 (C++/Win32),,2008-05-14,0,,,False,False,True,0,0,0,0
184217.pdf,184,ok,97612,Acrobat Distiller 7.0 (Windows),PScript5.dll Version 5.2,2005-05-02,1,41,,False,True,True,0,0,0,0
184219.pdf,184,ok,30490,Acrobat Distiller 3.01 for Windows,PSCRIPT.DRV Version 4.0,,1,,,False,True,True,0,0,0,0
184220.pdf,184,ok,4823172,Adobe PDF Library 5.0,Adobe InDesign 2.0.2,2004-01-14,0,,,False,False,True,0,0,0,0
184221.pdf,184,ok,88865,Acrobat Distiller 8.0.0 (Windows),Acrobat PDFMaker 8.0 for Word,2007-08-02,2,1,,False,True,True,0,0,0,0
184222.pdf,184,ok,92067,Acrobat PDFWriter 4.05 for Windows NT,aaron_burr.doc - Microsoft Word,2002-09-19,1,5425,,False,True,True,0,2,0,2
184223.pdf,184,ok,10329,Acrobat PDFWriter 4.0 for Windows,Microsoft Word ,1999-06-07,0,,,False,True,True,0,0,0,0
184224.pdf,184,ok,284258,Acrobat Distiller 5.0.5 (Windows),PScript5.dll Version 5.2,2003-01-20,0,,,False,True,True,0,0,0,0
184225.pdf,184,ok,136360,Acrobat Distiller 5.0 (Windows),Acrobat PDFMaker 5.0 for Word,2002-08-22,0,,,False,True,True,0,0,0,0
184226.pdf,184,ok,81691,JAWS PDFLib,activePDF Server,2005-03-09,3,3,,False,False,True,0,0,0,0
184227.pdf,184,ok,48110,Acrobat Distiller 5.0 (Windows),PScript5.dll Version 5.2,2003-09-16,0,,,False,True,True,0,0,0,0
184229.pdf,184,ok,66688,ABBYY FineReader 8.0 Professional Edition,,2008-10-30,0,,,False,False,True,0,0,0,0
184230.pdf,184,ok,816367,Acrobat Distiller 5.0.5 (Windows),Adobe PageMaker 7.0,2004-03-24,5,391,,False,True,True,0,2,0,2
184231.pdf,184,ok,22593,Acrobat Distiller 6.0.1 (Windows),Acrobat PDFMaker 6.0 for Word,2007-01-24,0,,,False,True,True,0,0,0,0
184610.pdf,184,ok,116745,Toolkit http://www.activepdf.com,Toolkit http://www.activepdf.com,2004-10-25,2,1,,False,False,True,0,0,0,0
184611.pdf,184,ok,23212,Acrobat Distiller 4.05 for Windows,,2002-01-30,3,1,,False,True,True,0,0,0,0
184612.pdf,184,ok,130427,Acrobat Distiller 7.0 (Windows),PScript5.dll Version 5.2.2,2007-06-15,0,,,False,True,True,0,0,0,0
184613.pdf,184,ok,46565,Acrobat Distiller 7.0 (Windows),PScript5.dll Version 5.2.2,2005-08-26,0,,,False,True,True,0,0,0,0
184615.pdf,184,ok,566729,Acrobat Distiller 4.05 for Macintosh,QuarkXPress(tm) 4.11,2002-12-01,0,,,False,True,True,0,0,0,0
184617.pdf,184,ok,82443,Acrobat Distiller 6.0 (Windows),Acrobat PDFMaker 6.0 for Word,2006-07-27,2,22,,False,True,True,0,0,0,0
184618.pdf,184,ok,117472,Acrobat Distiller 5.0 (Windows),Acrobat PDFMaker 5.0 for Word,2004-04-28,0,,,False,True,True,0,0,0,0
184619.pdf,184,ok,43020,Acrobat PDFWriter 3.02 for Windows,C:\ATOXUWEB\RULEFI~1\COAT\ARCH\Q&A_621.WPD,,1,,,False,True,True,0,0,0,0
184620.pdf,184,ok,49149,Acrobat Distiller 8.0.0 (Windows),Acrobat PDFMaker 8.0 for Word,2007-10-09,3,49,,False,True,True,0,2,0,2
184621.pdf,184,ok,53398,Acrobat Distiller 6.0 (Windows),Acrobat PDFMaker 6.0 for Word,2007-10-02,3,219,,False,True,True,0,2,0,2
184622.pdf,184,ok,208585,Acrobat PDFWriter 4.05 for Windows NT,biowar_pics.doc - Microsoft Word,2002-05-15,0,,,False,True,True,0,0,0,0
184623.pdf,184,ok,31251,Acrobat PDFWriter 4.05 for Windows NT,75795970.doc - Microsoft Word,2003-04-17,8,7,,False,True,True,0,0,0,0
184624.pdf,184,ok,1113180,Acrobat Distiller 4.05 for Macintosh,QuarkXPress(tm) 4.11,2002-12-01,0,,,False,True,True,0,0,0,0
184625.pdf,184,ok,75632,Acrobat PDFWriter 4.0 for Windows,ID99-MIS.DOC - Microsoft Word,2000-12-18,0,,,False,True,True,0,0,0,0
184626.pdf,184,ok,13315,Acrobat PDFWriter 3.02 for Windows,H:\HOME\MIKEL\WKLYRPTS\CLEARED;198.SRS,,2,,,False,True,True,0,0,0,0
184627.pdf,184,ok,157421,Microsoft® Office Word 2007,Microsoft® Office Word 2007,2008-07-25,0,,,False,True,True,0,0,0,0
184628.pdf,184,ok,263770,Acrobat Distiller 5.0 (Windows),Adobe PageMaker 6.52,2004-05-20,0,,,False,True,True,0,0,0,0
184629.pdf,184,ok,37149,Acrobat Distiller 8.1.0 (Windows),PScript5.dll Version 5.2.2,2008-06-03,0,,,False,True,True,0,0,0,0
184630.pdf,184,ok,222248,Acrobat Distiller 4.05 for Windows,Microsoft Word 9.0,2002-01-14,0,,,False,True,True,0,0,0,0
184632.pdf,184,ok,695676,Mac OS X 10.1.3 Quartz PDFContext,,2002-07-23,1,3675,,False,False,True,0,2,0,2
184704.pdf,184,ok,240864,Acrobat Distiller 4.0 for Windows,Microsoft Word 8.0,2000-05-01,2,89,,False,True,True,0,2,0,2
184705.pdf,184,ok,254728,Acrobat Distiller 7.0.5 (Windows),PScript5.dll Version 5.2,2007-04-20,0,,,False,True,True,0,0,0,0
184706.pdf,184,ok,19648,Acrobat PDFWriter 2.0 for Windows,Microsoft Word ,1996-07-25,9,4,,False,True,True,0,0,0,0
184707.pdf,184,ok,32631,Acrobat Distiller 6.0 (Windows),PScript5.dll Version 5.2,2006-11-21,2,2,,False,True,True,0,0,0,0
184708.pdf,184,ok,129591,Acrobat PDFWriter 3.03 for Windows,Acrobat Capture Server 2.01,,5,,,False,True,True,0,0,0,0
184709.pdf,184,ok,32687,Acrobat Distiller 7.0.5 (Windows),Acrobat PDFMaker 7.0.7 for Word,2007-10-11,1,1,,False,True,True,0,0,0,0
184710.pdf,184,ok,631924,Acrobat Distiller 7.0.5 (Windows),PScript5.dll Version 5.2.2,2006-03-01,4,1,,False,True,True,0,0,0,0
184711.pdf,184,ok,15801,Acrobat Distiller 7.0 (Windows),PScript5.dll Version 5.2.2,2007-09-24,4,1,,False,True,True,0,0,0,0
184712.pdf,184,ok,25298,Acrobat Distiller 7.0.5 (Windows),Acrobat PDFMaker 7.0.7 for Word,2007-10-16,1,2,,False,True,True,0,0,0,0
184713.pdf,184,ok,28482,Acrobat Distiller 7.0 (Windows),PScript5.dll Version 5.2.2,2007-05-07,3,1,,False,True,True,0,0,0,0
184714.pdf,184,ok,70285,Acrobat PDFWriter 4.0 for Windows,Microsoft Word ,2000-09-05,0,,,False,True,True,0,0,0,0
184715.pdf,184,ok,13092,Acrobat PDFWriter 4.05 for Windows NT,Corel WordPerfect - [F:\USER\ZUSMAN\newsvii17.wpd],2001-08-31,7,2,,False,True,True,0,0,0,0
184716.pdf,184,ok,2519553,Acrobat Distiller 5.00 for Macintosh,QuarkXPress: pictwpstops filter 1.0,2006-08-23,0,,,False,True,True,0,0,0,0
184717.pdf,184,ok,177589,Acrobat Distiller 7.0.5 for Macintosh,,2006-08-21,1,45,,False,True,True,0,0,0,0
184718.pdf,184,ok,1977725,Corel PDF Engine Version 9.398,POP90,2000-06-01,2,1773,,False,False,True,0,2,0,2
184719.pdf,184,ok,182515,Acrobat Distiller 3.01 for Windows,,2002-08-19,1,3508,,False,True,True,0,2,0,2
184720.pdf,184,ok,561319,Acrobat Distiller 4.05 for Macintosh,Microsoft Word: LaserWriter 8 8.7,2001-05-30,0,,,False,True,True,0,0,0,0
184721.pdf,184,ok,53935,Acrobat Distiller 4.0 for Windows,ACOMP.exe   WinVer 1c15  Aug 31 2005,2007-09-28,20,1,,False,True,True,0,0,0,0
184723.pdf,184,ok,576740,Acrobat Distiller 5.0 (Windows),Acrobat PDFMaker 5.0 for Word,2002-06-24,0,,,False,True,True,0,0,0,0
184724.pdf,184,ok,50861,Acrobat Distiller 4.0 for Windows,ACOMP.exe   WinVer 1c15  Aug 31 2005,2007-05-10,12,1,,False,True,True,0,0,0,0
184451.pdf,184,ok,40668,Acrobat Distiller 7.0.5 (Windows),PScript5.dll Version 5.2.2,2008-08-06,3,7,,False,True,True,0,0,0,0
184453.pdf,184,ok,2263710,Acrobat Distiller 2.1 for Macintosh,,1996-05-20,0,,,False,True,True,0,0,0,0
184456.pdf,184,ok,88493,Acrobat Distiller 7.0 (Windows),Acrobat PDFMaker 7.0 for Word,2008-02-12,40,34,,False,True,True,0,0,0,0
184457.pdf,184,ok,796437,GNU Ghostscript 7.05,,,0,,,False,False,True,0,0,0,0
184458.pdf,184,ok,19591,Acrobat Distiller 3.01 for Windows,PSCRIPT.DRV Version 4.0,,1,,,False,True,True,0,0,0,0
184460.pdf,184,ok,4905,iText1.3.1 by lowagie.com (based on itext-paulo-154),JasperReports (csb_state),2009-02-24,0,,,False,False,True,0,0,0,0
184461.pdf,184,ok,42866,Acrobat Distiller 7.0 (Windows),Acrobat PDFMaker 7.0 for Word,2008-02-11,9,35,,False,True,True,0,0,0,0
184462.pdf,184,ok,304375,Acrobat Distiller 4.05 for Windows,,2003-04-02,0,,,False,True,True,0,0,0,0
184463.pdf,184,ok,61794,Acrobat Distiller 4.0 for Windows,Windows NT 4.0,1999-09-22,0,,,False,True,True,0,0,0,0
184464.pdf,184,ok,38456,Acrobat Distiller 8.0.0 (Windows),PScript5.dll Version 5.2.2,2008-11-07,4,24,,False,True,True,0,0,0,0
184465.pdf,184,ok,5868381,Acrobat Distiller 5.0.5 (Windows),,2006-08-09,0,,,False,True,True,0,0,0,0
184467.pdf,184,ok,160289,GNU Ghostscript 7.05,,,0,,,False,False,True,0,0,0,0
184477.pdf,184,ok,3850225,Acrobat Distiller 4.0 for Windows,ACOMP.exe   WinVer 1c15  Aug 31 2005,2007-06-07,16,1,,False,True,True,0,0,0,0
184484.pdf,184,ok,15187,Acrobat PDFWriter 4.05 for Windows NT,Microsoft Excel - USTRDMC.xls,2006-10-16,1,1,,False,True,True,0,0,0,0
184495.pdf,184,ok,212880,Acrobat Distiller 5.0 (Windows),PScript5.dll Version 5.2,2002-09-04,21,1,,False,True,True,0,0,0,0
184506.pdf,184,ok,622606,Acrobat Distiller 5.0.5 (Windows),Acrobat PDFMaker 5.0 for Word,2003-03-19,0,,,False,True,True,0,0,0,0
184527.pdf,184,ok,4195,,"R and OS php pdf writer, http://www.ros.co.nz",2009-02-25,1,776,,False,False,True,0,2,0,2
184546.pdf,184,ok,1060021,PDFlib PLOP 2.0.0p6 (SunOS)/Acrobat Distiller 4.05 for Sparc Solaris,XyEnterprise XPP 7.3C.1  Patch #5,2007-03-30,2,47,,False,True,True,0,2,0,2
184558.pdf,184,ok,56893,Acrobat Distiller 8.0.0 (Windows),PScript5.dll Version 5.2.2,2007-08-08,0,,,False,True,True,0,0,0,0
184559.pdf,184,ok,56902,Acrobat Distiller 8.0.0 (Windows),PScript5.dll Version 5.2.2,2008-10-15,0,,,False,True,True,0,0,0,0
184633.pdf,184,ok,840872,Acrobat Distiller 6.0 (Windows),Acrobat PDFMaker 6.0 for Word,2006-01-25,0,,,False,True,True,0,0,0,0
184634.pdf,184,ok,3822454,Acrobat Distiller 5.0.5 for Macintosh,QuarkXPress(tm) 4.11,2003-08-25,0,,,False,True,True,0,0,0,0
184645.pdf,184,ok,98498,Acrobat Distiller 7.0 (Windows),PScript5.dll Version 5.2,2007-08-02,4,53,,False,True,True,0,2,0,2
184647.pdf,184,ok,456561,JAWS PDFLib,activePDF Server,2003-07-31,6,3422,,False,False,True,0,2,0,2
184651.pdf,184,ok,297257,,ABBYY FineReader,2003-09-17,0,,,False,False,True,0,0,0,0
184653.pdf,184,ok,1005668,PDFlib PLOP 2.0.0p6 (SunOS)/Acrobat Distiller 4.05 for Sparc Solaris,XyEnterprise XPP 7.3C.1  Patch #5,2007-10-31,2,89,,False,True,True,0,2,0,2
184654.pdf,184,ok,163699,Acrobat Distiller 4.05 for Windows,Microsoft Word 9.0,2001-06-12,0,,,False,True,True,0,0,0,0
184655.pdf,184,ok,985820,Acrobat Distiller 6.0.1 (Windows),PScript5.dll Version 5.2.2,2006-07-26,40,691,,False,True,True,0,2,0,2
184658.pdf,184,ok,353854,Adobe PDF Library 4.0,Acrobat Capture 3.0,2002-05-21,0,,,False,True,True,0,0,0,0
184659.pdf,184,ok,282577,Acrobat Distiller 5.0.5 (Windows),Acrobat PDFMaker 5.0 for Word,2006-04-14,30,193,,False,True,True,0,2,0,2
184662.pdf,184,ok,303423,Corel PDF Engine Version 11.2.0.239,Print Server 120,2007-11-19,17,777,,False,False,True,0,2,0,2
184669.pdf,184,ok,857312,Acrobat Distiller 4.0 for Windows,PageMaker 6.5,2002-04-25,2,227,,False,True,True,0,2,0,2
184670.pdf,184,ok,171040,Acrobat Distiller 5.0 (Windows),PScript5.dll Version 5.2,2001-12-11,0,,,False,True,True,0,0,0,0
184672.pdf,184,ok,28982,Acrobat Distiller 5.0.5 (Windows),ACOMP.exe   WinVer 1c15  Aug 31 2005,2007-02-15,9,21,,False,True,True,0,0,0,0
184676.pdf,184,ok,8366161,IMAGEMAKER DEVELOPMENT INC.,IMAGEMAKER DEVELOPMENT INC.,2006-09-13,0,,,False,False,True,0,0,0,0
184699.pdf,184,ok,53736,Acrobat PDFWriter 3.03 for Windows,Acrobat Capture Server 2.01,,0,,,False,True,True,0,0,0,0
184700.pdf,184,ok,96664,Acrobat Distiller 5.0 (Windows),Acrobat PDFMaker 5.0 for Word,2005-08-30,9,0,,False,True,True,0,0,0,0
184701.pdf,184,ok,74022,FDFMerge Lite 5.0.4 Windows SPDF_1096+ May  3 2004,,2003-04-18,10,1418,,False,False,True,0,2,0,2
184702.pdf,184,ok,21820,Acrobat PDFWriter 2.0 for Windows,Microsoft Word ,1996-07-30,10,1,,False,True,True,0,0,0,0
184703.pdf,184,ok,477689,Acrobat Distiller 7.0.5 (Windows),PScript5.dll Version 5.2.2,2008-12-05,0,,,False,True,True,0,0,0,0
184565.pdf,184,ok,1249225,pdfeTeX-1.21a,TeX,2008-06-20,0,,,False,False,True,0,0,0,0
184567.pdf,184,ok,2877937,Acrobat Distiller 7.0 (Windows),Acrobat PDFMaker 7.0 for Word,2006-06-08,1,9,,False,True,True,0,0,0,0
184571.pdf,184,ok,270118,Acrobat Distiller 5.0.5 (Windows),Acrobat PDFMaker 5.0 for Word,2002-07-08,3,7,,False,True,True,0,0,0,0
184588.pdf,184,ok,293565,Acrobat Distiller 5.0.5 (Windows),PScript5.dll Version 5.2,2003-04-09,2,1373,,False,True,True,0,2,0,2
184589.pdf,184,ok,800086,Acrobat Distiller 7.0 (Windows),Acrobat PDFMaker 7.0 for Word,2007-07-10,1,1081,,False,True,True,0,2,0,2
184591.pdf,184,ok,3257547,Acrobat Distiller 5.0.5 (Windows),dvips(k) 5.94a Copyright 2003 Radical Eye Software,2004-08-25,0,,,False,True,True,0,0,0,0
184594.pdf,184,ok,111574,Acrobat Distiller 4.05 for Windows,Microsoft Word 9.0,2002-04-17,1,3,,False,True,True,0,0,0,0
184595.pdf,184,ok,395060,Acrobat Distiller 6.0 (Windows),PScript5.dll Version 5.2.2,2005-03-17,0,,,False,True,True,0,0,0,0
184596.pdf,184,ok,4402276,Acrobat Distiller 4.05 for Macintosh,QuarkXPressª 4.1: LaserWriter 8 8.7.1,2002-07-26,5,1,,False,True,True,0,0,0,0
184597.pdf,184,ok,1151472,Adobe PDF Library 7.0,Adobe InDesign CS2 (4.0.5),2008-03-17,0,,,False,False,True,0,0,0,0
184598.pdf,184,ok,3713748,Adobe PDF Library 6.0,Adobe InDesign CS (3.0.1),2008-05-23,2,2219,,False,False,True,0,2,0,2
184599.pdf,184,ok,1978254,Acrobat PDFWriter 4.0 for Windows,DOE_Shoals_04092001.pub,2001-06-12,0,,,False,True,True,0,0,0,0
184600.pdf,184,ok,4547756,Acrobat Distiller 7.0.5 (Windows),PScript5.dll Version 5.2,2005-12-12,0,,invoice:purchase order,True,True,True,2,0,1,3
184601.pdf,184,ok,404806,Acrobat Distiller 6.0.1 (Windows),PScript5.dll Version 5.2,2004-11-02,1,875,letter:employed with,True,True,True,2,2,1,5
184602.pdf,184,ok,2292732,Acrobat Distiller 3.0 for Power Macintosh,,1998-12-28,0,,,False,True,True,0,0,0,0
184603.pdf,184,ok,56307,Pixel Translations (PIXPDF Ver.1.35),Acrobat 3.0 Import Plug-in,1998-04-14,1,3404,,False,True,True,0,2,0,2
184604.pdf,184,ok,5513,,"R and OS php pdf writer, http://www.ros.co.nz",2009-02-25,2,159,,False,False,True,0,2,0,2
184606.pdf,184,ok,287961,Acrobat PDFWriter 3.02 for Windows,C:\WINDOWS\Desktop\Be a winner.wpd,,0,,,False,True,True,0,0,0,0
184608.pdf,184,ok,41602,Acrobat Distiller 4.0 for Windows,ACOMP.exe   WinVer 1b43  jul 14 2003,2005-07-22,12,1,,False,True,True,0,0,0,0
184609.pdf,184,ok,70490,Acrobat Distiller 5.0.5 (Windows),PScript5.dll Version 5.2,2005-03-03,0,,,False,True,True,0,0,0,0
184725.pdf,184,ok,89044,Acrobat Distiller 8.0.0 (Windows),PScript5.dll Version 5.2,2008-03-05,0,,,False,True,True,0,0,0,0
184726.pdf,184,ok,294474,Acrobat PDFWriter 3.02 for Windows,Microsoft Word ,,1,,,False,True,True,0,0,0,0
184727.pdf,184,ok,183284,Adobe PDF Library 7.0,Adobe InDesign CS2 (4.0.2),2006-07-13,2,2,,False,False,True,0,0,0,0
184728.pdf,184,ok,231777,Acrobat Distiller 4.05 for Macintosh,QuarkXPressª 4.1: LaserWriter 8 8.7,2001-02-11,6,42,,False,True,True,0,0,0,0
184729.pdf,184,ok,3122718,Acrobat Distiller 4.05 for Windows,ACOMP.exe   WinVer 1a68  0ct 09 2002,2005-03-22,3,344,,False,True,True,0,2,0,2
184730.pdf,184,ok,893833,Acrobat Distiller 7.0 (Windows),PScript5.dll Version 5.2.2,2006-03-24,0,,,False,True,True,0,0,0,0
184731.pdf,184,ok,523849,Acrobat Distiller 6.0 (Windows),Acrobat PDFMaker 6.0 for Word,2005-05-20,0,,,False,True,True,0,0,0,0
184732.pdf,184,ok,178053,Acrobat PDFWriter 4.0 for Power Macintosh,PageMaker® 6.0,2001-09-30,5,30,,False,True,True,0,0,0,0
184733.pdf,184,ok,180772,Acrobat Distiller 3.01 for Windows,,,0,,,False,True,True,0,0,0,0
184734.pdf,184,ok,1477600,Acrobat PDFWriter 5.0 for Windows NT,training2006.doc - Microsoft Word,2006-05-18,0,,,False,True,True,0,0,0,0
184735.pdf,184,ok,235268,Acrobat Distiller 5.0.5 (Windows),Acrobat PDFMaker 5.0 for Word,2006-08-30,1,6673,,False,True,True,0,2,0,2
184736.pdf,184,ok,110361,Acrobat Net Distiller 1.0 for Windows,,2000-11-29,11,1479,,False,True,True,0,2,0,2
184737.pdf,184,ok,52524,www.adlibsys.com:EXS3145-W2KA,WordPerfect 6.1/2000/2002,2006-01-03,4,57,,False,True,True,0,2,0,2
184738.pdf,184,ok,73094,Acrobat PDFWriter 4.05 for Windows NT,snackfood.doc - Microsoft Word,2004-05-13,1,14,,False,True,True,0,0,0,0
184739.pdf,184,ok,89477,Acrobat Distiller 6.0.1 (Windows),Acrobat PDFMaker 6.0 for Word,2005-04-08,0,,,False,True,True,0,0,0,0
184740.pdf,184,ok,2189726,Acrobat Distiller 4.0 for Windows,,2001-03-14,2,74,,False,True,True,0,2,0,2
184741.pdf,184,ok,3026722,Acrobat PDFWriter 4.0 for Windows NT,Microsoft PowerPoint - [Keynote_2001 MRQW],2001-12-10,0,,,False,True,True,0,0,0,0
184742.pdf,184,ok,156948,Acrobat Distiller 6.0 (Windows),PScript5.dll Version 5.2.2,2006-02-03,5,16,,False,True,True,0,0,0,0
184751.pdf,184,ok,161463,Corel PDF Engine Version 10.517,Print Server 100,2003-01-02,1,389,,False,False,True,0,2,0,2
184754.pdf,184,ok,238046,Acrobat Distiller 2.1 for Windows,,1996-09-13,0,,,False,True,True,0,0,0,0
184793.pdf,184,ok,887505,Acrobat Distiller 4.05 for Windows,AdobePS5.dll Version 5.1.1,,0,,,False,True,True,0,0,0,0
184803.pdf,184,ok,402432,Acrobat Distiller 2.1 for Windows,,1998-10-27,0,,,False,True,True,0,0,0,0
184804.pdf,184,ok,314781,Acrobat Distiller 8.1.0 (Windows),Acrobat PDFMaker 8.1 for Word,2008-09-04,2,175,,False,True,True,0,2,0,2
184805.pdf,184,ok,6157,GNU Ghostscript 7.07,,,1,,,False,False,True,0,0,0,0
184806.pdf,184,ok,80901,Acrobat Distiller 4.05 for Windows,Microsoft Word 9.0,2004-08-24,3,1051,,False,True,True,0,2,0,2
184807.pdf,184,ok,527905,Acrobat Distiller 8.1.0 (Windows),Acrobat PDFMaker 8.1 for Word,2008-08-14,1,14,,False,True,True,0,0,0,0
184808.pdf,184,ok,122807,Microsoft® Office PowerPoint® 2007,Microsoft® Office PowerPoint® 2007,2008-06-12,0,,,False,True,True,0,0,0,0
184809.pdf,184,ok,233774,Acrobat Distiller 5.0 (Windows),"""Mim2ps v020215""",2002-06-07,1,4541,,False,True,True,0,2,0,2
184810.pdf,184,ok,344572,Acrobat Distiller 5.0 (Windows),"""Mim2ps v020215""",2002-04-06,1,4479,,False,True,True,0,2,0,2
184813.pdf,184,ok,87076,Corel PDF Engine Version 11.4.0.100,PrintServer130,2007-11-14,19,1,,False,False,True,0,0,0,0
184814.pdf,184,ok,313659,Acrobat Distiller 5.0 (Windows),PScript5.dll Version 5.2,2004-07-28,2,70,,False,True,True,0,2,0,2
184815.pdf,184,ok,513551,Antenna House PDF Output Library 2.4.0 (Linux),"XSL Formatter V4.1 MR5 (4,1,2007,0509) for Linux",2008-09-18,1,1632,,False,False,True,0,2,0,2
184816.pdf,184,ok,80278,Corel PDF Engine Version 11.4.0.100,PrintServer130,2007-11-14,9,1,,False,False,True,0,0,0,0
184817.pdf,184,ok,473497,Acrobat Distiller 7.0.5 (Windows),PScript5.dll Version 5.2.2,2007-08-06,1,4,,False,True,True,0,0,0,0
184818.pdf,184,ok,581639,Antenna House PDF Output Library 2.4.0 (Linux),"XSL Formatter V4.1 MR5 (4,1,2007,0509) for Linux",2008-09-18,2,708,,False,False,True,0,2,0,2
184821.pdf,184,ok,112448,Acrobat PDFWriter 4.0 for Windows,Microsoft Word ,2000-11-09,5,50,,False,True,True,0,2,0,2
184822.pdf,184,ok,229180,Acrobat Distiller 3.01 for Windows,Windows NT 4.0,1999-07-28,1,5946,letter:termination of employment,True,True,True,2,2,1,5
184823.pdf,184,ok,87172,Acrobat Distiller 5.0.5 (Windows),,2005-01-18,7,6,,False,True,True,0,0,0,0
184824.pdf,184,ok,220096,iText1.1 by lowagie.com (based on itext-paulo-142),,2008-03-13,0,,,False,False,True,0,0,0,0
184830.pdf,184,ok,459357,Acrobat Distiller 2.1 for Windows,,1997-05-07,0,,,False,True,True,0,0,0,0
184831.pdf,184,ok,328721,Acrobat Elements 7.0.5 (Windows),Acrobat PDFMaker 7.0.5 for Word,2008-04-30,9,31,,False,True,True,0,0,0,0
184841.pdf,184,ok,324892,Adobe PDF Library 6.0,Adobe InDesign CS (3.0),2002-05-13,3,830,,False,False,True,0,2,0,2
184855.pdf,184,ok,458668,Acrobat PDFWriter 3.0 for Windows,Capture Reviewer 2.01,1999-02-26,0,,,False,True,True,0,0,0,0
184858.pdf,184,ok,1843846,Acrobat Distiller 7.0.5 (Windows),Acrobat PDFMaker 7.0.5 for Publisher,2007-06-15,11,32,,False,True,True,0,0,0,0
184897.pdf,184,ok,2019566,Acrobat PDFWriter 4.05 for Windows NT,LIS_19_Denmark78.doc - Microsoft Word,2002-02-21,0,,,False,True,True,0,0,0,0
184918.pdf,184,ok,276834,Acrobat Distiller 5.0 (Windows),OECD / OCDE,2002-08-06,2,13,,False,True,True,0,0,0,0
184932.pdf,184,ok,914744,Acrobat Distiller 8.1.0 (Windows),PScript5.dll Version 5.2.2,2008-09-25,4,21,,False,True,True,0,0,0,0
184934.pdf,184,ok,5572299,Acrobat Distiller 7.0.5 (Windows),Acrobat PDFMaker 7.0.7 for Word,2006-04-26,0,,,False,True,True,0,0,0,0
184938.pdf,184,ok,86896,Acrobat Distiller 7.0.5 (Windows),PScript5.dll Version 5.2.2,2006-07-07,0,,,False,True,True,0,0,0,0
184939.pdf,184,ok,438653,Acrobat Distiller 5.0.5 (Windows),PScript5.dll Version 5.2,2005-10-21,5,31,,False,True,True,0,0,0,0
184940.pdf,184,ok,304795,Acrobat Distiller Command 3.02b for Solaris 2.3 and later (SPARC),Parlance Publisher 5.0/(Xyvision Postscript Formatter) 3.0 3,2000-11-21,2,77,,False,True,True,0,2,0,2
184941.pdf,184,ok,25889,Acrobat Distiller 7.0.5 (Windows),PScript5.dll Version 5.2.2,2008-01-08,0,,,False,True,True,0,0,0,0
184942.pdf,184,ok,212000,Acrobat Distiller 7.0.5 (Windows),Acrobat PDFMaker 7.0.7 for Word,2007-09-05,0,,,False,True,True,0,0,0,0
184943.pdf,184,ok,30452,Acrobat Distiller 7.0 (Windows),PScript5.dll Version 5.2,2005-12-01,0,,,False,True,True,0,0,0,0
184944.pdf,184,ok,472257,StampPDF Batch 2.7 for Solaris - SPDF 1045,XPP,2005-02-07,2,67,,False,False,True,0,2,0,2
184945.pdf,184,ok,330460,Acrobat Distiller 7.0 (Windows),PScript5.dll Version 5.2.2,2007-10-03,0,,,False,True,True,0,0,0,0
184946.pdf,184,ok,178223,Acrobat Distiller 6.0.1 (Windows),PScript5.dll Version 5.2.2,2006-04-26,0,,,False,True,True,0,0,0,0
184947.pdf,184,ok,535187,Antenna House PDF Output Library 2.4.0 (Linux),"XSL Formatter V4.1 MR5 (4,1,2007,0509) for Linux",2008-09-18,2,854,,False,False,True,0,2,0,2
184948.pdf,184,ok,369203,Acrobat Distiller 8.0.0 (Windows),Acrobat PDFMaker 8.0 for Word,2008-04-09,2,20,,False,True,True,0,0,0,0
184949.pdf,184,ok,406528,Acrobat Distiller 5.0.5 (Windows),Acrobat PDFMaker 5.0 for PowerPoint,2002-05-31,0,,,False,True,True,0,0,0,0
184975.pdf,184,ok,1059479,Acrobat Distiller 7.0.5 (Windows),Elsevier,2008-03-31,4,32,,False,True,True,0,0,0,0
184976.pdf,184,ok,50345,Acrobat PDFWriter 4.05 for Windows,Microsoft Word ,2002-03-07,1,68,,False,True,True,0,2,0,2
184977.pdf,184,ok,387778,PDFlib PLOP 2.0.0p4 (SunOS)/Acrobat Distiller 5.0.5 (Windows),3B2 6.05d/W,2004-04-26,0,,,False,True,True,0,0,0,0
184978.pdf,184,ok,227500,StampPDF Batch 4.0.4 Solaris SPDF_1096+ May  4 2004,XPP,2005-08-19,8,4,,False,False,True,0,0,0,0
184979.pdf,184,ok,455933,Acrobat Distiller Command 3.01 for Solaris 2.3 and later (SPARC),Parlance Publisher 5.0/(Xyvision Postscript Formatter) 3.0 3,,1,,,False,True,True,0,0,0,0
184980.pdf,184,ok,719628,Acrobat Distiller Command 3.01 for Solaris 2.3 and later (SPARC),Parlance Publisher 5.0/(Xyvision Postscript Formatter) 3.0 3,,2,,,False,True,True,0,0,0,0
184981.pdf,184,ok,2610572,OpenOffice.org 2.0,Impress,2008-06-18,5,0,,False,True,True,0,0,0,0
184982.pdf,184,ok,452731,Acrobat Distiller 7.0.5 (Windows),PScript5.dll Version 5.2.2,2007-06-01,0,,,False,True,True,0,0,0,0
184983.pdf,184,ok,1273923,,,2008-06-06,1,114,,False,False,True,0,2,0,2
184984.pdf,184,ok,1451860,Acrobat PDFWriter 3.0 for Windows,Capture Reviewer 2.01,,0,,,False,True,True,0,0,0,0
184985.pdf,184,ok,538927,Antenna House PDF Output Library 2.4.0 (Linux),"XSL Formatter V4.1 MR5 (4,1,2007,0509) for Linux",2008-09-18,2,333,,False,False,True,0,2,0,2
202042.pdf,202,ok,690104,Creo Normalizer JTP,,2008-04-25,0,,,False,False,True,0,0,0,0
202079.pdf,202,ok,2083257,Acrobat Distiller 3.01 for Power Macintosh,QuarkXPressª: LaserWriter 8 8.4.3,1999-03-30,0,,,False,True,True,0,0,0,0
202080.pdf,202,ok,1751520,Acrobat Distiller 4.0 for Macintosh,QuarkXPressª 4.1: LaserWriter 8 8.7,2001-10-04,0,,,False,True,True,0,0,0,0
202081.pdf,202,ok,41194,Acrobat Distiller 8.0.0 (Windows),PScript5.dll Version 5.2.2,2009-02-23,12,25,,False,True,True,0,0,0,0
202097.pdf,202,ok,1314816,Acrobat Distiller 1.0.2 for Macintosh,,,0,,,False,True,True,0,0,0,0
202107.pdf,202,ok,799666,Canon iR3570/iR4570             ,Canon iR3570/iR4570             ,2005-10-25,0,,,False,False,True,0,0,0,0
202110.pdf,202,ok,1332679,Acrobat PDFWriter 2.01 for Windows,vsi3385.tmp,1997-10-30,0,,,False,True,True,0,0,0,0
202125.pdf,202,ok,124142,Acrobat Distiller 6.0.1 (Windows),PageMaker 6.5,2005-10-20,0,,,False,True,True,0,0,0,0
202129.pdf,202,ok,144113,www.adlibsoftware.com:EXS3167-Windows XP,WordPerfect Document,2006-10-24,3,5,,False,True,True,0,0,0,0
202191.pdf,202,ok,50941,Acrobat Distiller 4.0 for Windows,ACOMP.exe   WinVer 1b43  jul 14 2003,2004-12-18,8,1,,False,True,True,0,0,0,0
202193.pdf,202,ok,122357,Acrobat Distiller 5.0.5 (Windows),PScript5.dll Version 5.2,2003-08-27,2,150,invoice:amount due,True,True,True,2,2,1,5
202195.pdf,202,ok,44294,Acrobat Distiller 6.0.1 (Windows),PScript5.dll Version 5.2,2005-09-06,11,13,,False,True,True,0,0,0,0
202196.pdf,202,ok,20069,Acrobat Distiller 6.0 (Windows),Acrobat PDFMaker 6.0 for Word,2007-07-11,0,,,False,True,True,0,0,0,0
202197.pdf,202,ok,65638,www.adlibsoftware.com:EXS3185-Windows 2003:TNG,WordPerfect Document,2008-05-13,16,1,,False,True,True,0,0,0,0
202198.pdf,202,ok,54421,Acrobat Distiller 5.0 (Windows),ADOBEPS4.DRV Version 4.50,2002-08-11,1,297,,False,True,True,0,2,0,2
202199.pdf,202,ok,4444225,EFI Cyclone,,2005-12-21,0,,,False,False,True,0,0,0,0
202200.pdf,202,ok,62379,Corel PDF Engine Version 11.4.0.100,PrintServer130,2009-01-21,17,1,,False,False,True,0,0,0,0
202201.pdf,202,ok,2627134,Acrobat Distiller 7.0.5 (Windows),Acrobat PDFMaker 7.0.7 for Word,2008-10-31,5,493,,False,True,True,0,2,0,2
202202.pdf,202,ok,29548,Corel PDF Engine Version 11.321,Print Server 110,2007-09-21,0,,,False,False,True,0,0,0,0
202203.pdf,202,ok,47046,Acrobat Distiller 4.05 for Windows,,2000-06-29,4,105,,False,True,True,0,2,0,2
202204.pdf,202,ok,434768,JAWS PDFLib,activePDF Server,2006-11-17,8,5,,False,False,True,0,0,0,0
202205.pdf,202,ok,86715,JAWS PDFLib,Server http://www.activepdf.com,2008-08-06,7,251,,False,False,True,0,2,0,2
202206.pdf,202,ok,43817,Acrobat Distiller 7.0.5 (Windows),PScript5.dll Version 5.2,2007-02-06,13,1,,False,True,True,0,0,0,0
202207.pdf,202,ok,10471,Acrobat PDFWriter 5.0 for Windows NT,WordPerfect 9 - [D:\Data\WpDocs\9302-CCMotRecogColEstEff.wpd (unmodified)],2003-02-13,4,2,,False,True,True,0,0,0,0
202208.pdf,202,ok,69560,Acrobat PDFWriter 2.01 for Windows,A:CHAP5.110,1996-10-21,0,,,False,True,True,0,0,0,0
202209.pdf,202,ok,1529223,Acrobat Distiller 7.0.5 (Windows),XyEnterprise XPP 7.3C.1  Patch #3,2007-04-10,0,,,False,True,True,0,0,0,0
202210.pdf,202,ok,591592,"Etymon PJ 1.10, Copyright (C) 1998-2000 Etymon Systems, Inc. <http://www.etymon.com/>. ",FrameMaker 5.5.6p145,2001-07-20,2,1,,False,False,True,0,0,0,0
202211.pdf,202,ok,35519,Acrobat Distiller 7.0.5 (Windows),,2007-11-13,3,112,,False,True,True,0,2,0,2
202212.pdf,202,ok,52185,Acrobat Distiller 5.0 (Windows),ACOMP.exe   WinVer 1c15  Aug 31 2005,2006-12-12,11,21,,False,True,True,0,0,0,0
202131.pdf,202,ok,473800,Acrobat PDFWriter 4.05 for Windows NT,Corel WordPerfect - [H:\OERWP\PMD\INFOPAKS\ELEMENTS\revision\ELEBOOK2.WPD (unmodified)],2001-01-03,0,,,False,True,True,0,0,0,0
202135.pdf,202,ok,518505,Acrobat Distiller 3.01 for Windows,PSCRIPT.DRV Version 4.0,2001-01-09,0,,,False,True,True,0,0,0,0
202138.pdf,202,ok,333026,Acrobat Distiller 6.0 (Windows),PScript5.dll Version 5.2,2004-04-12,2,328,,False,True,True,0,2,0,2
202140.pdf,202,ok,97048,Acrobat Distiller 7.0.5 (Windows),Acrobat PDFMaker 7.0.7 for Word,2008-11-11,0,,,False,True,True,0,0,0,0
202143.pdf,202,ok,516472,QuarkXPress(tm) 6.5,QuarkXPress(tm) 6.5,2007-01-08,0,,,False,False,True,0,0,0,0
202144.pdf,202,ok,93786,Corel PDF Engine Version 11.2.0.239,Print Server 120,2005-05-05,1,1,,False,False,True,0,0,0,0
202146.pdf,202,ok,743678,Acrobat Distiller 6.0.1 (Windows),Acrobat PDFMaker 6.0 for Word,2006-07-07,0,,,False,True,True,0,0,0,0
202148.pdf,202,ok,357204,Acrobat Distiller 3.0 for Power Macintosh,Adobe PageMaker 6.52,2004-09-13,7,4,,False,True,True,0,0,0,0
202149.pdf,202,ok,362085,Acrobat Distiller 4.0 for Windows,ACOMP.exe   WinVer 1c15  Aug 31 2005,2007-10-26,16,1,,False,True,True,0,0,0,0
202155.pdf,202,ok,59385,Acrobat PDFWriter 4.05 for Windows NT,75737150.doc - Microsoft Word,2003-01-02,18,17,,False,True,True,0,0,0,0
202159.pdf,202,ok,1981945,AFPL Ghostscript 8.50,PScript5.dll Version 5.2.2,2007-07-07,0,,,False,False,True,0,0,0,0
202164.pdf,202,ok,55024,Acrobat Distiller 5.0.5 (Windows),PScript5.dll Version 5.2,2003-10-01,2,1,,False,True,True,0,0,0,0
202171.pdf,202,ok,1337591,Acrobat Distiller 7.0 (Windows),PScript5.dll Version 5.2.2,2007-11-30,2,37,,False,True,True,0,0,0,0
202182.pdf,202,ok,88964,FDFMerge Lite 5.0.4 Windows SPDF_1096+ May  3 2004,,2003-04-18,14,2696,,False,False,True,0,2,0,2
202183.pdf,202,ok,3366537,,,2006-03-17,5,562,,False,False,True,0,2,0,2
202184.pdf,202,ok,241597,FDFMerge Lite 5.0.4 Windows SPDF_1096+ May  3 2004,Accident Data Management System,2003-12-11,4,309,,False,False,True,0,2,0,2
202186.pdf,202,ok,974767,Acrobat Distiller 7.0 (Windows),PScript5.dll Version 5.2,2008-10-20,0,,,False,True,True,0,0,0,0
202187.pdf,202,ok,699435,Adobe Acrobat 8.0 Paper Capture Plug-in,HP PDF Formatter version 1.0.0.489,2007-10-16,0,,,False,True,True,0,0,0,0
202188.pdf,202,ok,51000,Acrobat Distiller 8.1.0 (Windows),PScript5.dll Version 5.2,2008-03-14,9,1,,False,True,True,0,0,0,0
202190.pdf,202,ok,125399,Acrobat Distiller 5.0.5 (Windows),PScript5.dll Version 5.2,2003-04-15,7,16,,False,True,True,0,0,0,0
202213.pdf,202,ok,64000,Corel PDF Engine Version 11.4.0.100,PrintServer130,2008-03-27,2,1,,False,False,True,0,0,0,0
202214.pdf,202,ok,88172,Corel PDF Engine Version 11.2.0.239,Print Server 120,2005-02-28,10,994,,False,False,True,0,2,0,2
202215.pdf,202,ok,63038,ECMP5,VERSACOMP R05.2,,8,,,False,False,True,0,0,0,0
202216.pdf,202,ok,41167,Acrobat Distiller 6.0.1 (Windows),Acrobat PDFMaker 6.0 for Word,2006-01-05,0,,,False,True,True,0,0,0,0
202217.pdf,202,ok,56309,Corel PDF Engine Version 11.321,Print Server 110,2007-09-26,9,238,,False,False,True,0,2,0,2
202218.pdf,202,ok,594348,Acrobat Distiller 7.0.5 (Windows),PScript5.dll Version 5.2.2,2008-05-06,0,,,False,True,True,0,0,0,0
202219.pdf,202,ok,50815,Acrobat Distiller 7.0 (Windows),PScript5.dll Version 5.2.2,2006-10-18,2,1206,,False,True,True,0,2,0,2
202220.pdf,202,ok,222027,Acrobat Distiller 5.0 (Windows),Acrobat PDFMaker 5.0 for Word,2003-01-16,1,134,,False,True,True,0,2,0,2
202221.pdf,202,ok,24626,Data Dynamics ActiveReports (tm) for .NET,Data Dynamics ActiveReports (tm) for .NET,2008-03-28,2,332,,False,False,True,0,2,0,2
202224.pdf,202,ok,4454982,Acrobat Distiller 5.0 (Windows),ACOMP.exe V010   11-MAY-2000,2002-11-22,4,389,,False,True,True,0,2,0,2
202225.pdf,202,ok,550468,Acrobat Distiller 7.0.5 (Windows),PScript5.dll Version 5.2.2,2006-09-18,1,176,,False,True,True,0,2,0,2
202232.pdf,202,ok,61946,Acrobat Distiller 7.0.5 (Windows),Acrobat PDFMaker 7.0.7 for Word,2006-03-11,1,115,,False,True,True,0,2,0,2
202235.pdf,202,ok,187483,Mac OS X 10.4.9 Quartz PDFContext,Safari,2007-05-10,3,1,,False,False,True,0,0,0,0
202264.pdf,202,ok,126278,Acrobat Distiller 5.0.5 (Windows),ADOBEPS4.DRV Version 4.50,2002-12-04,5,16,,False,True,True,0,0,0,0
202269.pdf,202,ok,3219862,Adobe PDF Library 7.0,Adobe InDesign CS2 (4.0.5),2007-09-04,5,2,,False,False,True,0,0,0,0
202287.pdf,202,ok,467576,Acrobat Distiller 2.1 for Windows,,1997-11-04,2,1132,,False,True,True,0,2,0,2
202290.pdf,202,ok,200823,Acrobat Distiller 5.0.5 (Windows),PScript5.dll Version 5.2,2003-11-18,0,,,False,True,True,0,0,0,0
202306.pdf,202,ok,358639,Acrobat Distiller 8.1.0 (Windows),Acrobat PDFMaker 8.1 for Word,2008-04-24,0,,,False,True,True,0,0,0,0
202335.pdf,202,ok,3206718,Adobe PDF Library 4.0,Acrobat Capture 3.0,2006-10-14,0,,,False,True,True,0,0,0,0
202364.pdf,202,ok,47765,Acrobat Distiller 4.0 for Windows,,2003-03-26,1,316,,False,True,True,0,2,0,2
202386.pdf,202,ok,109015,Acrobat PDFWriter 4.05 for Windows NT,Food Processing Sector 2005 .doc - Microsoft Word,2005-05-19,1,3,,False,True,True,0,0,0,0
202387.pdf,202,ok,312194,Acrobat Distiller 5.0.5 for Macintosh,Adobe PageMaker 7.0,2002-12-03,5,1,,False,True,True,0,0,0,0
202388.pdf,202,ok,194833,Acrobat Distiller 5.0 (Windows),PScript5.dll Version 5.2,2006-01-20,0,,,False,True,True,0,0,0,0
202389.pdf,202,ok,490434,Acrobat PDFWriter 4.05 for Windows NT,AS7067.doc - Microsoft Word,2007-11-08,2,1,,False,True,True,0,0,0,0
202390.pdf,202,ok,68420,Acrobat Distiller 7.0.5 (Windows),PScript5.dll Version 5.2.2,2007-07-31,11,44,,False,True,True,0,0,0,0
202391.pdf,202,ok,59262,Acrobat Distiller Command 3.02b for Solaris 2.3 and later (SPARC),OneVision Asura Version 3.4   (Windows Build 04.851),2003-04-25,0,,,False,True,True,0,0,0,0
202392.pdf,202,ok,767290,Acrobat Distiller 7.0.5 (Windows),Acrobat PDFMaker 7.0.5 for Word,2008-06-04,1,29,,False,True,True,0,0,0,0
202394.pdf,202,ok,616230,Acrobat Distiller 7.0 (Windows),Acrobat PDFMaker 7.0 for Word,2005-09-16,0,,,False,True,True,0,0,0,0
202396.pdf,202,ok,1682371,Acrobat Distiller 5.0 (Windows),Acrobat PDFMaker 5.0 for Word,2003-10-17,0,,,False,True,True,0,0,0,0
202397.pdf,202,ok,65460,Acrobat PDFWriter 3.02 for Windows NT,Microsoft Word,1999-03-16,11,19,,False,True,True,0,0,0,0
202435.pdf,202,ok,45578,Acrobat Distiller 6.0 (Windows),PScript5.dll Version 5.2,2005-12-06,12,1,,False,True,True,0,0,0,0
202449.pdf,202,ok,52170,Acrobat Distiller 4.0 for Windows,ACOMP.exe   WinVer 1c15  Aug 31 2005,2008-05-08,20,1,,False,True,True,0,0,0,0
202454.pdf,202,ok,25133,Acrobat Net Distiller 1.0 for Windows,,1998-07-31,10,5,,False,True,True,0,0,0,0
202456.pdf,202,ok,29655,Acrobat Distiller 5.0.5 (Windows),ACOMP.exe   WinVer 1c4  May 21 2004,2004-09-27,8,61,,False,True,True,0,2,0,2
202462.pdf,202,ok,27137,Acrobat Net Distiller 1.0 for Windows,,,5,,,False,True,True,0,0,0,0
202463.pdf,202,ok,28824,Acrobat PDFWriter 4.05 for Windows NT,rh5005.doc - Microsoft Word,2005-06-02,4,2,,False,True,True,0,0,0,0
202467.pdf,202,ok,33325,Acrobat PDFWriter 4.05 for Windows NT,CTN2004.doc.dot - Microsoft Word,2004-05-17,2,6,,False,True,True,0,0,0,0
202476.pdf,202,ok,938950,OpenOffice.org 1.1.3,Impress,2005-04-25,2,1,,False,True,True,0,0,0,0
202479.pdf,202,ok,38979,,,,0,,,False,False,True,0,0,0,0
202487.pdf,202,ok,1214630,Acrobat Net Distiller 1.0 for Windows,,,15,,,False,True,True,0,0,0,0
202365.pdf,202,ok,17913,Acrobat Distiller 8.0.0 (Windows),Acrobat PDFMaker 8.0 for Word,2007-07-12,0,,,False,True,True,0,0,0,0
202366.pdf,202,ok,26710,Acrobat PDFWriter 4.05 for Windows NT,RS6047 Trichinellosis 2005 report.doc - Microsoft Word,2006-08-29,3,1,,False,True,True,0,0,0,0
202367.pdf,202,ok,218183,Acrobat Distiller 6.0.1 (Windows),PScript5.dll Version 5.2.2,2006-07-26,0,,,False,True,True,0,0,0,0
202368.pdf,202,ok,1452453,Corel PDF Engine Version 9.654,POP90,2002-07-31,0,,,False,False,True,0,0,0,0
202369.pdf,202,ok,1395717,Acrobat Distiller 5.0.5 for Macintosh,QuarkXPressª 4.11: LaserWriter 8 8.7.1,2006-10-10,1,7,,False,True,True,0,0,0,0
202370.pdf,202,ok,581092,Acrobat Distiller 4.05 for Windows,,2002-11-30,7,0,,False,True,True,0,0,0,0
202372.pdf,202,ok,156392,Acrobat Distiller 5.0 (Windows),PScript5.dll Version 5.2,2003-05-30,1,33,,False,True,True,0,0,0,0
202373.pdf,202,ok,51933,Acrobat Distiller 4.0 for Windows,,2003-03-26,4,316,,False,True,True,0,2,0,2
202374.pdf,202,ok,179664,Acrobat Distiller 3.0 for Power Macintosh,QuarkXPress(R) 3.32,1997-06-06,0,,,False,True,True,0,0,0,0
202375.pdf,202,ok,981591,Acrobat Distiller 5.0.5 (Windows),PScript5.dll Version 5.2,2005-03-16,0,,,False,True,True,0,0,0,0
202376.pdf,202,ok,569797,Acrobat Distiller 7.0.5 (Windows),Acrobat PDFMaker 7.0.7 for Word,2007-05-14,2,0,,False,True,True,0,0,0,0
202377.pdf,202,ok,1749195,Acrobat Distiller 4.05 for Windows,Mecca III(TM) 9.0,2001-07-16,0,,,False,True,True,0,0,0,0
202378.pdf,202,ok,78446,Acrobat Distiller 7.0.5 (Windows),FrameMaker 7.1,1999-03-19,0,,,False,True,True,0,0,0,0
202379.pdf,202,ok,15926,Acrobat Distiller 3.01 for Windows,Windows NT 4.0,1999-07-28,9,185,,False,True,True,0,2,0,2
202380.pdf,202,ok,119910,Acrobat Distiller 3.0 for Windows,Mecca III(TM) 9.0,1997-04-01,0,,,False,True,True,0,0,0,0
202381.pdf,202,ok,1292813,Acrobat Distiller 6.0.1 (Windows),,2005-08-01,0,,,False,True,True,0,0,0,0
202382.pdf,202,ok,2451199,itext-paulo-138 (itextpdf.sf.net-lowagie.com),,2005-09-03,0,,,False,False,True,0,0,0,0
202383.pdf,202,ok,50135,Acrobat Distiller 4.05 for Windows,,2000-06-28,4,1444,,False,True,True,0,2,0,2
202384.pdf,202,ok,214062,Acrobat Distiller 5.0 (Windows),PScript5.dll Version 5.2,2002-11-27,0,,,False,True,True,0,0,0,0
202385.pdf,202,ok,114578,Corel PDF Engine Version 11.245,Print Server 110,2006-09-25,4,1,,False,False,True,0,0,0,0
184951.pdf,184,ok,59365,Acrobat Distiller 5.0.2 for Macintosh,PageMaker 7.0,2003-01-23,0,,,False,True,True,0,0,0,0
184953.pdf,184,ok,93604,Acrobat Distiller 5.0.5 for Macintosh,,2006-03-16,0,,,False,True,True,0,0,0,0
184955.pdf,184,ok,31519,Acrobat PDFWriter 3.02 for Windows,Microsoft Word ,,0,,,False,True,True,0,0,0,0
184957.pdf,184,ok,167467,Acrobat Distiller 6.0 (Windows),Acrobat PDFMaker 6.0 for Word,2004-02-25,5,47,,False,True,True,0,2,0,2
184958.pdf,184,ok,103004,Acrobat Distiller Command 3.01 for Solaris 2.3 and later (SPARC),Parlance Publisher 5.0/(Xyvision Postscript Formatter) 3.0 3,1998-07-13,0,,,False,True,True,0,0,0,0
184959.pdf,184,ok,142376,Adobe PDF Library 4.0,Acrobat Capture 3.0,2006-01-26,0,,,False,True,True,0,0,0,0
184960.pdf,184,ok,121777,Adobe PDF Library 4.0,Acrobat Capture 3.0,2006-01-27,0,,,False,True,True,0,0,0,0
184961.pdf,184,ok,4512167,Acrobat Distiller 5.0 (Windows),,2003-03-28,0,,,False,True,True,0,0,0,0
184962.pdf,184,ok,119300,Acrobat PDFWriter 3.02 for Windows NT,,2001-01-24,4,26,,False,True,True,0,0,0,0
184963.pdf,184,ok,146423,http://www.freepdfconvert.com,Neevia Document Converter 5.0.0,2007-04-03,0,,,False,False,True,0,0,0,0
184964.pdf,184,ok,5743,Acrobat PDFWriter 4.05 for Windows NT,DikaS03AB - Microsoft Word,2002-03-08,0,,,False,True,True,0,0,0,0
184965.pdf,184,ok,84235,Acrobat Distiller 5.0.5 (Windows),Acrobat PDFMaker 5.0 for Word,2003-01-16,0,,,False,True,True,0,0,0,0
184966.pdf,184,ok,49067,Acrobat Distiller 4.0 for Macintosh,,2001-05-19,5,123,,False,True,True,0,2,0,2
184967.pdf,184,ok,112114,Acrobat Distiller 5.0 (Windows),PScript5.dll Version 5.2,2004-06-30,0,,,False,True,True,0,0,0,0
184969.pdf,184,ok,827416,Acrobat PDFWriter 4.05 for Windows NT,EMSP73914_AnnualReport_2004 - Microsoft Word,2004-07-09,3,2,,False,True,True,0,0,0,0
184970.pdf,184,ok,808211,Adobe PDF Library 4.0,Acrobat Capture 3.0,2007-06-14,0,,,False,True,True,0,0,0,0
184971.pdf,184,ok,608204,Acrobat PDFWriter 3.0 for Power Macintosh,Microsoft Word,1997-09-02,0,,,False,True,True,0,0,0,0
184972.pdf,184,ok,3702187,捁潲慢⁴⸴㔰䤠灭牯⁴汐杵椭潦楗摮睯s,Acrobat 4.05 Capture Plug-in for Windows,2000-06-29,1,1892,,False,True,True,0,2,0,2
184973.pdf,184,ok,93060,Acrobat Distiller 7.0.5 (Windows),Acrobat PDFMaker 7.0.5 for PowerPoint,2007-08-07,0,,,False,True,True,0,0,0,0
184974.pdf,184,ok,1113934,Acrobat Distiller 3.01 for Power Macintosh,QuarkXPressª 4.04: LaserWriter 8 8.6,1999-08-18,0,,,False,True,True,0,0,0,0
202539.pdf,202,ok,105733,Acrobat Distiller 6.0.1 (Windows),Acrobat PDFMaker 6.0 for Word,2007-08-14,5,30,,False,True,True,0,0,0,0
202540.pdf,202,ok,2058683,Mac OS X 10.4.11 Quartz PDFContext,Adobe InDesign CS3 (5.0.3),2008-10-22,1,22,,False,False,True,0,0,0,0
202541.pdf,202,ok,84142,Acrobat Distiller 5.0 (Windows),PScript5.dll Version 5.2,2002-05-30,1,1,,False,True,True,0,0,0,0
202542.pdf,202,ok,122471,Acrobat Distiller 5.0.5 for Macintosh,Textures.: LaserWriter 8 8.6.5,2005-02-17,2,795,,False,True,True,0,2,0,2
202543.pdf,202,ok,119859,dvips + ESP Ghostscript 815.02,LaTeX with beamer class version 3.06,2007-06-10,6,0,,False,False,True,0,0,0,0
202544.pdf,202,ok,375923,Acrobat Distiller 5.0.5 (Windows),PScript5.dll Version 5.2,2007-08-10,5,127,,False,True,True,0,2,0,2
202545.pdf,202,ok,74852,Acrobat Distiller 5.0.5 (Windows),PScript5.dll Version 5.2,2003-08-07,0,,,False,True,True,0,0,0,0
202546.pdf,202,ok,135901,JAWS PDFLib,activePDF Server,2006-02-21,11,5,,False,False,True,0,0,0,0
202547.pdf,202,ok,4726309,Adobe PDF Library 5.0,Adobe InDesign 2.0.2,2004-03-30,0,,,False,False,True,0,0,0,0
202548.pdf,202,ok,4660735,Adobe PDF Library 7.0,Adobe InDesign CS2 (4.0.4),2006-10-25,0,,,False,False,True,0,0,0,0
202549.pdf,202,ok,252505,AFPL Ghostscript 7.0,(Microsoft Word: LaserWriter 8 8.7),,0,,,False,True,True,0,0,0,0
202550.pdf,202,ok,107217,Acrobat Distiller 5.0 (Windows),ADOBEPS4.DRV Version 4.50,2002-09-17,0,,,False,True,True,0,0,0,0
202551.pdf,202,ok,54194,Acrobat PDFWriter 3.02 for Windows NT,,2000-09-26,0,,,False,True,True,0,0,0,0
202552.pdf,202,ok,261384,Acrobat Distiller 4.05 for Macintosh,QuarkXPressª 4.11: LaserWriter 8 8.7,2001-09-17,0,,,False,True,True,0,0,0,0
202553.pdf,202,ok,175977,ScanSoft PDF Create! 3,Microsoft Word - Crack Cocaine.11-13-07,2007-11-14,4,2,,False,True,True,0,0,0,0
202554.pdf,202,ok,59177,Acrobat PDFWriter 3.03 for Windows,Acrobat Capture Server 2.01,,1,,,False,True,True,0,0,0,0
202555.pdf,202,ok,73866,Acrobat Distiller 4.0 for Windows,Microsoft Word 9.0,2001-07-26,0,,,False,True,True,0,0,0,0
202557.pdf,202,ok,158224,Acrobat Distiller 8.0.0 (Windows),PScript5.dll Version 5.2.2,2009-01-15,3,12,,False,True,True,0,0,0,0
202558.pdf,202,ok,4695,Data Dynamics ActiveReports (tm) for .NET,Data Dynamics ActiveReports (tm) for .NET,2009-01-30,1,43,,False,False,True,0,0,0,0
202559.pdf,202,ok,97732,APSetDocInfo 1.9 Solaris SPDF_1086 Aug  7 2003,,2002-10-28,4,757,,False,False,True,0,2,0,2
202560.pdf,202,ok,43081,Acrobat Distiller Command 3.01 for Solaris 2.3 and later (SPARC),Windows NT 4.0,,1,,,False,True,True,0,0,0,0
202561.pdf,202,ok,18115,Acrobat Distiller 6.0 (Windows),Acrobat PDFMaker 6.0 for Word,2005-04-29,0,,,False,True,True,0,0,0,0
202562.pdf,202,ok,1314440,Acrobat Distiller 5.0 (Windows),PScript5.dll Version 5.2,2004-07-01,0,,,False,True,True,0,0,0,0
202563.pdf,202,ok,101788,Acrobat Distiller 6.0 (Windows),PScript5.dll Version 5.2,2004-07-02,1,3,,False,True,True,0,0,0,0
202564.pdf,202,ok,92199,Acrobat PDFWriter 4.05 for Windows NT,Word Pro - [05-7-USCC-cover.lwp],2005-07-13,2,7,,False,True,True,0,0,0,0
202565.pdf,202,ok,269499,Acrobat Distiller 5.0 (Windows),PScript5.dll Version 5.2,2003-09-09,1,761,,False,True,True,0,2,0,2
202566.pdf,202,ok,31017,Acrobat Distiller 8.1.0 (Windows),Acrobat PDFMaker 8.1 for Word,2008-04-16,0,,,False,True,True,0,0,0,0
202567.pdf,202,ok,57684,Acrobat PDFWriter 4.05 for Windows NT,CH3135AsparagusVoluntary.doc - Microsoft Word,2004-01-05,2,6,,False,True,True,0,0,0,0
202568.pdf,202,ok,41877,Acrobat Distiller 6.0 (Windows),PageMaker 7.0,2005-06-06,0,,,False,True,True,0,0,0,0
202569.pdf,202,ok,5002123,Acrobat PDFWriter 3.0.1 for Power Macintosh,Microsoft PowerPoint,1999-12-21,0,,,False,True,True,0,0,0,0
202743.pdf,202,ok,1167048,dvips + AFPL Ghostscript 8.11,LaTeX with hyperref and prosper packages,2006-03-03,0,,,False,False,True,0,0,0,0
202744.pdf,202,ok,56440,Acrobat Distiller 5.0 (Windows),PScript5.dll Version 5.2,2005-02-15,0,,,False,True,True,0,0,0,0
202745.pdf,202,ok,845592,Acrobat Distiller 4.05 for Sparc Solaris,,2006-04-13,3,98,,False,True,True,0,2,0,2
202746.pdf,202,ok,580944,Acrobat Distiller 5.0.5 (Windows),Acrobat PDFMaker 5.0 for Word,2002-12-05,0,,,False,True,True,0,0,0,0
202747.pdf,202,ok,144091,Acrobat Distiller 5.0 (Windows),PScript5.dll Version 5.2,2005-08-31,1,386,,False,True,True,0,2,0,2
202748.pdf,202,ok,572177,Acrobat Distiller 6.0 (Windows),Acrobat PDFMaker 6.0 for PowerPoint,2007-07-20,0,,,False,True,True,0,0,0,0
202749.pdf,202,ok,754262,GNU Ghostscript 7.07,,,1,,,False,False,True,0,0,0,0
202750.pdf,202,ok,1041441,AFPL Ghostscript 7.0,dvips(k) 5.86 Copyright 1999 Radical Eye Software,,0,,,False,False,True,0,0,0,0
202751.pdf,202,ok,1136913,AFPL Ghostscript 7.0,dvips(k) 5.86 Copyright 1999 Radical Eye Software,,0,,,False,False,True,0,0,0,0
202752.pdf,202,ok,309593,ESP Ghostscript 815.03,,2008-05-27,0,,,False,False,True,0,0,0,0
202895.pdf,202,ok,467578,Acrobat Distiller 5.0 (Windows),Acrobat PDFMaker 5.0 for Word,2003-12-30,9,1,,False,True,True,0,0,0,0
202896.pdf,202,ok,1011321,Acrobat Distiller 5.0.5 (Windows),Acrobat PDFMaker 5.0 for Word,2004-08-23,4,11,,False,True,True,0,0,0,0
202902.pdf,202,ok,37992,Acrobat Distiller 7.0.5 (Windows),Acrobat PDFMaker 7.0.5 for Word,2006-08-31,0,,,False,True,True,0,0,0,0
202905.pdf,202,ok,481454,Acrobat Distiller 3.0 for Power Macintosh,Adobe PageMaker 6.5,1997-06-04,0,,,False,True,True,0,0,0,0
202943.pdf,202,ok,948946,Acrobat PDFWriter 4.0 for Windows,Microsoft Word ,2003-02-04,1,914,,False,True,True,0,2,0,2
202944.pdf,202,ok,19180,Acrobat Distiller 7.0 (Windows),Acrobat PDFMaker 7.0 for Word,2008-09-08,0,,,False,True,True,0,0,0,0
202946.pdf,202,ok,944428,Acrobat PDFWriter 4.0 for Windows,Microsoft Word ,2003-01-30,0,,,False,True,True,0,0,0,0
202947.pdf,202,ok,20219,Corel PDF Engine Version 10.517,Print Server 100,2006-05-25,0,,,False,False,True,0,0,0,0
202948.pdf,202,ok,497620,Acrobat Distiller 4.05 for Windows,,2003-02-04,0,,,False,True,True,0,0,0,0
202949.pdf,202,ok,251855,Acrobat Distiller 5.0.5 (Windows),Acrobat PDFMaker 5.0 for Word,2006-06-19,11,9,,False,True,True,0,0,0,0
202950.pdf,202,ok,33169,Acrobat Distiller 7.0.5 (Windows),PScript5.dll Version 5.2,2007-01-30,3,6,,False,True,True,0,0,0,0
202951.pdf,202,ok,155505,Acrobat Distiller 3.0 for Power Macintosh,QuarkXPress(R) 3.32,1997-06-06,0,,,False,True,True,0,0,0,0
202952.pdf,202,ok,988250,Acrobat Distiller 7.0 (Windows),PScript5.dll Version 5.2,2007-12-17,0,,,False,True,True,0,0,0,0
202953.pdf,202,ok,54344,Acrobat Distiller 6.0 (Windows),Acrobat PDFMaker 6.0 for Word,2006-09-12,2,1769,,False,True,True,0,2,0,2
202954.pdf,202,ok,74909,Corel PDF Engine Version 10.990,Print Server 100,2005-08-26,7,1129,,False,False,True,0,2,0,2
202955.pdf,202,ok,48678,Acrobat Distiller 5.0.5 (Windows),ACOMP.exe   WinVer 1c15  Aug 31 2005,2008-09-30,11,0,,False,True,True,0,0,0,0
202956.pdf,202,ok,222689,Acrobat Distiller 7.0.5 (Windows),PScript5.dll Version 5.2.2,2008-11-17,1,70,,False,True,True,0,2,0,2
202957.pdf,202,ok,1175425,,ESRI ArcMap 9.2.2.1350,2007-07-19,5,28,,False,False,True,0,0,0,0
202958.pdf,202,ok,51412,Acrobat PDF Writer 1.0 for Macintosh ,QuarkXPress™,,0,,,False,True,True,0,0,0,0
202959.pdf,202,ok,86883,Acrobat Distiller 7.0.5 (Windows),Acrobat PDFMaker 7.0.7 for Word,2007-02-20,0,,,False,True,True,0,0,0,0
202960.pdf,202,ok,126630,Acrobat Distiller 5.0 (Windows),Adobe PageMaker 6.52,2003-02-05,0,,,False,True,True,0,0,0,0
202961.pdf,202,ok,3341571,Acrobat Distiller 7.0.5 (Windows),,2007-06-07,2,13,,False,True,True,0,0,0,0
202962.pdf,202,ok,551270,Acrobat Distiller 6.0.1 (Windows),PScript5.dll Version 5.2.2,2006-06-22,0,,,False,True,True,0,0,0,0
202963.pdf,202,ok,13969,www.inputsolutions.com,"Input Solutions, Inc.",2004-04-22,0,,,False,False,True,0,0,0,0
202964.pdf,202,ok,24386,Acrobat Net Distiller 1.0 for Windows,,1998-05-20,4,1,,False,True,True,0,0,0,0
202965.pdf,202,ok,5068322,Mac OS X 10.4.8 Quartz PDFContext,,2006-10-18,0,,,False,False,True,0,0,0,0
202966.pdf,202,ok,90238,Acrobat Distiller 6.0.1 (Windows),Acrobat PDFMaker 6.0 for Word,2006-01-11,0,,,False,True,True,0,0,0,0
202967.pdf,202,ok,63371,Acrobat PDFWriter 5.0 for Windows NT,Poverty.doc - Microsoft Word,2007-08-03,0,,,False,True,True,0,0,0,0
202968.pdf,202,ok,93039,Acrobat Distiller 4.05 for Windows,,2001-02-28,0,,,False,True,True,0,0,0,0
202969.pdf,202,ok,399851,Acrobat Distiller 8.0.0 (Windows),PScript5.dll Version 5.2,2008-11-06,1,8416,,False,True,True,0,2,0,2
202970.pdf,202,ok,8152,Acrobat PDFWriter 5.0 for Windows NT,das neue Botschaftsgebaeude.doc - Microsoft Word,2004-08-30,0,,,False,True,True,0,0,0,0
202971.pdf,202,ok,2123511,Acrobat Distiller 3.01 for Windows,FrameMaker 5.5.2L11a,1999-04-19,0,,,False,True,True,0,0,0,0
202972.pdf,202,ok,940084,Acrobat Distiller 5.0.5 (Windows),Adobe PageMaker 7.0,2006-08-21,0,,,False,True,True,0,0,0,0
202973.pdf,202,ok,2791376,,,2006-02-16,0,,,False,False,True,0,0,0,0
202974.pdf,202,ok,5950720,Pixel Translations (PIXPDF Ver.4.2.48),,2002-02-26,0,,,False,False,True,0,0,0,0
202975.pdf,202,ok,55125,Acrobat Distiller 4.0 for Windows,,2002-10-31,22,1,,False,True,True,0,0,0,0
202986.pdf,202,ok,62120,Acrobat Distiller 3.01 for Power Macintosh,Adobe PageMaker 6.52,1998-07-13,0,,,False,True,True,0,0,0,0
202997.pdf,202,ok,925757,Acrobat PDFWriter 3.0 for Windows,Capture Reviewer 2.01,,18,,,False,True,True,0,0,0,0
334000.pdf,334,ok,73199,Acrobat Elements 7.0.5 (Windows),PScript5.dll Version 5.2.2,2006-11-16,40,2147,,False,True,True,0,2,0,2
334001.pdf,334,ok,134827,Acrobat Distiller Command 3.02b for Solaris 2.3 and later (SPARC),Textures.: LaserWriter 8 8.5.1,2003-11-17,0,,,False,True,True,0,0,0,0
334002.pdf,334,ok,120199,Acrobat Distiller 7.0 (Windows),Acrobat PDFMaker 7.0 for Word,2006-08-14,11,1,,False,True,True,0,0,0,0
334006.pdf,334,ok,39059,,XPP,2002-05-03,0,,,False,False,True,0,0,0,0
334007.pdf,334,ok,23689,Acrobat PDFWriter 3.02 for Windows,M:OpinHoldingEUSTACE.TCM.WPD,,2,,,False,True,True,0,0,0,0
334008.pdf,334,ok,128508,JAWS PDFLib,activePDF Server,2007-08-03,6,4,,False,False,True,0,0,0,0
334009.pdf,334,ok,562932,JAWS PDFLib,activePDF Server,2007-09-14,11,3,,False,False,True,0,0,0,0
334010.pdf,334,ok,69321,Corel PDF Engine Version 11.4.0.100,PrintServer130,2007-11-07,0,,,False,False,True,0,0,0,0
334011.pdf,334,ok,81239,Corel PDF Engine Version 9.654,POP90,2001-12-10,7,4,invoice:bill to,True,False,True,0,0,0,0
334012.pdf,334,ok,100889,Corel PDF Engine Version 11.4.0.100,PrintServer130,2007-11-09,2,2,statement:account statement,True,False,True,0,0,0,0
334013.pdf,334,ok,40265,Acrobat Distiller 6.0 (Windows),Acrobat PDFMaker 6.0 for Word,2005-12-08,0,,,False,True,True,0,0,0,0
334014.pdf,334,ok,2082439,Acrobat Distiller 6.0.1 (Windows),Acrobat PDFMaker 6.0 for PowerPoint,2008-09-05,0,,,False,True,True,0,0,0,0
334015.pdf,334,ok,200628,Acrobat Distiller 6.0 (Windows),PScript5.dll Version 5.2,2004-08-03,1,5,,False,True,True,0,0,0,0
334016.pdf,334,ok,16782,Acrobat PDFWriter 4.05 for Windows NT,02prb69 - Microsoft Word,2003-08-19,4,5,,False,True,True,0,0,0,0
334017.pdf,334,ok,23158,Acrobat Distiller 6.0 (Windows),PScript5.dll Version 5.2.2,2005-07-14,1,2,,False,True,True,0,0,0,0
334018.pdf,334,ok,456356, ,,2008-08-14,5,2,,False,False,True,0,0,0,0
334019.pdf,334,ok,60528,Acrobat Distiller 6.0.1 (Windows),PScript5.dll Version 5.2.2,2006-06-27,9,5,,False,True,True,0,0,0,0
334020.pdf,334,ok,141674,Adobe Acrobat 6.0.2 Paper Capture,FUJITSU fi-4340Cd,2005-06-27,0,,,False,True,True,0,0,0,0
334021.pdf,334,ok,17778,Acrobat Distiller 4.05 for Windows,,2000-06-28,4,938,,False,True,True,0,2,0,2
334023.pdf,334,ok,192463,Acrobat Distiller 5.0 (Windows),PScript5.dll Version 5.2,2006-02-24,19,1,,False,True,True,0,0,0,0
334024.pdf,334,ok,310698,Acrobat Distiller 5.0.5 (Windows),AdobePS5.dll Version 5.2.2,2005-09-20,2,432,,False,True,True,0,2,0,2
334025.pdf,334,ok,44611,Acrobat Distiller 8.1.0 (Windows),PScript5.dll Version 5.2.2,2008-04-10,2,7,,False,True,True,0,0,0,0
202753.pdf,202,ok,563634,Acrobat Distiller 5.0 (Windows),,2007-07-27,0,,,False,True,True,0,0,0,0
202754.pdf,202,ok,2165988,Adobe Acrobat 8.1 Paper Capture Plug-in,WIA-hp scanjet 5590,2007-10-03,0,,,False,True,True,0,0,0,0
202755.pdf,202,ok,595055,AFPL Ghostscript 8.13,dvips(k) 5.92b Copyright 2002 Radical Eye Software,2007-04-30,2,1,,False,False,True,0,0,0,0
202756.pdf,202,ok,348988,Acrobat Distiller 5.0.5 (Windows),Acrobat PDFMaker 5.0 for Word,2005-02-01,0,,,False,True,True,0,0,0,0
202757.pdf,202,ok,802530,Acrobat Distiller 4.05 for Sparc Solaris,,2006-04-13,3,185,,False,True,True,0,2,0,2
202758.pdf,202,ok,49921,Acrobat Distiller Command 3.0 for Solaris 2.3 and later (SPARC),,,3,,,False,True,True,0,0,0,0
202759.pdf,202,ok,239226,Acrobat Distiller 4.05 for Windows,Elsevier Science,2003-05-27,0,,,False,True,True,0,0,0,0
202760.pdf,202,ok,1002644,pdfTeX-1.10b,LaTeX with beamer class version 3.01,2005-10-27,1,0,,False,False,True,0,0,0,0
202761.pdf,202,ok,100991,Acrobat Distiller 3.01 for Windows,Windows NT 4.0,,0,,,False,True,True,0,0,0,0
202762.pdf,202,ok,140031,AFPL Ghostscript CVS PRE-RELEASE 7.10,dvips(k) 5.86 Copyright 1999 Radical Eye Software,2002-01-08,3,1,,False,False,True,0,0,0,0
202763.pdf,202,ok,264032,Adobe PDF Library 7.0,Adobe InDesign CS2 (4.0.2),2006-07-18,0,,,False,False,True,0,0,0,0
202764.pdf,202,ok,3907663,Acrobat Distiller 5.0 (Windows),Acrobat PDFMaker 5.0 for Word,2004-01-07,0,,,False,True,True,0,0,0,0
202765.pdf,202,ok,303147,Adobe PDF Library 5.0,Adobe InDesign 2.0.2,2005-08-11,0,,,False,False,True,0,0,0,0
202766.pdf,202,ok,2217677,Acrobat Distiller 5.0.5 (Windows),PScript5.dll Version 5.2.2,2008-05-09,0,,,False,True,True,0,0,0,0
202767.pdf,202,ok,312107,Acrobat Distiller 6.0 (Windows),dvips(k) 5.86 Copyright 1999 Radical Eye Software,2003-11-20,0,,,False,True,True,0,0,0,0
202768.pdf,202,ok,166439,Acrobat Distiller Command 3.0 for Solaris 2.3 and later (SPARC),"dvips 5.54 Copyright 1986, 1994 Radical Eye Software",1998-06-24,5,1,,False,True,True,0,0,0,0
202769.pdf,202,ok,575881,Acrobat Distiller 6.0.1 (Windows),PScript5.dll Version 5.2,2006-02-23,1,51,,False,True,True,0,2,0,2
202770.pdf,202,ok,1133921,dvips + ESP Ghostscript 815.02,LaTeX with beamer class version 3.06,2007-04-27,1,2,,False,False,True,0,0,0,0
202771.pdf,202,ok,285165,Acrobat Distiller 5.0.5 (Windows),Acrobat PDFMaker 5.0 for PowerPoint,2004-04-19,0,,,False,True,True,0,0,0,0
202772.pdf,202,ok,2779282,Mac OS X 10.4.10 Quartz PDFContext,Apple Keynote 3.0.2,2007-10-08,0,,,False,False,True,0,0,0,0
334108.pdf,334,ok,1461566, , ,,0,,,False,False,True,0,0,0,0
334115.pdf,334,ok,41525,Acrobat PDFWriter 4.0 for Windows NT,Adobe PageMaker 7.0 - [G:\Knowledge-Tst-Info\Rigger\FAA-G-8082-15A.pmd],2003-10-15,1,1,,False,True,True,0,0,0,0
334120.pdf,334,ok,529759,Acrobat Distiller 4.05 for Macintosh,Pscript.dll Version 5.0,2002-10-03,0,,,False,True,True,0,0,0,0
334123.pdf,334,ok,150385,Acrobat Distiller 6.0.1 (Windows),Acrobat PDFMaker 6.0 for Word,2008-04-24,0,,,False,True,True,0,0,0,0
334130.pdf,334,ok,43768,Acrobat Distiller 7.0 (Windows),Acrobat PDFMaker 7.0 for Word,2006-09-25,24,1,,False,True,True,0,0,0,0
334131.pdf,334,ok,56733,Acrobat Distiller 5.0.5 (Windows),ACOMP.exe   WinVer 1c15  Aug 31 2005,2008-09-19,14,1,,False,True,True,0,0,0,0
334132.pdf,334,ok,56437,Acrobat Distiller 4.0 for Windows,ACOMP.exe   WinVer 1c15  Aug 31 2005,2007-09-25,15,1,,False,True,True,0,0,0,0
334133.pdf,334,ok,484287,Acrobat Distiller 7.0.5 (Windows),Acrobat PDFMaker 7.0.7 for Word,2006-09-29,2,12,,False,True,True,0,0,0,0
334134.pdf,334,ok,43367,Acrobat Distiller 4.0 for Windows,,2003-09-16,41,26,,False,True,True,0,0,0,0
334135.pdf,334,ok,28742,Acrobat Distiller 4.0 for Windows,,2003-09-16,8,0,,False,True,True,0,0,0,0
334136.pdf,334,ok,108561,Acrobat Distiller 7.0 (Windows),Acrobat PDFMaker 7.0 for Word,2006-10-30,14,20,,False,True,True,0,0,0,0
334137.pdf,334,ok,2537371,Acrobat Distiller 7.0.5 (Windows),PScript5.dll Version 5.2,2008-12-09,2,20,,False,True,True,0,0,0,0
334138.pdf,334,ok,15913,Acrobat Distiller 7.0.5 (Windows),PScript5.dll Version 5.2.2,2008-10-09,1,5,,False,True,True,0,0,0,0
334139.pdf,334,ok,19212,Acrobat Distiller 7.0.5 (Windows),PScript5.dll Version 5.2.2,2008-10-16,1,5,,False,True,True,0,0,0,0
334140.pdf,334,ok,43612,Acrobat Distiller 5.0 (Windows),PScript5.dll Version 5.2,2005-06-14,0,,,False,True,True,0,0,0,0
334141.pdf,334,ok,2532532,Acrobat Distiller 4.05 for Windows,Microsoft Word 9.0,2004-07-29,1,1,,False,True,True,0,0,0,0
334142.pdf,334,ok,1637370,Acrobat Distiller 5.0.5 for Macintosh,QuarkXPress(tm) 5.01,2003-06-11,1,1350,,False,True,True,0,2,0,2
334143.pdf,334,ok,125484,Acrobat Distiller 7.0.5 (Windows),Acrobat PDFMaker 7.0.5 for Excel,2006-12-19,1,6,invoice:amount due,True,True,True,2,0,1,3
334144.pdf,334,ok,2052346,"Etymon PJ 1.10, Copyright (C) 1998-2000 Etymon Systems, Inc. <http://www.etymon.com/>. ",,2003-07-15,3,1,,False,False,True,0,0,0,0
334145.pdf,334,ok,124235,Acrobat Distiller 3.01 for Windows,ACOMP.exe V010   15-DEC-99,1999-12-27,14,7,,False,True,True,0,0,0,0
202497.pdf,202,ok,2744623,GNU Ghostscript 7.07,,,5,,,False,False,True,0,0,0,0
202501.pdf,202,ok,258071,GPL Ghostscript 8.61,PDFCreator Version 0.9.5,2009-02-18,20,203,,False,False,True,0,2,0,2
202503.pdf,202,ok,21798,Acrobat Net Distiller 1.0 for Windows,,1999-12-13,11,407,,False,True,True,0,2,0,2
202505.pdf,202,ok,192115,JAWS PDFLib,activePDF Server,2005-03-22,11,7,,False,False,True,0,0,0,0
202518.pdf,202,ok,42162,Acrobat Distiller 7.0.5 (Windows),Acrobat PDFMaker 7.0.7 for Excel,2007-03-30,0,,,False,True,True,0,0,0,0
202519.pdf,202,ok,231532,Mac OS X 10.4.8 Quartz PDFContext,Word,2006-11-06,0,,,False,True,True,0,0,0,0
202520.pdf,202,ok,46667,Acrobat Distiller 6.0 (Windows),PScript5.dll Version 5.2,2004-11-30,0,,,False,True,True,0,0,0,0
202522.pdf,202,ok,386944,GPL Ghostscript 8.61,PDFCreator Version 0.9.5,2009-02-18,20,19,,False,False,True,0,0,0,0
202525.pdf,202,ok,642041,Acrobat Distiller 8.1.0 (Windows),PScript5.dll Version 5.2,2007-11-01,1,4,,False,True,True,0,0,0,0
202526.pdf,202,ok,32658,Acrobat Distiller 5.0 (Windows),PScript5.dll Version 5.2,2003-06-25,0,,,False,True,True,0,0,0,0
202527.pdf,202,ok,213218,Acrobat PDFWriter 3.03 for Windows,Acrobat Capture Server 2.01,,0,,,False,True,True,0,0,0,0
202528.pdf,202,ok,21826,Acrobat Distiller 7.0.5 (Windows),PScript5.dll Version 5.2.2,2007-05-23,3,658,,False,True,True,0,2,0,2
202529.pdf,202,ok,284846,Acrobat Distiller 5.0 (Windows),PScript5.dll Version 5.2,2004-11-30,1,1,,False,True,True,0,0,0,0
202531.pdf,202,ok,27310,Acrobat Distiller 5.0 (Windows),PScript5.dll Version 5.2,2005-01-26,0,,,False,True,True,0,0,0,0
202532.pdf,202,ok,968247,Acrobat Distiller 8.1.0 (Windows),Acrobat PDFMaker 8.1 for PowerPoint,2008-04-03,0,,,False,True,True,0,0,0,0
202533.pdf,202,ok,10536,Acrobat PDFWriter 5.0 for Windows NT,WordPerfect 9 - [C:\Documents and Settings\Frank Baker\My Documents\CMECF Training Manuals\scanningguidelines.wpd (unmodified)],2002-10-29,0,,,False,True,True,0,0,0,0
202534.pdf,202,ok,108984,Acrobat Distiller 5.0 (Windows),Acrobat PDFMaker 5.0 for Word,2004-07-15,1,3,,False,True,True,0,0,0,0
202535.pdf,202,ok,119717,Acrobat Distiller 5.0.5 (Windows),Acrobat PDFMaker 5.0 for Word,2002-05-08,0,,,False,True,True,0,0,0,0
202536.pdf,202,ok,364951,Acrobat Distiller 4.05 for Windows,,2002-04-06,0,,,False,True,True,0,0,0,0
202538.pdf,202,ok,11719849,,,,0,,,False,False,True,0,0,0,0
202774.pdf,202,ok,1468629,Acrobat Distiller 7.0.5 (Windows),,2008-01-10,26,1,,False,True,True,0,0,0,0
202775.pdf,202,ok,1227114,GNU Ghostscript 7.07,,,1,,,False,False,True,0,0,0,0
202776.pdf,202,ok,112892,Acrobat Distiller 4.05 for Windows,,2001-05-22,0,,,False,True,True,0,0,0,0
202777.pdf,202,ok,617715,Adobe PDF Library 8.0,Adobe InDesign CS3 (5.0.2),2008-05-12,0,,,False,False,True,0,0,0,0
202778.pdf,202,ok,1773294,Acrobat Distiller 5.0 (Windows),3B2 Total Publishing System 7.51c/W,2003-07-31,0,,,False,True,True,0,0,0,0
202779.pdf,202,ok,1364703,Acrobat Distiller 8.1.0 (Macintosh),Word: cgpdftops CUPS filter,2008-07-23,0,,,False,True,True,0,0,0,0
202780.pdf,202,ok,106208,Acrobat Distiller Command 2.1 for SunOS/Solaris (SPARC),,1997-04-16,0,,,False,True,True,0,0,0,0
202781.pdf,202,ok,59658,Acrobat Distiller 7.0 (Windows),PScript5.dll Version 5.2,2005-08-17,21,1603,,False,True,True,0,2,0,2
202783.pdf,202,ok,305079,Acrobat Distiller 5.0.5 (Windows),Acrobat PDFMaker 5.0 for Word,2003-04-04,3,3,,False,True,True,0,0,0,0
202784.pdf,202,ok,229746,Acrobat Distiller 7.0.5 (Windows),Acrobat PDFMaker 7.0.7 for Word,2007-10-26,3,665,,False,True,True,0,2,0,2
202785.pdf,202,ok,175361,dvips + AFPL Ghostscript CVS PRE-RELEASE 8.01,LaTeX with hyperref package,2003-08-03,2,0,,False,False,True,0,0,0,0
202786.pdf,202,ok,27017,GNU Ghostscript 7.07,,,11,,,False,False,True,0,0,0,0
202787.pdf,202,ok,45937,Acrobat Distiller 3.01 for Power Macintosh,Microsoft Word: LaserWriter 8 8.4.2,1998-03-18,0,,,False,True,True,0,0,0,0
202788.pdf,202,ok,50695,Acrobat Distiller 3.01 for Windows,Windows NT 4.0,,0,,,False,True,True,0,0,0,0
202789.pdf,202,ok,1209926,AFPL Ghostscript 8.11,PScript5.dll Version 5.2.2,2006-02-16,0,,,False,False,True,0,0,0,0
202790.pdf,202,ok,85371,pdfTeX-1.11b,TeX,2004-04-28,1,15,,False,False,True,0,0,0,0
202791.pdf,202,ok,1519467,Acrobat Distiller 8.1.0 (Windows),PScript5.dll Version 5.2.2,2008-08-20,1,0,,False,True,True,0,0,0,0
202792.pdf,202,ok,1372568,Mac OS X 10.4.6 Quartz PDFContext,PowerPoint,2006-06-15,0,,,False,False,True,0,0,0,0
202874.pdf,202,ok,12669,Acrobat Distiller 6.0 (Windows),PScript5.dll Version 5.2.2,2005-03-11,3,1,letter:to whom it may concern,True,True,True,2,0,1,3
202894.pdf,202,ok,764704,Adobe PDF Library 7.0,Adobe InDesign CS2 (4.0.2),2006-03-14,0,,,False,False,True,0,0,0,0
334333.pdf,334,ok,660799,Acrobat PDFWriter 5.0 for Windows NT,Microlithography2004Paper.doc - Microsoft Word,2004-01-26,0,,,False,True,True,0,0,0,0
334335.pdf,334,ok,50392,Acrobat Distiller 7.0.5 (Windows),Acrobat PDFMaker 7.0.7 for Word,2007-08-21,2,3795,,False,True,True,0,2,0,2
334336.pdf,334,ok,949830,Acrobat PDFWriter 4.0 for Windows,Microsoft PowerPoint ,1999-12-03,0,,,False,True,True,0,0,0,0
334337.pdf,334,ok,1239136,Acrobat Distiller 5.0.5 for Macintosh,Word: cgpdftops CUPS filter,2004-01-30,0,,,False,True,True,0,0,0,0
334338.pdf,334,ok,294340,Acrobat PDFWriter 4.05 for Windows NT,UIC-JRP Report 2.doc - Microsoft Word,2003-01-15,0,,,False,True,True,0,0,0,0
334339.pdf,334,ok,386375,dvips + Distiller,LaTeX with hyperref package,2002-11-10,0,,,False,False,True,0,0,0,0
334340.pdf,334,ok,1618482,Acrobat Distiller 6.0.1 (Windows),Acrobat PDFMaker 6.0 for PowerPoint,2005-04-12,0,,,False,True,True,0,0,0,0
334341.pdf,334,ok,15986,Acrobat PDFWriter 4.0 for Windows,prt573v2                          [PFP#790035076],1999-07-01,2,822,,False,True,True,0,2,0,2
334342.pdf,334,ok,2002572,Acrobat Distiller 8.0.0 (Windows),Acrobat PDFMaker 8.0 for PowerPoint,2008-01-04,0,,,False,True,True,0,0,0,0
334343.pdf,334,ok,600093,Acrobat Distiller 5.0.5 (Windows),PScript5.dll Version 5.2,2004-06-03,1,11,,False,True,True,0,0,0,0
334344.pdf,334,ok,390819,Acrobat Distiller 5.0.5 (Windows),Acrobat PDFMaker 5.0 for Word,2004-02-05,1,35,,False,True,True,0,0,0,0
334346.pdf,334,ok,1211233,Acrobat Distiller 7.0.5 (Windows),Acrobat PDFMaker 7.0.5 for Word,2005-12-06,0,,,False,True,True,0,0,0,0
334347.pdf,334,ok,1038543,Acrobat Distiller 6.0 (Windows),Acrobat PDFMaker 6.0 for PowerPoint,2005-04-29,1,25,,False,True,True,0,0,0,0
334348.pdf,334,ok,2478234,Acrobat Distiller 6.0 (Windows),FrameMaker 7.1,2005-12-01,1,58,,False,True,True,0,2,0,2
334349.pdf,334,ok,78875,Acrobat Distiller 8.1.0 (Windows),Acrobat PDFMaker 8.1 for Word,2008-11-07,14,5,,False,True,True,0,0,0,0
334350.pdf,334,ok,158510,Aladdin Ghostscript 6.01,,,0,,,False,False,True,0,0,0,0
334351.pdf,334,ok,111810,Acrobat Distiller 5.0 (Windows),Paragon Publishing Systems,2002-04-19,1,19,,False,True,True,0,0,0,0
334353.pdf,334,ok,3572180,Mac OS X 10.3.4 Quartz PDFContext,PowerPoint,2004-07-25,0,,,False,False,True,0,0,0,0
334354.pdf,334,ok,5229873,Acrobat Distiller 6.0.1 (Windows),PScript5.dll Version 5.2.2,2006-02-21,0,,,False,True,True,0,0,0,0
334355.pdf,334,ok,65937,Acrobat Distiller 6.0 (Windows),PScript5.dll Version 5.2.2,2005-09-19,0,,,False,True,True,0,0,0,0
334356.pdf,334,ok,50040,Acrobat PDFWriter 5.0 for Windows NT,1924F.DOC - Microsoft Word,2003-01-17,0,,,False,True,True,0,0,0,0
334357.pdf,334,ok,62374,Corel PDF Engine Version 9.654,POP90,2001-11-09,0,,,False,False,True,0,0,0,0
334358.pdf,334,ok,286360,Acrobat Distiller 4.0 for Windows,,2002-03-01,1,1,,False,True,True,0,0,0,0
334360.pdf,334,ok,52482,Acrobat Distiller 7.0.5 (Windows),,2007-02-16,0,,,False,True,True,0,0,0,0
334361.pdf,334,ok,32889,Acrobat Distiller 5.0.5 (Windows),ACOMP.exe   WinVer 1b43  jul 14 2003,2004-05-13,4,266,,False,True,True,0,2,0,2
334362.pdf,334,ok,37097,Acrobat Distiller 4.0 for Windows,,2003-12-05,2,942,,False,True,True,0,2,0,2
334363.pdf,334,ok,4798,Acrobat PDFWriter 3.02 for Windows,Microsoft Word ,,0,,,False,True,True,0,0,0,0
334364.pdf,334,ok,2984796,Acrobat Distiller 6.0 (Windows),FrameMaker 7.1,2005-12-01,1,58,,False,True,True,0,2,0,2
334365.pdf,334,ok,140716,Acrobat Distiller 2.1b5 for Windows,,1997-05-04,1,207,,False,True,True,0,2,0,2
334477.pdf,334,ok,287679,Adobe PDF Library 4.0,Acrobat Capture 3.0,2003-04-25,1,6828,,False,True,True,0,2,0,2
334490.pdf,334,ok,97260,Acrobat Distiller 6.0.1 (Windows),PScript5.dll Version 5.2,2006-03-08,25,1,,False,True,True,0,0,0,0
334496.pdf,334,ok,110678,Acrobat Distiller 5.0.5 (Windows),PScript5.dll Version 5.2,2003-12-05,1,2,,False,True,True,0,0,0,0
334498.pdf,334,ok,20952,Acrobat PDFWriter 5.0 for Windows,,2004-03-18,12,1,invoice:amount due,True,True,True,2,0,1,3
334503.pdf,334,ok,152072,Acrobat Distiller 7.0.5 (Windows),PScript5.dll Version 5.2.2,2007-08-13,1,5,,False,True,True,0,0,0,0
334504.pdf,334,ok,89275,Corel PDF Engine Version 11.4.0.100,PrintServer130,2007-09-07,0,,,False,False,True,0,0,0,0
334505.pdf,334,ok,2823759,Adobe PDF Library 6.0,Adobe InDesign CS (3.0.1),2004-08-16,0,,,False,False,True,0,0,0,0
334508.pdf,334,ok,1076925,Acrobat Distiller 6.0 (Windows),PScript5.dll Version 5.2,2004-06-18,7,9,,False,True,True,0,0,0,0
334509.pdf,334,ok,81746,Acrobat Distiller 7.0.5 (Windows),PScript5.dll Version 5.2,2005-11-21,11,46,,False,True,True,0,2,0,2
334510.pdf,334,ok,95768,Acrobat Distiller 4.05 for Windows,,2000-06-30,3,1600,,False,True,True,0,2,0,2
334515.pdf,334,ok,243483,Acrobat PDFWriter 3.03 for Windows NT,Capture Reviewer 2.01,1998-10-14,0,,,False,True,True,0,0,0,0
334146.pdf,334,ok,32286,Acrobat Distiller 6.0 (Windows),PScript5.dll Version 5.2,2005-07-21,14,2,,False,True,True,0,0,0,0
334147.pdf,334,ok,142378,Acrobat Distiller 4.0 for Windows,ACOMP.exe   WinVer 1c14  Aug 18 2005,2005-09-15,12,1,,False,True,True,0,0,0,0
334148.pdf,334,ok,1117307,Adobe PDF Library 6.0,Adobe InDesign CS (3.0),2005-06-07,4,1,,False,False,True,0,0,0,0
334149.pdf,334,ok,2346226,Acrobat Distiller 5.0.5 (Windows),PScript5.dll Version 5.2,2002-11-11,0,,,False,True,True,0,0,0,0
334150.pdf,334,ok,4161515,Acrobat PDFWriter 4.05 for Windows,Microsoft Word ,2000-05-01,0,,,False,True,True,0,0,0,0
334151.pdf,334,ok,48201,Acrobat Distiller 4.0 for Windows,,2004-12-03,5,11,,False,True,True,0,0,0,0
334152.pdf,334,ok,400677,Acrobat Distiller 6.0 (Windows),Acrobat PDFMaker 6.0 for Word,2007-04-06,6,17,certificate:certificate no,True,True,True,2,0,1,3
334153.pdf,334,ok,2347457,Adobe PDF Library 7.0,Adobe InDesign CS2 (4.0),2006-09-05,0,,,False,False,True,0,0,0,0
334156.pdf,334,ok,52415,Acrobat Distiller 8.1.0 (Windows),PScript5.dll Version 5.2,2007-07-18,1,1,,False,True,True,0,0,0,0
334169.pdf,334,ok,581376,Acrobat Distiller 3.01 for Power Macintosh,QuarkXPressª: LaserWriter 8 8.4.2,1998-01-10,5,1,,False,True,True,0,0,0,0
334174.pdf,334,ok,2263174,Acrobat Distiller 5.0 (Windows),PScript5.dll Version 5.2.2,2005-06-17,5,3,,False,True,True,0,0,0,0
334201.pdf,334,ok,368265,Acrobat Distiller 5.0.5 (Windows),ACOMP.exe   WinVer 1a.0  Mar 21 2002,2005-06-30,12,1,,False,True,True,0,0,0,0
334258.pdf,334,ok,574122,Adobe PDF Library 7.0,Adobe InDesign CS2 (4.0),2008-03-13,34,0,,False,False,True,0,0,0,0
334259.pdf,334,ok,601769,Jaws PDF Creator v3.4.1834,PScript5.dll Version 5.2.2,2006-08-15,7,1,,False,False,True,0,0,0,0
334261.pdf,334,ok,94643,Acrobat Net Distiller 1.0 for Windows,,1999-07-02,11,9,,False,True,True,0,0,0,0
334328.pdf,334,ok,340159,Acrobat PDFWriter 3.02 for Windows NT,,1998-07-21,1,12,,False,True,True,0,0,0,0
334329.pdf,334,ok,193248,Acrobat Distiller 3.01 for Windows,"dvipsk 5.58f Copyright 1986, 1994 Radical Eye Software",1997-09-23,0,,,False,True,True,0,0,0,0
334330.pdf,334,ok,100072,Acrobat Distiller 4.05 for Windows,PScript5.dll Version 5.2.2,2007-03-08,0,,,False,True,True,0,0,0,0
334331.pdf,334,ok,333347,Acrobat Distiller 7.0.5 (Windows),Acrobat PDFMaker 7.0.5 for Word,2006-01-20,1,106,,False,True,True,0,2,0,2
334332.pdf,334,ok,610130,Acrobat PDFWriter 4.05 for Windows NT,UIC-JRP Report 1.doc - Microsoft Word,2003-05-27,0,,,False,True,True,0,0,0,0
334535.pdf,334,ok,5666,Acrobat Distiller 5.0.5 (Windows),PScript5.dll Version 5.2,2003-04-15,0,,,False,True,True,0,0,0,0
334536.pdf,334,ok,5543,Acrobat Distiller 5.0.5 (Windows),PScript5.dll Version 5.2,2003-04-15,0,,,False,True,True,0,0,0,0
334537.pdf,334,ok,641806,Acrobat Distiller 6.0.1 (Windows),Acrobat PDFMaker 6.0 for Word,2006-03-08,6,1,,False,True,True,0,0,0,0
334538.pdf,334,ok,468949,Acrobat Distiller 8.1.0 (Windows),Acrobat PDFMaker 8.1 for Word,2007-12-20,6,1,,False,True,True,0,0,0,0
334539.pdf,334,ok,982957,Acrobat Distiller 7.0.5 (Windows),Acrobat PDFMaker 7.0.7 for Word,2007-05-15,0,,,False,True,True,0,0,0,0
334540.pdf,334,ok,1047344,QuarkXPress(tm) 6.52,QuarkXPress(tm) 6.52,2007-02-06,0,,,False,False,True,0,0,0,0
334541.pdf,334,ok,1225239,Acrobat Distiller 6.0 (Windows),Acrobat PDFMaker 6.0 for Word,2007-10-24,0,,,False,True,True,0,0,0,0
334559.pdf,334,ok,38375,Acrobat Distiller 4.0 for Windows,,2003-07-04,12,2,,False,True,True,0,0,0,0
334576.pdf,334,ok,507693,ScanSoft PDF Create! 3,ADR Newsletter Spring 2008.pub,2008-07-09,0,,,False,False,True,0,0,0,0
334577.pdf,334,ok,73835,Acrobat Distiller 5.0.5 for Macintosh,QuarkXPress. 4.11: AdobePS 8.8.0 (301),2004-06-29,0,,,False,True,True,0,0,0,0
334579.pdf,334,ok,123115,Acrobat Distiller 6.0 (Windows),PScript5.dll Version 5.2.2,2008-06-02,5,1,,False,True,True,0,0,0,0
334580.pdf,334,ok,344881,Acrobat Distiller 6.0.1 (Windows),PScript5.dll Version 5.2.2,2008-08-18,5,1,,False,True,True,0,0,0,0
334581.pdf,334,ok,21771,Acrobat Distiller 6.0.1 (Windows),PScript5.dll Version 5.2,2006-04-05,7,5,,False,True,True,0,0,0,0
334582.pdf,334,ok,54375,Acrobat Distiller 7.0 (Windows),Acrobat PDFMaker 7.0 for Word,2006-01-09,0,,,False,True,True,0,0,0,0
334583.pdf,334,ok,1626110,Acrobat Distiller 3.02 for Power Macintosh,QuarkXPressª: LaserWriter 8 8.5.1,1999-03-16,0,,,False,True,True,0,0,0,0
334584.pdf,334,ok,128520,Acrobat Distiller 5.0.5 (Windows),Acrobat PDFMaker 5.0 for Word,2003-01-14,3,27,,False,True,True,0,0,0,0
334585.pdf,334,ok,36256,Acrobat Distiller 6.0 (Windows),PScript5.dll Version 5.2.2,2005-01-13,6,2,,False,True,True,0,0,0,0
334586.pdf,334,ok,28733,GPL Ghostscript 8.15,PScript5.dll Version 5.2.2,2008-02-13,1,1,,False,False,True,0,0,0,0
334587.pdf,334,ok,109715,AFPL Ghostscript 8.0,dvips(k) 5.94a Copyright 2003 Radical Eye Software,2006-01-25,0,,,False,False,True,0,0,0,0
334588.pdf,334,ok,67863,Corel PDF Engine Version 11.4.0.100,PrintServer130,2008-11-20,0,,,False,False,True,0,0,0,0
334589.pdf,334,ok,896493,Mac OS X 10.3.9 Quartz PDFContext,Word,2006-01-24,3,20,,False,True,True,0,0,0,0
334590.pdf,334,ok,195912,Acrobat Distiller 8.0.0 (Windows),Acrobat PDFMaker 8.0 for Word,2007-07-05,17,162,,False,True,True,0,2,0,2
334591.pdf,334,ok,479739,Acrobat Distiller 6.0.1 (Windows),Adobe InDesign CS2 (4.0.2),2006-03-27,3,41,,False,True,True,0,0,0,0
334592.pdf,334,ok,135664,Acrobat Distiller 6.0 (Windows),Acrobat PDFMaker 6.0 for Word,2006-04-24,3,78,,False,True,True,0,2,0,2
334594.pdf,334,ok,100409,Acrobat PDFWriter 3.02 for Windows,Microsoft Word ,,1,,,False,True,True,0,0,0,0
334595.pdf,334,ok,703969,Acrobat Distiller 6.0.1 for Macintosh,QuarkXPress(R) 4.1,2005-09-28,0,,,False,True,True,0,0,0,0
334596.pdf,334,ok,64271,Acrobat PDFWriter 5.0 for Windows NT,PW3_Greenspan_LNG.doc - Microsoft Word,2003-06-11,1,1,,False,True,True,0,0,0,0
334598.pdf,334,ok,13444,Acrobat PDFWriter 4.0 for Windows,Microsoft Word ,2000-02-22,1,53,,False,True,True,0,2,0,2
334599.pdf,334,ok,363389,Acrobat Distiller 5.0 (Windows),Acrobat 5.0 Paper Capture Plug-in for Windows,2003-05-14,0,,,False,True,True,0,0,0,0
334600.pdf,334,ok,12819,Acrobat Distiller 2.1 for Windows,,1997-10-08,3,9,,False,True,True,0,0,0,0
334601.pdf,334,ok,35368,Acrobat Distiller 8.1.0 (Windows),PScript5.dll Version 5.2,2008-07-21,5,1,,False,True,True,0,0,0,0
334602.pdf,334,ok,727590,,ABBYY FineReader,2004-02-23,2,6880,,False,False,True,0,2,0,2
334603.pdf,334,ok,12807803,Acrobat Distiller 5.0.5 (Windows),Acrobat PDFMaker 5.0 for Word,2003-02-20,0,,,False,True,True,0,0,0,0
334604.pdf,334,ok,2787934,Acrobat Distiller 4.0 for Windows,,2002-02-18,0,,,False,True,True,0,0,0,0
334605.pdf,334,ok,1343350,Acrobat Distiller 6.0 (Windows),PScript5.dll Version 5.2,2005-12-29,0,,,False,True,True,0,0,0,0
334606.pdf,334,ok,92498,Acrobat Distiller 5.0.5 (Windows),ADOBEPS4.DRV Version 4.50,2003-08-18,3,2,,False,True,True,0,0,0,0
334634.pdf,334,ok,530980,Acrobat Distiller 5.0.5 (Windows),Acrobat PDFMaker 5.0 for Word,2002-10-21,0,,,False,True,True,0,0,0,0
334637.pdf,334,ok,169908,www.adlibsoftware.com:EXS3181-Windows 2003:TNG,MS Office Data (Ole & BIFF),2008-01-25,4,94,,False,False,True,0,2,0,2
334640.pdf,334,ok,19157,,,,21,,,False,False,True,0,0,0,0
334662.pdf,334,ok,23035,Acrobat Distiller 5.0.5 (Windows),ACOMP.exe   WinVer 1b43  jul 14 2003,2004-01-07,9,29,,False,True,True,0,0,0,0
334668.pdf,334,ok,331752,CaptureSDK ENGine V12.5 http://www.scansoft.com,CaptureSDK ENGine V12.5 http://www.scansoft.com,2007-05-16,0,,,False,False,True,0,0,0,0
334670.pdf,334,ok,28283,Acrobat Distiller 8.1.0 (Windows),Acrobat PDFMaker 8.1 for Word,2008-09-15,0,,,False,True,True,0,0,0,0
334671.pdf,334,ok,49584,Acrobat Distiller 4.0 for Windows,ACOMP.exe   WinVer 1c15  Aug 31 2005,2007-11-28,13,0,,False,True,True,0,0,0,0
334673.pdf,334,ok,56759,Acrobat Distiller 6.0.1 (Windows),PScript5.dll Version 5.2.2,2005-11-17,0,,,False,True,True,0,0,0,0
334674.pdf,334,ok,27568,Acrobat Distiller 4.0 for Windows,,2003-04-29,9,0,,False,True,True,0,0,0,0
334675.pdf,334,ok,197430,Adobe PDF Library 8.0,Adobe InDesign CS3 (5.0.2),2008-07-22,0,,,False,False,True,0,0,0,0
334676.pdf,334,ok,285227,Acrobat Distiller 6.0.1 (Windows),Acrobat PDFMaker 6.0 for Word,2005-06-28,1,2861,,False,True,True,0,2,0,2
334677.pdf,334,ok,443124,Acrobat Distiller Server 5.0.5 (Sparc Solaris),dvips(k) 5.86 Copyright 1999 Radical Eye Software,2005-02-24,4,40,medical:microscopic examination,True,True,True,2,0,1,3
334697.pdf,334,ok,64298,Acrobat Distiller 6.0 (Windows),FrameMaker 7.0,2005-01-26,9,268,,False,True,True,0,2,0,2
334706.pdf,334,ok,53075,Acrobat PDFWriter 4.05 for Windows,RTO West Draft Line List as of June 22 2001 .xls,2001-06-26,6,5,,False,True,True,0,0,0,0
334719.pdf,334,ok,751688,Acrobat Net Distiller 1.0 for Windows,,1999-03-04,8,87,,False,True,True,0,2,0,2
334723.pdf,334,ok,2805090,GNU Ghostscript 7.07,,,5,,,False,False,True,0,0,0,0
334729.pdf,334,ok,96271,Acrobat PDFWriter 4.05 for Windows NT,Gain4628.doc - Microsoft Word,2004-11-03,1,5,,False,True,True,0,0,0,0
334747.pdf,334,ok,1652845,Acrobat Distiller 4.0 for Macintosh,QuarkXPressª 4.1: AdobePS 8.7.0,2001-10-12,1,569,,False,True,True,0,2,0,2
334757.pdf,334,ok,3646696,Acrobat Distiller 7.0.5 (Windows),PScript5.dll Version 5.2.2,2008-06-03,1,1951,,False,True,True,0,2,0,2
334763.pdf,334,ok,306708,Acrobat Distiller Command 3.01 for Solaris 2.3 and later (SPARC),FrameMaker xm5.5.3L15a,1998-10-19,0,,,False,True,True,0,0,0,0
334764.pdf,334,ok,137337,Acrobat PDFWriter 3.0.1 for Power Macintosh,Microsoft Word,1999-06-21,0,,,False,True,True,0,0,0,0
334765.pdf,334,ok,158318,Acrobat Distiller 7.0.5 (Windows),Acrobat PDFMaker 7.0.5 for PowerPoint,2006-02-23,1,9,,False,True,True,0,0,0,0
334766.pdf,334,ok,222929,Acrobat Distiller 6.0 (Windows),Acrobat PDFMaker 6.0 for Word,2006-06-05,0,,,False,True,True,0,0,0,0
334767.pdf,334,ok,3677977,Acrobat Distiller 6.0.1 (Windows),PScript5.dll Version 5.2.2,2005-02-24,2,39,,False,True,True,0,0,0,0
334026.pdf,334,ok,3223679,Acrobat Distiller 6.0 (Windows),PScript5.dll Version 5.2.2,2005-02-04,0,,,False,True,True,0,0,0,0
334027.pdf,334,ok,134958,Acrobat Distiller 6.0.1 (Windows),Acrobat PDFMaker 6.0 for Word,2007-02-12,29,1,,False,True,True,0,0,0,0
334028.pdf,334,ok,48763,Acrobat Distiller 5.0 (Windows),PScript5.dll Version 5.2,2002-10-30,0,,,False,True,True,0,0,0,0
334029.pdf,334,ok,617850,Acrobat Distiller 7.0 (Windows),Acrobat PDFMaker 7.0 for PowerPoint,2006-09-20,1,2,,False,True,True,0,0,0,0
334031.pdf,334,ok,615316,Acrobat Distiller 7.0.5 (Windows),Acrobat PDFMaker 7.0.7 for Word,2007-07-24,6,193,,False,True,True,0,2,0,2
334032.pdf,334,ok,3143948,Acrobat Web Capture 4.0,,2003-03-25,2,1833,,False,True,True,0,2,0,2
334033.pdf,334,ok,172430,Microsoft® Office Word 2007,Microsoft® Office Word 2007,2008-11-07,3,100,,False,True,True,0,2,0,2
334034.pdf,334,ok,12240,,,,7,,,False,False,True,0,0,0,0
334035.pdf,334,ok,5716,Acrobat Distiller 5.0.5 (Windows),PScript5.dll Version 5.2,2003-04-17,0,,,False,True,True,0,0,0,0
334036.pdf,334,ok,71213,Acrobat PDFWriter 4.0 for Windows NT,Acrobat Capture Server 2.01,2001-05-10,0,,,False,True,True,0,0,0,0
334038.pdf,334,ok,2016200,Acrobat Distiller 5.0 (Windows),ADOBEPS4.DRV Version 4.50,2002-06-04,5,1,,False,True,True,0,0,0,0
334039.pdf,334,ok,1748,null,,,3,,,False,False,True,0,0,0,0
334040.pdf,334,ok,48320,Acrobat PDFWriter 5.0 for Windows NT,WordPerfect 10 - [C:\Documents and Settings\James Fleming\Desktop\To Be Posted\Westfalia.wpd],2004-01-12,10,77,,False,True,True,0,2,0,2
334042.pdf,334,ok,119980,Hewlett-Packard Intelligent Scanning Technology3,,2007-04-20,0,,,False,False,True,0,0,0,0
334044.pdf,334,ok,5107988,Acrobat Distiller 5.0 (Windows),ArcInfo 8.1                (Fri Mar 16 11:31:29 PST 2001),2003-10-09,0,,,False,True,True,0,0,0,0
334045.pdf,334,ok,9160,Oracle PDF driver,Developer 2000,,0,,,False,False,True,0,0,0,0
334046.pdf,334,ok,73102,Acrobat Distiller 7.0.5 (Windows),PScript5.dll Version 5.2,2007-06-06,1,20,,False,True,True,0,0,0,0
334048.pdf,334,ok,1630947,Acrobat Distiller 7.0 (Windows),Acrobat PDFMaker 7.0 for Word,2006-03-14,0,,,False,True,True,0,0,0,0
334050.pdf,334,ok,537703,QuarkXPress(tm) 6.5,QuarkXPress(tm) 6.5,2006-03-15,0,,,False,False,True,0,0,0,0
334051.pdf,334,ok,20564,Acrobat PDFWriter 4.0 for Windows,Microsoft Word ,2001-04-03,5,1277,,False,True,True,0,2,0,2
